"地段位置或門牌","交易年月","總價","單價","總面積","型態","屋齡","樓別.樓高","交易標的","建物現況格局","車位總價","主要用途","lon","lat"
"臺北市松山區延壽街４０巷４號三樓","111/10/26",600,50.8,11.8,"華廈(10層含以下有電梯)",31,"三層/六層","房地(土地+建物)","4房2廳2衛","0","住家用",121.5675739,25.0568074
"臺北市松山區延壽街３５６巷４弄４號五樓","111/10/16",1965,71.6,27.45,"公寓(5樓含以下無電梯)",44,"五層/五層","房地(土地+建物)","3房2廳1衛","0","住家用",121.5588295,25.0558244
"臺北市松山區八德路四段６３６號十樓之１","111/10/13",1915,99.2,19.3,"住宅大樓(11層含以上有電梯)",9,"十層/十三層","房地(土地+建物)+車位","1房1廳1衛","0","住家用",121.5746776,25.0498065
"臺北市松山區光復北路６８號十一樓之１","111/10/13",2116,80,26.45,"住宅大樓(11層含以上有電梯)",38,"十一層/十二層","房地(土地+建物)","2房2廳2衛","0","住家用",121.5576487,25.0500905
"臺北市松山區民生東路四段９７巷２弄２５號三樓","111/10/12",2500,77.7,32.19,"公寓(5樓含以下無電梯)",55,"三層/四層","房地(土地+建物)","3房2廳2衛","0","住家用",121.553545,25.058673
"臺北市松山區五常街２８１巷３號四樓","111/10/07",720,31,23.26,"公寓(5樓含以下無電梯)",49,"四層,陽臺/四層","房地(土地+建物)","3房2廳1衛","0","住家用",121.545195,25.0645903
"臺北市松山區八德路三段９９巷８號四樓","111/10/06",3240,78,41.56,"公寓(5樓含以下無電梯)",52,"四層/四層","房地(土地+建物)","5房1廳5衛","0","住家用",121.5534876,25.0488449
"臺北市松山區民生東路五段１５１號九樓之１６","111/10/04",2000,85.5,23.4,"住宅大樓(11層含以上有電梯)",40,"九層/十五層","房地(土地+建物)","2房2廳1衛","0","住家用",121.5621851,25.059107
"臺北市松山區寶清街２１號七樓之４","111/10/01",1530,63,24.28,"住宅大樓(11層含以上有電梯)",33,"七層/十一層","房地(土地+建物)","2房2廳1衛","0","住家用",121.5689631,25.0501746
"臺北市松山區健康路３３５號二樓","111/10/01",2638,62.2,42.41,"住宅大樓(11層含以上有電梯)",23,"二層/十二層","房地(土地+建物)","2房2廳2衛","0","住家用",121.5677907,25.054551
"臺北市松山區民生東路五段１７０號九樓","111/09/30",2900,80.9,35.86,"住宅大樓(11層含以上有電梯)",43,"九層/十五層","房地(土地+建物)","3房2廳2衛","0","住家用",121.56277300000001,25.058306
"臺北市松山區健康路２３號十樓","111/09/29",4370,79.7,54.81,"住宅大樓(11層含以上有電梯)",25,"十層/十三層","房地(土地+建物)+車位","3房2廳2衛","0","住家用",121.5534572,25.0535563
"臺北市松山區三民路２９巷３號十一樓之２","111/09/28",5388,85.9,62.7,"住宅大樓(11層含以上有電梯)",18,"十一層/十三層","房地(土地+建物)+車位","4房2廳2衛","0","住家用",121.5630181,25.0544555
"臺北市松山區延壽街４４０號三樓","111/09/27",3536,88.7,39.88,"公寓(5樓含以下無電梯)",44,"三層/五層","房地(土地+建物)","3房2廳2衛","0","住家用",121.5557835,25.0561539
"臺北市松山區復興北路２０７號十四樓之２","111/09/27",2000,63.6,31.44,"住宅大樓(11層含以上有電梯)",37,"十四層/十四層","房地(土地+建物)","3房2廳2衛","0","住家用",121.5444179,25.0562925
"臺北市松山區民生東路五段１４６號四樓","111/09/26",1200,26.5,45.37,"住宅大樓(11層含以上有電梯)",42,"四層/十二層","房地(土地+建物)","3房2廳2衛","0","住家用",121.5620303,25.0584727
"臺北市松山區八德路四段２４５巷３２弄３５號二樓之３","111/09/26",1310,70,18.71,"華廈(10層含以下有電梯)",31,"二層/七層","房地(土地+建物)","1房1廳2衛","0","住家用",121.5634915,25.049847
"臺北市松山區民族東路６８５之１號","111/09/25",3000,66.8,44.91,"華廈(10層含以下有電梯)",41,"一層/七層","房地(土地+建物)","4房2廳2衛","0","住家用",121.5481423,25.0635532
"臺北市松山區敦化北路４巷３１號三樓之４","111/09/24",1550,91.2,16.99,"華廈(10層含以下有電梯)",52,"三層,露台/七層","房地(土地+建物)","2房1廳1衛","0","住家用",121.5455589,25.0500981
"臺北市松山區光復北路２３０巷２９號六樓","111/09/22",3626,86.6,41.85,"住宅大樓(11層含以上有電梯)",20,"六層/十八層","房地(土地+建物)","2房2廳1衛","0","住家用",121.5542196,25.056009800000002
"臺北市松山區民族東路６６６號二樓","111/09/22",1875,63.5,29.52,"公寓(5樓含以下無電梯)",51,"二層/四層","房地(土地+建物)","3房2廳1衛","0","住家用",121.546296,25.0648435
"臺北市松山區新東街２９號六樓","111/09/21",3350,68.5,48.88,"華廈(10層含以下有電梯)",41,"六層/七層","房地(土地+建物)+車位","3房2廳2衛","0","住家用",121.565587,25.0586859
"臺北市松山區敦化北路４巷３１號四樓之４","111/09/21",1200,77.6,15.47,"華廈(10層含以下有電梯)",52,"四層,露台/七層","房地(土地+建物)","1房1廳1衛","0","住家用",121.5455589,25.0500981
"臺北市松山區寶清街３４號七樓","111/09/20",2650,66.1,40.12,"華廈(10層含以下有電梯)",38,"七層/七層","房地(土地+建物)","2房2廳2衛","0","住家用",121.5677319,25.0526985
"臺北市松山區三民路４３巷１０號八樓","111/09/20",5150,85.4,60.33,"住宅大樓(11層含以上有電梯)",16,"八層/十四層","房地(土地+建物)+車位","3房2廳2衛","0","住家用",121.560883,25.056409
"臺北市松山區民權東路五段８號三樓","111/09/20",1350,65.6,20.57,"公寓(5樓含以下無電梯)",47,"三層,陽臺/四層","房地(土地+建物)","3房2廳1衛","0","住家用",121.5633828,25.0627102
"臺北市松山區敦化南路一段１００巷５１號二樓","111/09/18",2800,96.8,28.92,"華廈(10層含以下有電梯)",39,"二層/七層","房地(土地+建物)","3房2廳2衛","0","住家用",121.5469664,25.0460963
"臺北市松山區民生東路五段１３７巷６弄４３號四樓","111/09/18",2370,81.4,29.13,"公寓(5樓含以下無電梯)",51,"四層,陽臺/四層","房地(土地+建物)","2房2廳1衛","0","住家用",121.5630591,25.0604978
"臺北市松山區八德路二段３６６巷２３號三樓","111/09/17",2250,81.8,27.5,"公寓(5樓含以下無電梯)",52,"三層/四層","房地(土地+建物)","3房2廳1衛","0","住家用",121.5460587,25.0469836
"臺北市松山區光復北路３號九樓","111/09/16",2700,65.7,41.09,"住宅大樓(11層含以上有電梯)",34,"九層/十二層","房地(土地+建物)","3房2廳2衛","0","住家用",121.5580315,25.0486226
"臺北市松山區寶清街１８之５號二樓","111/09/15",1152,52,22.17,"公寓(5樓含以下無電梯)",48,"二層,陽臺/四層","房地(土地+建物)","2房1廳1衛","0","住家用",121.568567,25.0503339
"臺北市松山區南京東路五段４１５號五樓之５","111/09/12",1410,78.6,17.95,"住宅大樓(11層含以上有電梯)",5,"五層/十二層","房地(土地+建物)","2房1廳1衛","0","住家用",121.5706214,25.0517043
"臺北市松山區敦化北路１４５巷２３弄３號二樓之２","111/09/12",2900,133.3,21.75,"華廈(10層含以下有電梯)",1,"二層/七層","房地(土地+建物)","1房1廳1衛","0","住家用",121.5502681,25.0533503
"臺北市松山區民生東路五段２５７號四樓","111/09/12",950,87.8,10.82,"華廈(10層含以下有電梯)",16,"四層/八層","房地(土地+建物)","1房1廳1衛","0","住家用",121.568677,25.059455
"臺北市松山區民生東路五段１３７巷２之１號四樓","111/09/11",2360,69.5,33.98,"公寓(5樓含以下無電梯)",45,"四層/五層","房地(土地+建物)","3房2廳2衛","0","住家用",121.5616249,25.0590597
"臺北市松山區光復南路５８巷２號三樓","111/09/11",6810,104.4,83.09,"住宅大樓(11層含以上有電梯)",10,"三層/十二層","房地(土地+建物)+車位","4房2廳2衛","600","住家用",121.5570474,25.0455124
"臺北市松山區民生東路四段１１２巷７弄１９號六樓","111/09/10",3200,85.6,37.37,"華廈(10層含以下有電梯)",42,"六層/七層","房地(土地+建物)","3房2廳2衛","0","住家用",121.5552748,25.0567242
"臺北市松山區八德路二段３４８號二樓之８","111/09/09",1615,112.5,14.36,"住宅大樓(11層含以上有電梯)",14,"二層/十四層","房地(土地+建物)","1房1廳1衛","0","住家用",121.545363,25.0476012
"臺北市松山區三民路１３６巷３８號五樓","111/09/09",1005,78.9,12.74,"華廈(10層含以下有電梯)",50,"五層/六層","房地(土地+建物)","1房1廳1衛","0","住家用",121.5638911,25.0604367
"臺北市松山區民生東路四段７５巷５弄５號八樓","111/09/09",1030,115.4,8.92,"華廈(10層含以下有電梯)",14,"八層/八層","房地(土地+建物)","1房1廳1衛","0","住家用",121.5510342,25.058731
"臺北市松山區敦化北路２４４巷３１號五樓","111/09/08",3960,82.3,48.1,"華廈(10層含以下有電梯)",43,"五層/七層","房地(土地+建物)","4房2廳2衛","0","住家用",121.5478233,25.0610089
"臺北市松山區延壽街３３０巷７弄１２號四樓","111/09/07",3380,81,41.7,"華廈(10層含以下有電梯)",30,"四層/七層","房地(土地+建物)+車位","2房2廳1衛","0","住家用",121.5615243,25.0552793
"臺北市松山區南京東路五段２３９號五樓之７","111/09/07",1470,87.7,16.77,"住宅大樓(11層含以上有電梯)",13,"五層/十八層","房地(土地+建物)","1房1廳1衛","0","住家用",121.564802,25.051652
"臺北市松山區八德路三段１６５號三樓之３","111/09/07",3503,130,26.94,"住宅大樓(11層含以上有電梯)",4,"三層/十五層","房地(土地+建物)","2房2廳2衛","0","住家用",121.5553172,25.0481771
"臺北市松山區富錦街４８９號四樓","111/09/06",3000,63.1,47.54,"公寓(5樓含以下無電梯)",49,"四層,陽臺/四層","房地(土地+建物)","3房2廳2衛","0","住家用",121.5636437,25.0610681
"臺北市松山區八德路四段４４５號四樓之３","111/09/05",846,79.9,10.59,"住宅大樓(11層含以上有電梯)",15,"四層/十四層","房地(土地+建物)","1房1廳1衛","0","住家用",121.57042,25.049921
"臺北市松山區富錦街５８１巷１５號三樓","111/09/05",2270,67.9,33.45,"公寓(5樓含以下無電梯)",52,"三層/四層","房地(土地+建物)","3房2廳2衛","0","住家用",121.566467,25.062663
"臺北市松山區南京東路三段３０３巷１４弄７號","111/09/04",2900,86.1,33.68,"華廈(10層含以下有電梯)",38,"一層/七層","房地(土地+建物)","4房2廳2衛","0","住家用",121.547158,25.0536956
"臺北市松山區敦化北路１４５巷２３弄５號二樓","111/09/04",2900,133.3,21.75,"華廈(10層含以下有電梯)",1,"二層/七層","房地(土地+建物)","1房1廳1衛","0","住家用",121.550351,25.0530168
"臺北市松山區八德路四段４４５號五樓之９","111/09/03",980,86.1,11.38,"住宅大樓(11層含以上有電梯)",15,"五層/十四層","房地(土地+建物)","1房1廳1衛","0","住家用",121.57042,25.049921
"臺北市松山區光復北路１８２號十樓","111/09/03",4528,74.7,60.63,"住宅大樓(11層含以上有電梯)",25,"十層/十五層","房地(土地+建物)","3房2廳2衛","0","住家用",121.556126,25.0538312
"臺北市松山區三民路２９巷１號十一樓之２","111/09/02",5100,80.3,63.53,"住宅大樓(11層含以上有電梯)",18,"十一層/十四層","房地(土地+建物)+車位","4房2廳2衛","300","住家用",121.5633499,25.0546349
"臺北市松山區八德路三段１２巷５７弄３９之２號四樓","111/09/02",244,27.5,8.88,"華廈(10層含以下有電梯)",37,"四層/六層","房地(土地+建物)","3房1廳2衛","0","住家用",121.5522626,25.0453921
"臺北市松山區撫遠街４０１巷１８號二樓","111/09/02",1700,62.6,27.15,"公寓(5樓含以下無電梯)",47,"二層,陽臺/四層","房地(土地+建物)","3房2廳1衛","0","住家用",121.5666216,25.065817
"臺北市松山區民生東路三段１１３巷７弄１７號三樓","111/09/01",700,28,25.04,"華廈(10層含以下有電梯)",43,"三層/七層","房地(土地+建物)","4房2廳2衛","0","住家用",121.5471943,25.0585176
"臺北市松山區南京東路五段１２３巷１弄６號","111/09/01",4276,118.1,36.21,"公寓(5樓含以下無電梯)",50,"一層/四層","房地(土地+建物)","0房1廳1衛","0","住家用",121.5603465,25.0520383
"臺北市松山區三民路４３巷６號十二樓之３","111/08/31",4800,78.9,60.83,"住宅大樓(11層含以上有電梯)",16,"十二層/十四層","房地(土地+建物)+車位","3房2廳2衛","0","住家用",121.5615961,25.056401
"臺北市松山區光復北路１９０巷１６號七樓","111/08/31",4388,69.2,63.42,"住宅大樓(11層含以上有電梯)",25,"七層/十二層","房地(土地+建物)","4房2廳2衛","0","住家用",121.5553612,25.0544134
"臺北市松山區三民路１０７巷７號五樓之１８","111/08/31",2150,83.4,25.79,"華廈(10層含以下有電梯)",45,"五層/七層","房地(土地+建物)","3房2廳1衛","0","住家用",121.5631196,25.0577175
"臺北市松山區富錦街５２２號二樓","111/08/30",1744,85.1,20.5,"公寓(5樓含以下無電梯)",51,"二層,陽臺/四層","房地(土地+建物)","2房1廳1衛","0","住家用",121.5651619,25.0609618
"臺北市松山區民權東路三段１０３巷１號之１","111/08/30",2288,74.1,30.9,"住宅大樓(11層含以上有電梯)",37,"一層/十四層","房地(土地+建物)","3房2廳2衛","0","住家用",121.5451054,25.0624638
"臺北市松山區八德路四段７６５號十一樓之１３","111/08/30",1075,82.7,13,"住宅大樓(11層含以上有電梯)",25,"十一層/十四層","房地(土地+建物)","1房1廳1衛","0","住家用",121.5779685,25.0512008
"臺北市松山區民生東路五段２７之１號五樓","111/08/28",1940,108,17.97,"華廈(10層含以下有電梯)",5,"五層/七層","房地(土地+建物)","1房1廳1衛","0","住家用",121.5563347,25.0585926
"臺北市松山區三民路３５巷３號七樓之２","111/08/28",4860,75.7,64.19,"住宅大樓(11層含以上有電梯)",18,"七層/十三層","房地(土地+建物)","3房2廳2衛","0","住家用",121.5630898,25.0551312
"臺北市松山區三民路３５巷５號十樓之２","111/08/28",5050,74.3,67.99,"住宅大樓(11層含以上有電梯)",18,"十層/十三層","房地(土地+建物)+車位","4房1廳2衛","0","住家用",121.5627109,25.0553278
"臺北市松山區延壽街３３２號三樓之３","111/08/27",5450,85.2,63.99,"住宅大樓(11層含以上有電梯)",13,"三層/十一層","房地(土地+建物)+車位","4房2廳2衛","0","住家用",121.5598313,25.0564785
"臺北市松山區敦化北路１９９巷１６弄１０號四樓","111/08/25",2500,67.5,37.04,"華廈(10層含以下有電梯)",36,"四層/七層","房地(土地+建物)","3房2廳1衛","0","住家用",121.5507631,25.056166
"臺北市松山區八德路四段２４５巷３２弄２２號五樓","111/08/24",2400,57.3,41.9,"華廈(10層含以下有電梯)",31,"五層/八層","房地(土地+建物)","4房2廳2衛","0","住家用",121.5635451,25.0499954
"臺北市松山區饒河街１９９號九樓之１","111/08/24",450,21.1,21.29,"住宅大樓(11層含以上有電梯)",4,"九層/十八層","房地(土地+建物)","3房1廳2衛","0","住家用",121.5761896,25.0508034
"臺北市松山區健康路１５巷３４號二樓","111/08/23",3488,78.7,44.32,"住宅大樓(11層含以上有電梯)",21,"二層/十二層","房地(土地+建物)","3房2廳2衛","0","住家用",121.5529214,25.0549509
"臺北市松山區三民路８０巷３號六樓之１","111/08/23",5300,78.4,67.63,"住宅大樓(11層含以上有電梯)",18,"六層/十四層","房地(土地+建物)+車位","4房2廳2衛","0","住家用",121.5640218,25.056607
"臺北市松山區八德路四段６２６號十一樓","111/08/23",1300,46.8,27.79,"住宅大樓(11層含以上有電梯)",27,"十一層/十一層","房地(土地+建物)+車位","1房1廳1衛","0","住家用",121.5741697,25.0498049
"臺北市松山區三民路１０７巷２０號三樓","111/08/23",2500,83,30.13,"公寓(5樓含以下無電梯)",49,"三層,陽臺/四層","房地(土地+建物)","3房2廳2衛","0","住家用",121.5624585,25.0577031
"臺北市松山區南京東路五段２３９號十五樓之１８","111/08/22",1520,90.2,16.84,"住宅大樓(11層含以上有電梯)",13,"十五層/十八層","房地(土地+建物)","1房1廳1衛","0","住家用",121.564802,25.051652
"臺北市松山區健康路１７２號十二樓","111/08/22",630,16.5,38.15,"住宅大樓(11層含以上有電梯)",44,"十二層/十三層","房地(土地+建物)","3房2廳2衛","0","住家用",121.558344,25.0533219
"臺北市松山區民生東路五段６９巷４弄５號三樓","111/08/22",3760,78.6,47.86,"公寓(5樓含以下無電梯)",55,"三層/四層","房地(土地+建物)","5房3廳2衛","0","住家用",121.5584847,25.0600497
"臺北市松山區南京東路五段２５０巷２弄２１號四樓","111/08/22",2450,68.5,35.76,"華廈(10層含以下有電梯)",48,"四層,陽臺/六層","房地(土地+建物)","3房2廳2衛","0","住家用",121.567373,25.0508053
"臺北市松山區八德路三段１２巷６３弄１３號二樓","111/08/21",2000,84.2,23.75,"公寓(5樓含以下無電梯)",57,"二層,陽臺/四層","房地(土地+建物)","3房2廳2衛","0","住家用",121.5512186,25.0450959
"臺北市松山區八德路二段３４８號六樓之１","111/08/21",2700,109.6,28.44,"住宅大樓(11層含以上有電梯)",14,"六層/十四層","房地(土地+建物)+車位","2房2廳1衛","180","住家用",121.545363,25.0476012
"臺北市松山區饒河街１９９號四樓之６","111/08/20",2760,75.2,36.72,"住宅大樓(11層含以上有電梯)",4,"四層/十八層","房地(土地+建物)","3房2廳2衛","0","住家用",121.5761896,25.0508034
"臺北市松山區民生東路五段６９巷２９弄２號四樓","111/08/20",3928,79.5,49.43,"華廈(10層含以下有電梯)",44,"四層/五層","房地(土地+建物)","4房2廳2衛","0","住家用",121.5580321,25.0600735
"臺北市松山區健康路３２５巷２５弄２０號九樓","111/08/20",5868,101.7,66.82,"住宅大樓(11層含以上有電梯)",1,"九層/十三層","房地(土地+建物)+車位","4房2廳2衛","300","住家用",121.5662623,25.05636
"臺北市松山區南京東路五段２５１巷２２弄４號四樓","111/08/18",2200,72.5,30.35,"公寓(5樓含以下無電梯)",41,"四層/五層","房地(土地+建物)","5房1廳5衛","0","住家用",121.5650081,25.0521045
"臺北市松山區南京東路五段２５０巷３６弄１９之１號","111/08/18",2150,83.5,25.75,"華廈(10層含以下有電梯)",45,"一層/六層","房地(土地+建物)","2房1廳2衛","0","住家用",121.5671355,25.0497674
"臺北市松山區光復南路６０號二樓","111/08/17",7900,73.7,130.89,"住宅大樓(11層含以上有電梯)",10,"二層/十三層","房地(土地+建物)+車位","4房2廳3衛","1,020","住家用",121.5575825,25.0455626
"臺北市松山區三民路１８號九樓之２","111/08/17",3607,89.1,40.5,"住宅大樓(11層含以上有電梯)",8,"九層/十一層","房地(土地+建物)+車位","2房2廳1衛","0","住家用",121.5639624,25.0526141
"臺北市松山區八德路四段４４５號五樓之８","111/08/17",990,85,11.65,"住宅大樓(11層含以上有電梯)",15,"五層/十四層","房地(土地+建物)","1房1廳1衛","0","住家用",121.57042,25.049921
"臺北市松山區復興北路４２７巷２５號四樓之３","111/08/16",1010,90,13.03,"住宅大樓(11層含以上有電梯)",14,"四層/十一層","房地(土地+建物)+車位","1房1廳1衛","150","住家用",121.546456,25.0634336
"臺北市松山區民生東路五段１３７巷６弄３７號二樓","111/08/16",1740,59.7,29.13,"公寓(5樓含以下無電梯)",51,"二層,陽臺/四層","房地(土地+建物)","3房1廳2衛","0","住家用",121.5627727,25.0604752
"臺北市松山區寶清街１０３之６號十一樓","111/08/15",3250,80.3,40.47,"住宅大樓(11層含以上有電梯)",5,"十一層/十三層","房地(土地+建物)+車位","2房2廳2衛","0","住家用",121.5678665,25.0533268
"臺北市松山區民生東路五段１７７巷４之４號二樓","111/08/15",1160,41,28.28,"公寓(5樓含以下無電梯)",50,"二層,陽臺/四層","房地(土地+建物)","3房2廳1衛","0","住家用",121.5649632,25.0597109
"臺北市松山區三民路１３６巷５２號三樓","111/08/15",2150,85.8,25.06,"華廈(10層含以下有電梯)",50,"三層/六層","房地(土地+建物)","2房2廳1衛","0","住家用",121.5643402,25.0604663
"臺北市松山區三民路１８０巷４９號四樓","111/08/15",2000,61.7,32.42,"公寓(5樓含以下無電梯)",40,"四層/五層","房地(土地+建物)","3房2廳2衛","0","住家用",121.5651479,25.0626837
"臺北市松山區撫遠街３８０巷１號四樓","111/08/14",1610,65.2,24.69,"公寓(5樓含以下無電梯)",46,"四層,陽臺/四層","房地(土地+建物)","3房2廳2衛","0","住家用",121.5655118,25.0640979
"臺北市松山區三民路１８０巷２８號五樓之２","111/08/14",1335,75.6,17.66,"華廈(10層含以下有電梯)",27,"五層/五層","房地(土地+建物)+車位","1房1廳1衛","150","住家用",121.5643767,25.0623801
"臺北市松山區八德路四段１０６巷４弄５號","111/08/14",2130,88.3,24.13,"公寓(5樓含以下無電梯)",53,"一層/四層","房地(土地+建物)","3房2廳1衛","0","住家用",121.560798,25.0474429
"臺北市松山區八德路四段４４５號十一樓之３","111/08/14",910,86,10.59,"住宅大樓(11層含以上有電梯)",15,"十一層/十四層","房地(土地+建物)","1房1廳1衛","0","住家用",121.57042,25.049921
"臺北市松山區民生東路五段２２８之１號六樓","111/08/14",3050,75.4,40.44,"華廈(10層含以下有電梯)",41,"六層/七層","房地(土地+建物)","3房2廳2衛","0","住家用",121.5656829,25.0588943
"臺北市松山區八德路二段３４８號九樓之８","111/08/14",1768,123.1,14.36,"住宅大樓(11層含以上有電梯)",14,"九層/十四層","房地(土地+建物)","1房1廳1衛","0","住家用",121.545363,25.0476012
"臺北市松山區敦化北路２４４巷２６號四樓","111/08/13",2250,79.3,28.38,"公寓(5樓含以下無電梯)",44,"四層/五層","房地(土地+建物)","3房2廳2衛","0","住家用",121.5485093,25.0607048
"臺北市松山區光復北路１１巷６９號六樓","111/08/13",2650,81.6,32.48,"華廈(10層含以下有電梯)",41,"六層/七層","房地(土地+建物)","3房2廳2衛","0","住家用",121.5604897,25.0502037
"臺北市松山區民生東路四段８０巷１５弄１１號五樓之１","111/08/11",6028,138,55.48,"住宅大樓(11層含以上有電梯)",12,"五層/十四層","房地(土地+建物)+車位","3房2廳2衛","450","住家用",121.5531677,25.0563383
"臺北市松山區富錦街３５９巷２弄２０號三樓","111/08/11",440,70.5,6.24,"公寓(5樓含以下無電梯)",53,"三層,陽臺/四層","房地(土地+建物)","4房2廳2衛","0","住家用",121.559052,25.0611581
"臺北市松山區南京東路五段２９１巷２９弄２號二樓","111/08/10",2480,69.7,39.29,"華廈(10層含以下有電梯)",8,"二層/七層","房地(土地+建物)+車位","2房2廳1衛","160","住家用",121.5664449,25.0528261
"臺北市松山區南京東路五段２５０巷２弄１２之１號","111/08/10",4650,85.9,54.11,"華廈(10層含以下有電梯)",46,"一層,平台/六層","房地(土地+建物)","2房1廳1衛","0","住家用",121.566709,25.050605
"臺北市松山區八德路三段１２巷６２弄３號四樓","111/08/09",1720,76.3,22.54,"公寓(5樓含以下無電梯)",53,"四層/四層","房地(土地+建物)","3房2廳2衛","0","住家用",121.5504798,25.0456979
"臺北市松山區南京東路五段２３９號十六樓之９","111/08/08",1930,100.8,19.15,"住宅大樓(11層含以上有電梯)",13,"十六層/十八層","房地(土地+建物)","2房1廳1衛","0","住家用",121.564802,25.051652
"臺北市松山區民權東路三段１０３巷１９號二樓之１","111/08/08",800,69.2,11.56,"華廈(10層含以下有電梯)",27,"二層/五層","房地(土地+建物)","1房1廳1衛","0","住家用",121.5451084,25.0635853
"臺北市松山區敦化北路１４５巷２３弄５號五樓之１","111/08/08",3220,122.3,26.33,"華廈(10層含以下有電梯)",1,"五層/七層","房地(土地+建物)+車位","1房1廳1衛","0","住家用",121.550351,25.0530168
"臺北市松山區敦化北路２６２號六樓","111/08/07",3650,77.4,47.13,"華廈(10層含以下有電梯)",36,"六層/八層","房地(土地+建物)","3房1廳2衛","0","住家用",121.550105,25.0614265
"臺北市松山區新東街２０巷２８號三樓","111/08/05",2630,67.6,38.93,"公寓(5樓含以下無電梯)",47,"三層,陽臺/四層","房地(土地+建物)","3房2廳2衛","0","住家用",121.5679324,25.05838
"臺北市松山區新東街２０巷２４號","111/08/05",2400,70.7,33.97,"公寓(5樓含以下無電梯)",49,"一層/四層","房地(土地+建物)","3房2廳1衛","0","住家用",121.5677121,25.0583814
"臺北市松山區北寧路６０之４號五樓","111/08/03",4360,104.9,49.97,"住宅大樓(11層含以上有電梯)",34,"五層/十八層","房地(土地+建物)+車位","3房2廳2衛","350","住家用",121.552828,25.0502241
"臺北市松山區南京東路五段２３９號十五樓之３","111/08/03",1445,86.1,16.79,"住宅大樓(11層含以上有電梯)",13,"十五層/十八層","房地(土地+建物)","1房1廳1衛","0","住家用",121.564802,25.051652
"臺北市松山區民族東路６６８巷２弄１２號二樓","111/08/02",1875,60,31.23,"公寓(5樓含以下無電梯)",51,"二層/四層","房地(土地+建物)","2房2廳2衛","0","住家用",121.5457931,25.0648291
"臺北市松山區延壽街４０２巷２弄１號","111/08/01",3700,103.4,35.79,"公寓(5樓含以下無電梯)",44,"一層/五層","房地(土地+建物)","2房2廳2衛","0","住家用",121.5571337,25.0558833
"臺北市松山區民權東路三段１４０巷９號六樓之３","111/08/01",3920,74.9,52.36,"華廈(10層含以下有電梯)",42,"六層/七層","房地(土地+建物)","2房3廳2衛","0","住家用",121.5467262,25.061209
"臺北市松山區寶清街１８之８號二樓","111/08/01",1730,44.3,39.04,"公寓(5樓含以下無電梯)",47,"二層,陽臺/四層","房地(土地+建物)","3房1廳2衛","0","住家用",121.568567,25.0503339
"臺北市松山區民生東路四段８０巷１１弄１１號四樓","111/08/01",4220,80,52.75,"華廈(10層含以下有電梯)",40,"四層/五層","房地(土地+建物)","3房2廳2衛","0","住家用",121.5535759,25.0567104
"臺北市松山區南京東路五段２３９號四樓之５","111/07/30",1400,83.5,16.77,"住宅大樓(11層含以上有電梯)",13,"四層/十八層","房地(土地+建物)","1房1廳1衛","0","住家用",121.564802,25.051652
"臺北市松山區八德路三段１２巷５１弄２１號","111/07/29",5700,141.5,40.29,"公寓(5樓含以下無電梯)",53,"一層/四層","房地(土地+建物)","4房2廳2衛","0","住家用",121.5516658,25.046274
"臺北市松山區東興路２巷１５號三樓","111/07/29",2785,79,35.24,"華廈(10層含以下有電梯)",41,"三層/七層","房地(土地+建物)","3房2廳2衛","0","住家用",121.56468,25.050476
"臺北市松山區八德路四段６３６號三樓之９","111/07/28",1745,94.3,18.51,"住宅大樓(11層含以上有電梯)",9,"三層/十三層","房地(土地+建物)","1房1廳1衛","0","住家用",121.5746776,25.0498065
"臺北市松山區三民路１５１號二樓","111/07/28",2108,84.9,24.84,"公寓(5樓含以下無電梯)",52,"二層/四層","房地(土地+建物)","3房2廳2衛","0","住家用",121.563017,25.0612289
"臺北市松山區南京東路五段２３９號十三樓之９","111/07/28",1395,88,15.85,"住宅大樓(11層含以上有電梯)",13,"十三層/十八層","房地(土地+建物)","1房0廳1衛","0","住家用",121.564802,25.051652
"臺北市松山區寶清街１８之７號二樓","111/07/27",1730,61.9,27.95,"公寓(5樓含以下無電梯)",47,"二層/四層","房地(土地+建物)","3房2廳1衛","0","住家用",121.568567,25.0503339
"臺北市松山區寶清街１０３之１１號二樓","111/07/27",3388,83.8,40.43,"住宅大樓(11層含以上有電梯)",5,"二層/十三層","房地(土地+建物)+車位","2房2廳2衛","0","住家用",121.5678665,25.0533268
"臺北市松山區民生東路五段１５３號十一樓之８","111/07/27",1995,85.3,23.4,"住宅大樓(11層含以上有電梯)",39,"十一層/十五層","房地(土地+建物)","2房2廳1衛","0","住家用",121.5622734,25.0591086
"臺北市松山區慶城街５５號十四樓","111/07/27",137400,244.6,700.24,"住宅大樓(11層含以上有電梯)",10,"十四層/十五層","房地(土地+建物)+車位","10房4廳6衛","4,900","住家用",121.5466858,25.0556471
"臺北市松山區松河街１６８號十四樓之６","111/07/26",3112,73.8,42.15,"住宅大樓(11層含以上有電梯)",2,"十四層/二十四層","房地(土地+建物)+車位","2房2廳1衛","0","住家用",121.5765559,25.0509625
"臺北市松山區健康路３１號六樓","111/07/26",3000,68.4,43.85,"住宅大樓(11層含以上有電梯)",25,"六層/十三層","房地(土地+建物)+車位","3房2廳2衛","0","住家用",121.5539385,25.0535788
"臺北市松山區健康路５８巷１１號","111/07/25",2600,97.2,26.75,"公寓(5樓含以下無電梯)",42,"一層/五層","房地(土地+建物)","2房2廳2衛","0","住家用",121.5533515,25.0527197
"臺北市松山區延壽街３３０巷１７弄６之１號十一樓","111/07/24",3100,77.7,39.91,"住宅大樓(11層含以上有電梯)",29,"十一層/十二層","房地(土地+建物)+車位","3房2廳2衛","0","住家用",121.5609357,25.0546699
"臺北市松山區撫遠街３８３巷６號二樓","111/07/24",1755,63.2,27.75,"公寓(5樓含以下無電梯)",48,"二層/四層","房地(土地+建物)","3房2廳1衛","0","住家用",121.5661854,25.0646084
"臺北市松山區八德路四段４４５號十三樓之１４","111/07/24",1908,69.6,27.41,"住宅大樓(11層含以上有電梯)",14,"十三層/十四層","房地(土地+建物)+車位","2房1廳1衛","0","住家用",121.57042,25.049921
"臺北市松山區民生東路五段１７１號九樓之７","111/07/24",2998,85.7,34.99,"住宅大樓(11層含以上有電梯)",39,"九層/十六層","房地(土地+建物)","3房2廳2衛","0","住家用",121.5647116,25.0598691
"臺北市松山區南京東路四段７５巷３號十樓","111/07/22",1100,25,44.02,"住宅大樓(11層含以上有電梯)",37,"十層/十二層","房地(土地+建物)","4房2廳2衛","0","住家用",121.553962,25.052059
"臺北市松山區復興北路３１３巷３７號三樓","111/07/22",3650,61.6,59.24,"華廈(10層含以下有電梯)",41,"三層/七層","房地(土地+建物)","3房2廳2衛","0","住家用",121.5466437,25.0590239
"臺北市松山區敦化南路一段３號十六樓之２","111/07/21",12666,195.5,81.33,"住宅大樓(11層含以上有電梯)",1,"十六層/二十三層","房地(土地+建物)+車位","3房2廳2衛","700","住家用",121.5492282,25.0473737
"臺北市松山區富錦街５７１巷３號三樓","111/07/21",1400,55.2,25.37,"公寓(5樓含以下無電梯)",50,"三層,陽臺/四層","房地(土地+建物)","3房2廳2衛","0","住家用",121.566765,25.0622421
"臺北市松山區民生東路四段９３號四樓","111/07/20",3000,85.1,35.25,"華廈(10層含以下有電梯)",43,"四層/七層","房地(土地+建物)","3房2廳2衛","0","住家用",121.5518663,25.0580958
"臺北市松山區八德路二段４３７巷１０弄１４號四樓","111/07/19",3300,71.7,46.05,"華廈(10層含以下有電梯)",37,"四層/七層","房地(土地+建物)","3房2廳2衛","0","住家用",121.5468299,25.0497694
"臺北市松山區民生東路三段１１３巷２５弄２號二樓","111/07/19",3760,78.8,47.73,"華廈(10層含以下有電梯)",39,"二層/七層","房地(土地+建物)","2房2廳2衛","0","住家用",121.546382,25.0593763
"臺北市松山區南京東路五段２３９號四樓之１６","111/07/18",2100,102.9,20.41,"住宅大樓(11層含以上有電梯)",13,"四層/十八層","房地(土地+建物)","2房1廳1衛","0","住家用",121.564802,25.051652
"臺北市松山區八德路二段３４８號三樓之１","111/07/17",2550,103.1,28.44,"住宅大樓(11層含以上有電梯)",13,"三層/十四層","房地(土地+建物)+車位","2房1廳1衛","180","住家用",121.545363,25.0476012
"臺北市松山區寶清街８９巷２２號","111/07/17",1970,76.7,25.68,"公寓(5樓含以下無電梯)",50,"一層,平台/四層","房地(土地+建物)","3房2廳2衛","0","住家用",121.5688058,25.0522641
"臺北市松山區光復北路２２０號四樓","111/07/17",3410,85.2,40.01,"住宅大樓(11層含以上有電梯)",20,"四層/十八層","房地(土地+建物)","3房2廳1衛","0","住家用",121.5553975,25.0558334
"臺北市松山區八德路四段７２巷１０弄１號四樓","111/07/17",1820,67.2,27.08,"公寓(5樓含以下無電梯)",53,"四層,露台/四層","房地(土地+建物)","4房1廳3衛","0","住家用",121.5601302,25.0471579
"臺北市松山區敦化北路６號三樓","111/07/15",26200,159.6,164.13,"住宅大樓(11層含以上有電梯)",4,"三層/二十三層","房地(土地+建物)+車位","3房2廳4衛","1,150","住家用",121.5485471,25.050323
"臺北市松山區三民路６２巷１之２號","111/07/15",3150,69.3,45.43,"華廈(10層含以下有電梯)",30,"一層/七層","房地(土地+建物)","3房2廳2衛","0","住家用",121.565354,25.0548039
"臺北市松山區敦化北路１４５巷２３弄５號四樓","111/07/15",2880,132.4,21.75,"華廈(10層含以下有電梯)",1,"四層/七層","房地(土地+建物)","1房1廳1衛","0","住家用",121.550351,25.0530168
"臺北市松山區八德路三段１２巷５７弄１１號二樓","111/07/14",2700,83.8,32.21,"公寓(5樓含以下無電梯)",58,"二層/四層","房地(土地+建物)","3房2廳1衛","0","住家用",121.5511074,25.045412
"臺北市松山區八德路四段６０２號五樓之１","111/07/14",1700,49.3,34.47,"住宅大樓(11層含以上有電梯)",34,"五層/十二層","房地(土地+建物)","2房1廳1衛","0","住家用",121.5727214,25.0495464
"臺北市松山區民生東路五段１５１號十三樓之１６","111/07/14",1680,71.8,23.4,"住宅大樓(11層含以上有電梯)",39,"十三層/十五層","房地(土地+建物)","2房1廳1衛","0","住家用",121.5621851,25.059107
"臺北市松山區延壽街３３０巷１７弄１８號十樓","111/07/14",1650,82.6,19.98,"住宅大樓(11層含以上有電梯)",30,"十層/十二層","房地(土地+建物)","3房2廳2衛","0","住家用",121.5620828,25.054749
"臺北市松山區延壽街３３２號十一樓之１","111/07/13",5700,89.1,63.99,"住宅大樓(11層含以上有電梯)",13,"十一層/十一層","房地(土地+建物)+車位","4房2廳2衛","0","住家用",121.5598313,25.0564785
"臺北市松山區敦化北路１０號十一樓","111/07/13",19966,191,121.89,"住宅大樓(11層含以上有電梯)",4,"十一層/二十三層","房地(土地+建物)+車位","3房2廳2衛","700","住家用",121.5485866,25.050307
"臺北市松山區南京東路五段１６９號十四樓之３","111/07/12",6900,90.2,76.49,"住宅大樓(11層含以上有電梯)",12,"十四層/十八層","房地(土地+建物)+車位","4房2廳2衛","0","住家用",121.5630869,25.0516669
"臺北市松山區民生東路四段８０巷３弄４號四樓之１","111/07/12",3250,83.2,39.05,"華廈(10層含以下有電梯)",46,"四層,陽臺/七層","房地(土地+建物)","3房2廳2衛","0","住家用",121.5532624,25.0571482
"臺北市松山區光復北路３號九樓之１","111/07/10",1028,84,12.24,"住宅大樓(11層含以上有電梯)",34,"九層/十二層","房地(土地+建物)","1房1廳1衛","0","住家用",121.5580315,25.0486226
"臺北市松山區延壽街３３２號八樓之２","111/07/10",5300,82.8,63.99,"住宅大樓(11層含以上有電梯)",13,"八層/十一層","房地(土地+建物)+車位","4房2廳2衛","0","住家用",121.5598313,25.0564785
"臺北市松山區寶清街１０３之１２號二樓","111/07/10",3380,75.6,49.56,"住宅大樓(11層含以上有電梯)",5,"二層/十三層","房地(土地+建物)+車位","3房2廳2衛","300","住家用",121.5678665,25.0533268
"臺北市松山區八德路四段７８３號八樓之２","111/07/09",2638,87.1,35.02,"住宅大樓(11層含以上有電梯)",15,"八層/十五層","房地(土地+建物)+車位","2房2廳1衛","180","住家用",121.5783774,25.0512831
"臺北市松山區塔悠路３２３號四樓之３","111/07/07",808,73.8,10.95,"華廈(10層含以下有電梯)",29,"四層/四層","房地(土地+建物)","0房1廳1衛","0","住家用",121.5689185,25.0613505
"臺北市松山區三民路４３巷２號二樓之２","111/07/05",4920,72.2,68.18,"住宅大樓(11層含以上有電梯)",16,"二層/十四層","房地(土地+建物)+車位","4房2廳2衛","0","住家用",121.5617684,25.0562213
"臺北市松山區八德路四段６３６號五樓之１１","111/07/05",1200,95.5,12.56,"住宅大樓(11層含以上有電梯)",9,"五層/十三層","房地(土地+建物)","0房1廳1衛","0","住家用",121.5746776,25.0498065
"臺北市松山區新東街１６巷１號四樓","111/07/04",2200,62.8,35.01,"公寓(5樓含以下無電梯)",49,"四層/四層","房地(土地+建物)","3房2廳2衛","0","住家用",121.5662653,25.0580823
"臺北市松山區富錦街５７２巷７號三樓","111/07/02",2358,71.1,33.18,"公寓(5樓含以下無電梯)",52,"三層/四層","房地(土地+建物)","3房2廳2衛","0","住家用",121.5675651,25.0625701
"臺北市松山區民權東路三段１１５巷１號九樓之１","111/07/02",2535,73.5,34.47,"華廈(10層含以下有電梯)",37,"九層/十層","房地(土地+建物)","2房2廳2衛","0","住家用",121.5453903,25.0623189
"臺北市松山區南京東路三段３０３巷６弄８號三樓","111/07/01",2080,86.7,24,"華廈(10層含以下有電梯)",12,"三層/十層","房地(土地+建物)+車位","1房1廳1衛","0","住家用",121.546925,25.0523484
"臺北市松山區民生東路五段１５１號九樓之１６","111/06/30",1800,76.9,23.4,"住宅大樓(11層含以上有電梯)",39,"九層/十五層","房地(土地+建物)","2房2廳1衛","0","住家用",121.5621851,25.059107
"臺北市松山區民生東路五段２０２號十九樓之８","111/06/30",726,81.4,8.92,"住宅大樓(11層含以上有電梯)",33,"十九層/二十層","房地(土地+建物)","1房1廳1衛","0","住家用",121.5644799,25.0581502
"臺北市松山區民生東路五段２７號","111/06/30",3800,197.7,19.22,"華廈(10層含以下有電梯)",5,"一層/七層","房地(土地+建物)","1房1廳1衛","0","住家用",121.5563347,25.0585926
"臺北市松山區復興北路８１巷２７號四樓","111/06/30",506.3,83.1,6.09,"華廈(10層含以下有電梯)",44,"四層/七層","房地(土地+建物)","4房2廳2衛","0","住家用",121.545353,25.051376
"臺北市松山區復興北路８１巷２７號四樓","111/06/30",506.3,83.1,6.09,"華廈(10層含以下有電梯)",44,"四層/七層","房地(土地+建物)","4房2廳2衛","0","住家用",121.545353,25.051376
"臺北市松山區民族東路７０２號二樓","111/06/29",1850,59.9,30.89,"華廈(10層含以下有電梯)",42,"二層/七層","房地(土地+建物)","3房2廳2衛","0","住家用",121.5473013,25.0640223
"臺北市松山區民生東路四段８０巷６弄６號","111/06/29",2772.6,84.3,32.89,"公寓(5樓含以下無電梯)",52,"一層/四層","房地(土地+建物)","3房2廳2衛","0","住家用",121.5526311,25.056641
"臺北市松山區新東街９巷２３號三樓","111/06/28",2258,68,33.21,"公寓(5樓含以下無電梯)",49,"三層,陽臺/四層","房地(土地+建物)","3房2廳2衛","0","住家用",121.5651104,25.0578913
"臺北市松山區民生東路五段１５１號十一樓之１４","111/06/28",1200,75.8,15.83,"住宅大樓(11層含以上有電梯)",39,"十一層/十五層","房地(土地+建物)","1房1廳1衛","0","住家用",121.5621851,25.059107
"臺北市松山區民生東路三段１１３巷２７號五樓之１","111/06/27",3390,74.6,45.42,"華廈(10層含以下有電梯)",43,"五層/七層","房地(土地+建物)","4房2廳2衛","0","住家用",121.5463477,25.0599438
"臺北市松山區八德路三段２２５號七樓之９","111/06/27",820,90.7,9.04,"住宅大樓(11層含以上有電梯)",34,"七層/十二層","房地(土地+建物)","1房1廳1衛","0","住家用",121.5570526,25.048289
"臺北市松山區光復北路１０５號四樓之１","111/06/27",2678,79.7,33.6,"住宅大樓(11層含以上有電梯)",45,"四層/十一層","房地(土地+建物)","3房2廳2衛","0","住家用",121.5581014,25.0510397
"臺北市松山區復興北路４９９巷２弄５號三樓","111/06/26",1838,68.8,26.71,"公寓(5樓含以下無電梯)",51,"三層,露台/四層","房地(土地+建物)","3房2廳2衛","0","住家用",121.545243,25.0654799
"臺北市松山區撫遠街４０１巷２６號四樓","111/06/26",1650,60.8,27.15,"公寓(5樓含以下無電梯)",47,"四層,陽臺/四層","房地(土地+建物)","3房2廳1衛","0","住家用",121.5670727,25.0658733
"臺北市松山區南京東路三段３３５巷１７之１號三樓","111/06/26",1080,84.6,12.77,"華廈(10層含以下有電梯)",36,"三層/七層","房地(土地+建物)","1房1廳1衛","0","住家用",121.5474929,25.0530962
"臺北市松山區南京東路五段４１５號六樓之３","111/06/25",1370,86.7,15.8,"住宅大樓(11層含以上有電梯)",5,"六層/十二層","房地(土地+建物)","1房1廳1衛","0","住家用",121.5706214,25.0517043
"臺北市松山區八德路三段１６５號七樓之８","111/06/24",850.5,110,7.73,"住宅大樓(11層含以上有電梯)",4,"七層/十五層","房地(土地+建物)","3房2廳2衛","0","住家用",121.5553172,25.0481771
"臺北市松山區延吉街４６巷４號六樓","111/06/24",2855,77.1,37.01,"華廈(10層含以下有電梯)",44,"六層/七層","房地(土地+建物)","3房2廳2衛","0","住家用",121.553326,25.045576
"臺北市松山區民權東路五段８０號五樓","111/06/21",2000,57.8,34.62,"公寓(5樓含以下無電梯)",43,"五層/五層","房地(土地+建物)","3房2廳2衛","0","住家用",121.5667137,25.0631053
"臺北市松山區復興北路２２３號五樓","111/06/20",2400,76.4,31.41,"住宅大樓(11層含以上有電梯)",37,"五層/十四層","房地(土地+建物)","2房2廳2衛","0","住家用",121.5444173,25.0568381
"臺北市松山區八德路四段７２巷１０弄１１號三樓","111/06/20",1740,65.2,26.68,"公寓(5樓含以下無電梯)",52,"三層,露台/四層","房地(土地+建物)","4房0廳3衛","0","住家用",121.5596514,25.0470776
"臺北市松山區撫遠街３９９巷１７號二樓","111/06/19",1865,68.7,27.15,"公寓(5樓含以下無電梯)",47,"二層,陽臺/四層","房地(土地+建物)","3房2廳1衛","0","住家用",121.5666651,25.0656845
"臺北市松山區八德路二段３４８號七樓之１２","111/06/19",1138,131,8.68,"住宅大樓(11層含以上有電梯)",13,"七層/十四層","房地(土地+建物)","1房1廳1衛","0","住家用",121.545363,25.0476012
"臺北市松山區八德路四段１８１巷１７弄４８號五樓之１","111/06/19",1443,87.5,16.49,"華廈(10層含以下有電梯)",16,"五層,夾層/五層","房地(土地+建物)","1房1廳1衛","0","住家用",121.5644543,25.0494126
"臺北市松山區延吉街２２巷９號七樓","111/06/18",2820,89,31.7,"華廈(10層含以下有電梯)",39,"七層/七層","房地(土地+建物)","3房2廳2衛","0","住家用",121.5529335,25.0465125
"臺北市松山區撫遠街４０１巷１０號","111/06/18",1800,66.3,27.15,"公寓(5樓含以下無電梯)",47,"一層,平台/四層","房地(土地+建物)","3房2廳1衛","0","住家用",121.5662056,25.0657617
"臺北市松山區三民路３５巷２號七樓之１","111/06/18",5400,78.1,69.13,"住宅大樓(11層含以上有電梯)",18,"七層/十四層","房地(土地+建物)+車位","4房2廳2衛","0","住家用",121.56321,25.055918900000002
"臺北市松山區南京東路五段２５１巷４６弄６號二樓","111/06/18",2218,84.7,26.18,"公寓(5樓含以下無電梯)",49,"二層/四層","房地(土地+建物)","3房2廳1衛","0","住家用",121.564801,25.0534736
"臺北市松山區三民路７４巷１１號四樓之３","111/06/17",2900,84.2,34.45,"華廈(10層含以下有電梯)",30,"四層/七層","房地(土地+建物)","3房2廳2衛","0","住家用",121.5653399,25.055926
"臺北市松山區民權東路五段２號","111/06/17",2100,101.6,20.66,"公寓(5樓含以下無電梯)",47,"一層,平台/四層","房地(土地+建物)","3房2廳2衛","0","住家用",121.5632815,25.0626236
"臺北市松山區富錦街５５２號七樓之１","111/06/16",3620,77.8,46.52,"華廈(10層含以下有電梯)",43,"七層/八層","房地(土地+建物)","3房2廳2衛","0","住家用",121.566855,25.0618449
"臺北市松山區民生東路三段１１８號八樓之２","111/06/16",4390,82.2,53.38,"住宅大樓(11層含以上有電梯)",38,"八層/十二層","房地(土地+建物)+車位","4房2廳2衛","0","住家用",121.5454299,25.0574687
"臺北市松山區八德路三段１２巷１７弄３號三樓","111/06/15",3600,80.7,44.59,"華廈(10層含以下有電梯)",46,"三層,陽臺/六層","房地(土地+建物)","5房1廳2衛","0","住家用",121.5509156,25.0467488
"臺北市松山區光復北路２２８號十一樓","111/06/15",3000,74.3,40.39,"住宅大樓(11層含以上有電梯)",20,"十一層/十八層","房地(土地+建物)+車位","3房2廳1衛","0","住家用",121.5552953,25.0559493
"臺北市松山區民權東路三段１０６巷１５弄２３號二樓","111/06/15",4028,92.5,43.55,"華廈(10層含以下有電梯)",37,"二層/七層","房地(土地+建物)","3房2廳2衛","0","住家用",121.5460156,25.0600534
"臺北市松山區敦化北路２２２巷１２之１號","111/06/14",2850,79.8,35.72,"華廈(10層含以下有電梯)",39,"一層/七層","房地(土地+建物)","3房2廳2衛","0","住家用",121.5482017,25.059111
"臺北市松山區南京東路五段２５０巷２弄７號四樓","111/06/14",2100,71.9,29.19,"華廈(10層含以下有電梯)",49,"四層,陽臺/六層","房地(土地+建物)","3房2廳1衛","0","住家用",121.5665089,25.05088
"臺北市松山區南京東路五段２３９號三樓之８","111/06/14",1275,83.9,15.2,"住宅大樓(11層含以上有電梯)",13,"三層/十八層","房地(土地+建物)","1房1廳1衛","0","住家用",121.564802,25.051652
"臺北市松山區民族東路６６８巷５號三樓","111/06/14",2080,64.3,32.33,"公寓(5樓含以下無電梯)",50,"三層,陽臺/四層","房地(土地+建物)","3房2廳2衛","0","住家用",121.5462439,25.0643463
"臺北市松山區光復北路１１巷９７號十四樓之２","111/06/14",3430,83.9,40.89,"住宅大樓(11層含以上有電梯)",33,"十四層/十四層","房地(土地+建物)","3房2廳2衛","0","住家用",121.5623589,25.0504397
"臺北市松山區健康路３５巷４號九樓","111/06/13",4040,84.9,47.57,"住宅大樓(11層含以上有電梯)",25,"九層/十三層","房地(土地+建物)","3房2廳2衛","0","住家用",121.5542781,25.0537211
"臺北市松山區八德路四段２５８號三樓","111/06/12",1502,64.5,23.29,"公寓(5樓含以下無電梯)",43,"三層/五層","房地(土地+建物)","2房2廳1衛","0","住家用",121.5661195,25.0489304
"臺北市松山區民生東路五段９９號二樓","111/06/12",3250,89.9,36.16,"公寓(5樓含以下無電梯)",53,"二層/四層","房地(土地+建物)","1房2廳1衛","0","住家用",121.5598674,25.058843799999998
"臺北市松山區新東街３巷１７號四樓","111/06/12",2010,79.1,25.42,"公寓(5樓含以下無電梯)",49,"四層,陽臺/四層","房地(土地+建物)","3房2廳1衛","0","住家用",121.5651296,25.0576051
"臺北市松山區八德路四段２０４巷６弄５號二樓","111/06/11",2480,63.9,38.8,"公寓(5樓含以下無電梯)",47,"二層,陽臺/四層","房地(土地+建物)","3房2廳2衛","0","住家用",121.5639182,25.0483277
"臺北市松山區八德路三段２７號八樓","111/06/11",3830,76.9,49.83,"住宅大樓(11層含以上有電梯)",37,"八層/十二層","房地(土地+建物)","0房1廳1衛","0","住家用",121.5525986,25.0483004
"臺北市松山區八德路三段２７號八樓之１","111/06/11",3470,70,49.59,"住宅大樓(11層含以上有電梯)",37,"八層/十二層","房地(土地+建物)","0房1廳1衛","0","住家用",121.5526807,25.0483352
"臺北市松山區三民路４３巷８號六樓之２","111/06/11",5250,77.3,67.94,"住宅大樓(11層含以上有電梯)",15,"六層/十四層","房地(土地+建物)+車位","4房2廳2衛","0","住家用",121.5611757,25.0559882
"臺北市松山區南京東路五段２２２之１號二樓","111/06/10",2750,77.3,35.55,"住宅大樓(11層含以上有電梯)",29,"二層/十二層","房地(土地+建物)","3房2廳2衛","0","住家用",121.5651812,25.0511134
"臺北市松山區八德路二段３８３號九樓之４","111/06/10",950,82.6,11.5,"住宅大樓(11層含以上有電梯)",36,"九層/十二層","房地(土地+建物)","1房1廳1衛","0","住家用",121.545133,25.0479881
"臺北市松山區延壽街１８巷１９號六樓","111/06/09",4108,69.3,59.32,"住宅大樓(11層含以上有電梯)",4,"六層/十一層","房地(土地+建物)+車位","3房2廳2衛","0","住家用",121.5687379,25.056537
"臺北市松山區健康路２２５巷１１之２號八樓","111/06/08",3750,79.8,47,"住宅大樓(11層含以上有電梯)",30,"八層/十二層","房地(土地+建物)+車位","4房2廳2衛","0","住家用",121.5622325,25.0546665
"臺北市松山區光復南路６６巷７０號四樓","111/06/06",1200,74.2,16.16,"公寓(5樓含以下無電梯)",52,"四層/四層","房地(土地+建物)","2房1廳1衛","0","住家用",121.5547264,25.0450991
"臺北市松山區民生東路四段８０巷１５弄１１號十樓","111/06/06",6666,152.1,55.62,"住宅大樓(11層含以上有電梯)",11,"十層/十四層","房地(土地+建物)+車位","3房2廳2衛","500","住家用",121.5531677,25.0563383
"臺北市松山區富錦街４９４號四樓","111/06/06",2400,83.7,28.69,"公寓(5樓含以下無電梯)",51,"四層/四層","房地(土地+建物)","2房2廳2衛","0","住家用",121.5639237,25.0609116
"臺北市松山區市民大道四段３１號五樓","111/06/05",1068,74.6,14.31,"公寓(5樓含以下無電梯)",41,"五層/五層","房地(土地+建物)","2房2廳2衛","0","住家用",121.5446916,25.0452088
"臺北市松山區敦化北路１１８號三樓","111/06/03",5272,107,49.27,"住宅大樓(11層含以上有電梯)",37,"三層/十二層","房地(土地+建物)","2房0廳1衛","0","住家用",121.5484626,25.053688
"臺北市松山區市民大道四段３９之１號十六樓","111/06/02",19695,224.1,108.47,"住宅大樓(11層含以上有電梯)",2,"十六層/二十三層","房地(土地+建物)+車位","2房1廳2衛","890","住家用",121.5458466,25.0457511
"臺北市松山區市民大道四段３９號十六樓","111/06/02",24293,227.4,137.55,"住宅大樓(11層含以上有電梯)",2,"十六層/二十三層","房地(土地+建物)+車位","1房2廳3衛","1,380","住家用",121.5458466,25.0457511
"臺北市松山區八德路三段２２５號九樓之６","111/06/02",1200,93.3,12.86,"住宅大樓(11層含以上有電梯)",33,"九層/十二層","房地(土地+建物)","0房1廳1衛","0","住家用",121.557021,25.048255
"臺北市松山區新東街１巷４號四樓","111/06/01",2260,74.9,30.16,"公寓(5樓含以下無電梯)",49,"四層/四層","房地(土地+建物)","3房2廳2衛","0","住家用",121.5658007,25.057271
"臺北市松山區市民大道四段３９之２號二十二樓","111/06/01",20670,239.9,107.04,"住宅大樓(11層含以上有電梯)",2,"二十二層/二十三層","房地(土地+建物)+車位","2房1廳2衛","880","住家用",121.5458466,25.0457511
"臺北市松山區塔悠路３２３號四樓之１４","111/06/01",998,70.1,14.24,"公寓(5樓含以下無電梯)",29,"四層/四層","房地(土地+建物)","1房2廳1衛","0","住家用",121.5689185,25.0613505
"臺北市松山區撫遠街４０１巷２０號","111/06/01",1950,71.8,27.15,"公寓(5樓含以下無電梯)",47,"一層,平台/四層","房地(土地+建物)","3房2廳2衛","0","住家用",121.5666866,25.0658251
"臺北市松山區民生東路五段１８６號十四樓之３","111/05/30",2745,78.5,34.98,"住宅大樓(11層含以上有電梯)",38,"十四層/十六層","房地(土地+建物)","3房2廳2衛","0","住家用",121.563775,25.058439
"臺北市松山區敦化南路一段１００巷７弄４９號二樓","111/05/30",2200,55.4,39.74,"華廈(10層含以下有電梯)",43,"二層/七層","房地(土地+建物)","4房2廳2衛","0","住家用",121.5468298,25.0455883
"臺北市松山區復興南路一段１號十二樓之６","111/05/30",1388,85.4,16.24,"住宅大樓(11層含以上有電梯)",43,"十二層/十四層","房地(土地+建物)","2房2廳1衛","0","住家用",121.5441811,25.0474029
"臺北市松山區南京東路五段２５０巷３６弄１９之１號二樓","111/05/30",2250,79.8,28.21,"華廈(10層含以下有電梯)",45,"二層/六層","房地(土地+建物)","3房2廳2衛","0","住家用",121.5671355,25.0497674
"臺北市松山區敦化北路１４５巷２３弄５號三樓","111/05/30",2812,129.3,21.75,"華廈(10層含以下有電梯)",1,"三層/七層","房地(土地+建物)","1房1廳1衛","0","住家用",121.550351,25.0530168
"臺北市松山區三民路９６巷９號三樓","111/05/30",1680,64.9,25.89,"公寓(5樓含以下無電梯)",48,"三層,陽臺/四層","房地(土地+建物)","3房2廳1衛","0","住家用",121.5641254,25.0572174
"臺北市松山區健康路１８０號四樓","111/05/29",3800,73.4,51.79,"住宅大樓(11層含以上有電梯)",44,"四層/十三層","房地(土地+建物)+車位","2房2廳2衛","350","住家用",121.558628,25.053317
"臺北市松山區敦化北路１４５巷２３弄３號三樓之２","111/05/28",2812,129.3,21.75,"華廈(10層含以下有電梯)",1,"三層/七層","房地(土地+建物)","1房1廳1衛","0","住家用",121.5502681,25.0533503
"臺北市松山區復興南路一段４５號九樓之１","111/05/27",3628,94.1,38.55,"住宅大樓(11層含以上有電梯)",40,"九層/十二層","房地(土地+建物)","6房1廳2衛","0","住家用",121.5441253,25.0455624
"臺北市松山區三民路５巷２７號","111/05/26",380,45.5,8.35,"公寓(5樓含以下無電梯)",50,"一層/四層","房地(土地+建物)","3房2廳2衛","0","住家用",121.5634876,25.0523018
"臺北市松山區民生東路四段８０巷１５弄１１號四樓","111/05/25",6300,146.5,55.61,"住宅大樓(11層含以上有電梯)",11,"四層/十四層","房地(土地+建物)+車位","3房2廳2衛","360","住家用",121.5531677,25.0563383
"臺北市松山區南京東路五段３８之１號二樓之１","111/05/23",3168,66.1,52.99,"住宅大樓(11層含以上有電梯)",32,"二層/十九層","房地(土地+建物)+車位","2房2廳2衛","200","住家用",121.5594289,25.051244
"臺北市松山區新東街１２巷１９號二樓之１","111/05/23",785,56.4,13.91,"公寓(5樓含以下無電梯)",49,"二層/四層","房地(土地+建物)","2房2廳1衛","0","住家用",121.5675425,25.0579215
"臺北市松山區撫遠街３８９巷３號三樓","111/05/22",2100,62.7,33.52,"公寓(5樓含以下無電梯)",49,"三層,陽台/四層","房地(土地+建物)","4房2廳2衛","0","住家用",121.5659957,25.0650677
"臺北市松山區復興北路４８９號四樓之７","111/05/21",1170,69,16.97,"住宅大樓(11層含以上有電梯)",15,"四層/十一層","房地(土地+建物)+車位","1房1廳1衛","0","住家用",121.5444774,25.0649764
"臺北市松山區南京東路五段１６３號十一樓之１","111/05/20",3280,85,38.57,"住宅大樓(11層含以上有電梯)",35,"十一層/十六層","房地(土地+建物)","3房2廳2衛","0","住家用",121.5626461,25.0516509
"臺北市松山區南京東路五段２５０巷１８弄１號四樓之３","111/05/20",4300,54.4,79.07,"華廈(10層含以下有電梯)",48,"四層,陽臺/六層","房地(土地+建物)+車位","4房2廳3衛","0","住家用",121.5662306,25.0503171
"臺北市松山區南京東路五段４０之１號十七樓之１","111/05/20",2835,77.5,36.57,"住宅大樓(11層含以上有電梯)",32,"十七層/十九層","房地(土地+建物)","3房2廳2衛","0","住家用",121.5594873,25.051342000000002
"臺北市松山區民生東路四段８０巷１５弄１１號五樓","111/05/20",6190,144.5,53.55,"住宅大樓(11層含以上有電梯)",11,"五層/十四層","房地(土地+建物)+車位","3房2廳2衛","330","住家用",121.5531677,25.0563383
"臺北市松山區南京東路五段６６巷２弄１之１號二樓","111/05/19",1750,83.2,21.04,"華廈(10層含以下有電梯)",42,"二層/六層","房地(土地+建物)","1房1廳2衛","0","住家用",121.560634,25.0508375
"臺北市松山區富錦街３５９巷２弄２０號三樓","111/05/18",150,48,3.12,"公寓(5樓含以下無電梯)",53,"三層,陽臺/四層","房地(土地+建物)","4房2廳2衛","0","住家用",121.559052,25.0611581
"臺北市松山區延吉街４８巷１５號四樓","111/05/18",2970,81.9,43.16,"華廈(10層含以下有電梯)",44,"四層/七層","房地(土地+建物)+車位","2房2廳2衛","250","住家用",121.552871,25.044875
"臺北市松山區南京東路五段２５１巷２２弄３９號三樓","111/05/18",680,60.9,11.17,"公寓(5樓含以下無電梯)",57,"三層/三層","房地(土地+建物)","1房1廳1衛","0","住家用",121.5639928,25.0519662
"臺北市松山區八德路四段１８１巷１７弄１３號二樓","111/05/18",2730,64,42.64,"公寓(5樓含以下無電梯)",48,"二層,陽臺/四層","房地(土地+建物)","3房2廳2衛","0","住家用",121.5635876,25.0494021
"臺北市松山區三民路１３６巷３６號五樓","111/05/18",2550,81.5,31.28,"華廈(10層含以下有電梯)",50,"五層,陽台/六層","房地(土地+建物)","4房2廳2衛","0","住家用",121.5638024,25.060480600000002
"臺北市松山區健康路１５巷４８號二樓","111/05/18",3256,89.3,36.46,"住宅大樓(11層含以上有電梯)",21,"二層/十三層","房地(土地+建物)","2房2廳1衛","0","住家用",121.5529362,25.0555351
"臺北市松山區南京東路五段２８６巷６號二樓之１","111/05/17",1280,75.6,16.94,"華廈(10層含以下有電梯)",46,"二層,陽台/六層","房地(土地+建物)","2房2廳1衛","0","住家用",121.5671281,25.0503824
"臺北市松山區三民路１１３巷１９號三樓","111/05/16",2600,86.3,30.13,"公寓(5樓含以下無電梯)",49,"三層,陽臺/四層","房地(土地+建物)","3房2廳2衛","0","住家用",121.5624261,25.0578394
"臺北市松山區健康路４０８號十樓","111/05/16",9485,110.1,105.44,"住宅大樓(11層含以上有電梯)",11,"十層/十五層","房地(土地+建物)+車位","4房2廳2衛","650","住家用",121.5667963,25.0541093
"臺北市松山區復興北路４２７巷２５號十一樓之９","111/05/16",1030,75.1,13.71,"住宅大樓(11層含以上有電梯)",14,"十一層/十一層","房地(土地+建物)+車位","1房1廳1衛","0","住家用",121.5465029,25.0634211
"臺北市松山區長春路３５７號六樓","111/05/16",5030,78.2,64.35,"住宅大樓(11層含以上有電梯)",35,"六層/十四層","房地(土地+建物)+車位","2房2廳2衛","0","住家用",121.545402,25.0546315
"臺北市松山區健康路１７４之２號八樓","111/05/14",2200,79.8,27.57,"住宅大樓(11層含以上有電梯)",44,"八層/十三層","房地(土地+建物)","1房1廳1衛","0","住家用",121.55821,25.0535159
"臺北市松山區八德路四段６３６號十三樓之９","111/05/13",2010,73.9,27.19,"住宅大樓(11層含以上有電梯)",8,"十三層/十三層","房地(土地+建物)+車位","1房1廳1衛","0","住家用",121.5746776,25.0498065
"臺北市松山區敦化北路１４５巷２３弄５號五樓","111/05/13",3296,120.2,27.42,"華廈(10層含以下有電梯)",1,"五層/七層","房地(土地+建物)+車位","1房1廳1衛","0","住家用",121.550351,25.0530168
"臺北市松山區南京東路五段２５０巷２弄１６之３號","111/05/13",1500,120.4,12.46,"華廈(10層含以下有電梯)",46,"一層,平台/六層","房地(土地+建物)","0房1廳1衛","0","住家用",121.5669117,25.0506317
"臺北市松山區光復南路２２巷３６號五樓","111/05/10",3600,87.5,41.14,"華廈(10層含以下有電梯)",30,"五層/九層","房地(土地+建物)","3房2廳2衛","0","住家用",121.5555105,25.0467996
"臺北市松山區新中街６巷２號四樓","111/05/10",4000,103.5,38.67,"公寓(5樓含以下無電梯)",53,"四層/四層","房地(土地+建物)","4房2廳2衛","0","住家用",121.5607372,25.05812
"臺北市松山區市民大道四段３９之３號二十二樓","111/05/08",25130,239.9,136.07,"住宅大樓(11層含以上有電梯)",2,"二十二層/二十三層","房地(土地+建物)+車位","2房2廳3衛","1,320","住家用",121.5458466,25.0457511
"臺北市松山區八德路四段１０６巷８弄１４號三樓","111/05/08",2138,75.9,28.16,"公寓(5樓含以下無電梯)",52,"三層/四層","房地(土地+建物)","3房2廳2衛","0","住家用",121.5604615,25.0470872
"臺北市松山區撫遠街２０１號二樓之２","111/05/08",1386,78,17.78,"華廈(10層含以下有電梯)",45,"二層/七層","房地(土地+建物)","2房1廳1衛","0","住家用",121.5679977,25.0599116
"臺北市松山區復興北路３３３號十二樓之４","111/05/08",1650,71.5,23.08,"住宅大樓(11層含以上有電梯)",39,"十二層/十二層","房地(土地+建物)","1房1廳1衛","0","住家用",121.5444343,25.059795
"臺北市松山區基隆路一段３０號十二樓","111/05/07",2300,60.3,38.14,"住宅大樓(11層含以上有電梯)",42,"十二層/十二層","房地(土地+建物)","3房2廳2衛","0","住家用",121.56981,25.0506174
"臺北市松山區民生東路五段６９巷１號七樓之７","111/05/07",784,84.6,9.27,"華廈(10層含以下有電梯)",43,"七層/七層","房地(土地+建物)","1房1廳1衛","0","住家用",121.558107,25.059041
"臺北市松山區富錦街４７３號","111/05/07",4200,127.7,32.9,"公寓(5樓含以下無電梯)",51,"一層/四層","房地(土地+建物)","3房2廳2衛","0","住家用",121.5625987,25.0609564
"臺北市松山區南京東路五段２３９號四樓之２３","111/05/06",2460,100.7,24.42,"住宅大樓(11層含以上有電梯)",13,"四層/十八層","房地(土地+建物)","1房2廳1衛","0","住家用",121.564802,25.051652
"臺北市松山區民權東路三段１７０號十二樓之１","111/05/05",3286.2,70.2,46.81,"住宅大樓(11層含以上有電梯)",40,"十二層/十二層","房地(土地+建物)+車位","9房0廳0衛","86","住家用",121.548913,25.0615339
"臺北市松山區八德路三段１９９巷１９號四樓之３","111/05/03",1586,77.8,20.39,"華廈(10層含以下有電梯)",38,"四層/七層","房地(土地+建物)","2房2廳2衛","0","住家用",121.5564981,25.0495005
"臺北市松山區光復南路１７巷４５號三樓","111/05/03",1950,68,28.69,"公寓(5樓含以下無電梯)",52,"三層,露台/四層","房地(土地+建物)","3房1廳1衛","0","住家用",121.5597068,25.0473053
"臺北市松山區撫遠街４０１巷５號四樓","111/05/02",1500,54.8,27.38,"公寓(5樓含以下無電梯)",47,"四層,陽台/四層","房地(土地+建物)","3房2廳1衛","0","住家用",121.5660367,25.0658415
"臺北市松山區撫遠街３５０號三樓之２","111/05/02",1016,60.7,16.73,"華廈(10層含以下有電梯)",42,"三層/七層","房地(土地+建物)","2房2廳2衛","0","住家用",121.5659881,25.0625734
"臺北市松山區三民路１０２巷１之１號四樓","111/05/01",2665,72.6,36.73,"公寓(5樓含以下無電梯)",48,"四層,陽台/四層","房地(土地+建物)","3房2廳2衛","0","住家用",121.5641857,25.0575501
"臺北市松山區三民路４３巷１７號四樓之１","111/05/01",5400,73.1,73.85,"住宅大樓(11層含以上有電梯)",18,"四層/十二層","房地(土地+建物)","3房2廳2衛","0","住家用",121.5609803,25.0558247
"臺北市松山區延壽街３３０巷１５號二樓之１","111/05/01",3050,78.9,38.65,"華廈(10層含以下有電梯)",30,"二層/七層","房地(土地+建物)","3房2廳2衛","0","住家用",121.5605487,25.0549062
"臺北市松山區八德路三段１９９巷２１號七樓之５","111/05/01",990,86,11.51,"華廈(10層含以下有電梯)",38,"七層/七層","房地(土地+建物)","1房1廳1衛","0","住家用",121.5564291,25.0493114
"臺北市松山區寶清街１０號五樓之４","111/04/29",1150,81.4,17.64,"華廈(10層含以下有電梯)",26,"五層/五層","房地(土地+建物)+車位","2房1廳1衛","180","住家用",121.5686983,25.0500945
"臺北市松山區敦化北路１０號十七樓","111/04/29",21290,204.1,121.89,"住宅大樓(11層含以上有電梯)",3,"十七層/二十三層","房地(土地+建物)+車位","3房2廳3衛","700","住家用",121.5485866,25.050307
"臺北市松山區八德路四段６３６號十樓之１","111/04/28",1880,97.4,19.3,"住宅大樓(11層含以上有電梯)",8,"十層/十三層","房地(土地+建物)+車位","1房1廳1衛","0","住家用",121.5746776,25.0498065
"臺北市松山區南京東路五段４０號十八樓之２","111/04/28",1770,83,21.32,"住宅大樓(11層含以上有電梯)",32,"十八層/十九層","房地(土地+建物)","2房2廳1衛","0","住家用",121.5593594,25.0513586
"臺北市松山區市民大道五段１１９號四樓","111/04/28",1580,62.7,25.21,"公寓(5樓含以下無電梯)",45,"四層,陽台/四層","房地(土地+建物)","3房2廳1衛","0","住家用",121.5633361,25.0478056
"臺北市松山區健康路３２５巷５弄１號八樓","111/04/27",5768,84.1,68.57,"住宅大樓(11層含以上有電梯)",22,"八層/十二層","房地(土地+建物)+車位","4房2廳2衛","300","住家用",121.5670744,25.0548196
"臺北市松山區三民路１０１巷２０號四樓","111/04/27",2550,72.4,35.22,"公寓(5樓含以下無電梯)",50,"四層/四層","房地(土地+建物)","3房2廳2衛","0","住家用",121.5625003,25.0574215
"臺北市松山區八德路三段９９巷４弄１２號四樓","111/04/27",2156,80.8,26.69,"公寓(5樓含以下無電梯)",54,"四層/四層","房地(土地+建物)","2房2廳2衛","0","住家用",121.5531762,25.0488217
"臺北市松山區富錦街３４９號四樓","111/04/26",1100,39.1,28.16,"公寓(5樓含以下無電梯)",50,"四層/四層","房地(土地+建物)","2房2廳1衛","0","住家用",121.5576087,25.0606568
"臺北市松山區復興南路一段２７號十二樓之２","111/04/26",11500,76.3,150.63,"住宅大樓(11層含以上有電梯)",40,"十二層/十二層","房地(土地+建物)","8房2廳2衛","0","住家用",121.5441897,25.0465878
"臺北市松山區民生東路五段１９８號二十樓","111/04/25",3600,78.9,45.64,"住宅大樓(11層含以上有電梯)",33,"二十層/二十層","房地(土地+建物)+車位","2房2廳2衛","400","住家用",121.5644276,25.0586278
"臺北市松山區寶清街１０３之１０號九樓","111/04/25",2822,69.8,40.4,"住宅大樓(11層含以上有電梯)",4,"九層/十三層","房地(土地+建物)+車位","2房2廳2衛","0","住家用",121.5678665,25.0533268
"臺北市松山區三民路７４巷８號六樓之１","111/04/24",2674,74.8,35.76,"華廈(10層含以下有電梯)",30,"六層/七層","房地(土地+建物)","3房2廳2衛","0","住家用",121.5652967,25.0557424
"臺北市松山區撫遠街３８３巷２號三樓","111/04/24",1920,63,30.47,"公寓(5樓含以下無電梯)",48,"三層/四層","房地(土地+建物)","3房2廳1衛","0","住家用",121.5659822,25.0645811
"臺北市松山區民權東路三段１６０巷９號七樓","111/04/24",3958,86.4,45.79,"華廈(10層含以下有電梯)",42,"七層/七層","房地(土地+建物)","6房0廳6衛","0","住家用",121.5478694,25.0607534
"臺北市松山區光復南路４６巷３６號十一樓之３","111/04/24",5928,114,51.98,"住宅大樓(11層含以上有電梯)",1,"十一層/二十二層","房地(土地+建物)+車位","3房2廳2衛","0","住家用",121.5547899,25.0457835
"臺北市松山區新東街５０號三樓","111/04/24",1584,53.4,29.66,"公寓(5樓含以下無電梯)",48,"三層/四層","房地(土地+建物)","3房2廳1衛","0","住家用",121.5653092,25.0615218
"臺北市松山區延壽街６６之１號五樓","111/04/24",4080,59.7,68.35,"華廈(10層含以下有電梯)",24,"五層,六層/六層","房地(土地+建物)+車位","4房2廳2衛","250","住家用",121.5659243,25.0569079
"臺北市松山區健康路１６６號四樓","111/04/24",3006,74.7,40.27,"住宅大樓(11層含以上有電梯)",44,"四層/十三層","房地(土地+建物)","3房2廳2衛","0","住家用",121.5582461,25.0536002
"臺北市松山區三民路１８號八樓","111/04/24",4188,92.3,45.38,"住宅大樓(11層含以上有電梯)",8,"八層/十一層","房地(土地+建物)+車位","3房2廳2衛","220","住家用",121.5639624,25.0526141
"臺北市松山區健康路３２５巷５弄１號二樓","111/04/24",5338,67.7,78.8,"住宅大樓(11層含以上有電梯)",22,"二層/十二層","房地(土地+建物)+車位","3房2廳2衛","600","住家用",121.5670744,25.0548196
"臺北市松山區南京東路五段２３巷１８號五樓","111/04/23",2268,63.7,35.63,"公寓(5樓含以下無電梯)",43,"五層/五層","房地(土地+建物)","4房0廳4衛","0","住家用",121.5581897,25.0532585
"臺北市松山區松河街１６８號十二樓之１","111/04/23",6984,81.7,85.52,"住宅大樓(11層含以上有電梯)",2,"十二層/二十四層","房地(土地+建物)+車位","4房2廳4衛","0","住家用",121.5765559,25.0509625
"臺北市松山區延壽街３３０巷１８號二樓之２","111/04/23",5688,89.1,63.87,"住宅大樓(11層含以上有電梯)",13,"二層/十一層","房地(土地+建物)","4房2廳2衛","0","住家用",121.5602171,25.055164
"臺北市松山區復興北路１５號十二樓之１２","111/04/23",2350,69.8,33.68,"住宅大樓(11層含以上有電梯)",44,"十二層/十五層","房地(土地+建物)","1房1廳2衛","0","住家用",121.544233,25.04894
"臺北市松山區民生東路五段２７之１號三樓","111/04/22",1910,106.3,17.97,"華廈(10層含以下有電梯)",5,"三層/七層","房地(土地+建物)","1房1廳1衛","0","住家用",121.5563347,25.0585926
"臺北市松山區八德路三段２２５號八樓之４","111/04/22",1138,91.2,12.48,"住宅大樓(11層含以上有電梯)",33,"八層/十二層","房地(土地+建物)","1房1廳1衛","0","住家用",121.557021,25.048255
"臺北市松山區光復北路１５５巷１３號五樓","111/04/20",2276,77.5,29.36,"公寓(5樓含以下無電梯)",44,"五層/五層","房地(土地+建物)","3房2廳2衛","0","住家用",121.5563089,25.0555243
"臺北市松山區健康路１７０號八樓","111/04/20",3150,80.6,39.06,"住宅大樓(11層含以上有電梯)",44,"八層/十三層","房地(土地+建物)","3房2廳2衛","0","住家用",121.558227,25.0533209
"臺北市松山區三民路１０７巷２５號三樓","111/04/19",2200,81,27.15,"公寓(5樓含以下無電梯)",50,"三層/四層","房地(土地+建物)","3房2廳1衛","0","住家用",121.5622007,25.0575766
"臺北市松山區民生東路五段２０６號十四樓","111/04/19",4300,81.9,57.58,"住宅大樓(11層含以上有電梯)",33,"十四層/二十層","房地(土地+建物)+車位","4房2廳2衛","350","住家用",121.5647253,25.0587146
"臺北市松山區延壽街３３０巷１８號三樓之１","111/04/18",5500,86.1,63.87,"住宅大樓(11層含以上有電梯)",13,"三層/十一層","房地(土地+建物)+車位","4房2廳2衛","0","住家用",121.5602171,25.055164
"臺北市松山區敦化北路１９９巷１４之１號三樓","111/04/18",5858,88.2,66.39,"華廈(10層含以下有電梯)",28,"三層/七層","房地(土地+建物)","4房2廳2衛","0","住家用",121.5508283,25.0555404
"臺北市松山區復興北路３１３巷４０號四樓","111/04/18",8360,86.1,97.06,"住宅大樓(11層含以上有電梯)",14,"四層/十一層","房地(土地+建物)+車位","3房1廳2衛","0","住家用",121.5467871,25.0588161
"臺北市松山區光復北路２３４號二樓","111/04/17",1500,52.9,28.37,"公寓(5樓含以下無電梯)",47,"二層,陽台/四層","房地(土地+建物)","3房2廳2衛","0","住家用",121.5554266,25.0564064
"臺北市松山區健康路１８３之１號十二樓","111/04/17",2570,82.9,31,"住宅大樓(11層含以上有電梯)",29,"十二層/十二層","房地(土地+建物)","3房2廳2衛","0","住家用",121.561321,25.0543769
"臺北市松山區南京東路三段３０３巷１４弄６之１號二樓","111/04/16",2115,81.4,26,"華廈(10層含以下有電梯)",36,"二層/七層","房地(土地+建物)","1房2廳1衛","0","住家用",121.54736,25.053277
"臺北市松山區延壽街３７４號四樓","111/04/16",3007,73.2,41.1,"華廈(10層含以下有電梯)",44,"四層/七層","房地(土地+建物)","3房2廳2衛","0","住家用",121.5581957,25.056357
"臺北市松山區長春路３５５號六樓","111/04/16",4388,91.5,47.94,"住宅大樓(11層含以上有電梯)",35,"六層/十四層","房地(土地+建物)","2房2廳2衛","0","住家用",121.5456688,25.0546469
"臺北市松山區南京東路三段３３５巷２３號六樓之２４","111/04/15",800,91.6,8.73,"華廈(10層含以下有電梯)",37,"六層/七層","房地(土地+建物)","1房0廳1衛","0","住家用",121.5475732,25.0534652
"臺北市松山區三民路３５巷６號六樓之３","111/04/15",5200,75.2,69.13,"住宅大樓(11層含以上有電梯)",18,"六層/十四層","房地(土地+建物)+車位","4房2廳2衛","0","住家用",121.563215,25.0559196
"臺北市松山區敦化南路一段１００巷７弄１２號二樓","111/04/14",3650,114,32.02,"華廈(10層含以下有電梯)",8,"二層/七層","房地(土地+建物)+車位","2房2廳1衛","0","住家用",121.5478603,25.0458296
"臺北市松山區民生東路四段１１９號四樓","111/04/14",2900,90.4,32.06,"公寓(5樓含以下無電梯)",54,"四層/四層","房地(土地+建物)","5房1廳2衛","0","住家用",121.553377,25.058259
"臺北市松山區民權東路三段１８６號八樓","111/04/14",1900,44.8,42.44,"華廈(10層含以下有電梯)",36,"八層/八層","房地(土地+建物)","4房2廳3衛","0","住家用",121.5500186,25.0614415
"臺北市松山區八德路三段１５８巷８弄１０號四樓","111/04/14",2939,83.4,35.24,"華廈(10層含以下有電梯)",44,"四層/七層","房地(土地+建物)","3房2廳2衛","0","住家用",121.5548174,25.0475843
"臺北市松山區延壽街４０２巷３弄１９號四樓之５","111/04/14",3368,76.2,44.2,"華廈(10層含以下有電梯)",43,"四層/七層","房地(土地+建物)","3房2廳2衛","0","住家用",121.5580779,25.0557524
"臺北市松山區民生東路五段２０２號十六樓之１","111/04/13",705,79,8.92,"住宅大樓(11層含以上有電梯)",33,"十六層/二十層","房地(土地+建物)","1房0廳1衛","0","住家用",121.5644799,25.0581502
"臺北市松山區三民路３８號七樓","111/04/13",2300,97.9,23.5,"華廈(10層含以下有電梯)",13,"七層/八層","房地(土地+建物)+車位","2房1廳1衛","0","住家用",121.5639867,25.0533301
"臺北市松山區民族東路６５６號七樓","111/04/12",4150,56,74.15,"華廈(10層含以下有電梯)",39,"七層/七層","房地(土地+建物)","7房4廳4衛","0","住家用",121.546122,25.065018
"臺北市松山區復興北路４８９號七樓","111/04/12",1080,80.5,13.42,"住宅大樓(11層含以上有電梯)",15,"七層/十一層","房地(土地+建物)","1房1廳1衛","0","住家用",121.5444774,25.0649764
"臺北市松山區八德路四段４４５號三樓之３","111/04/12",800,75.6,10.59,"住宅大樓(11層含以上有電梯)",14,"三層/十四層","房地(土地+建物)","1房1廳1衛","0","住家用",121.57042,25.049921
"臺北市松山區光復北路１１巷９７號十四樓之２","111/04/11",3400,83.1,40.89,"住宅大樓(11層含以上有電梯)",33,"十四層/十四層","房地(土地+建物)","3房2廳2衛","0","住家用",121.5623589,25.0504397
"臺北市松山區富錦街４２７號七樓","111/04/11",4330,91.9,47.11,"華廈(10層含以下有電梯)",40,"七層/七層","房地(土地+建物)","3房2廳2衛","0","住家用",121.5613087,25.0609978
"臺北市松山區撫遠街４０１巷１７號三樓","111/04/11",900,32.9,27.38,"公寓(5樓含以下無電梯)",47,"三層,陽臺/四層","房地(土地+建物)","3房1廳1衛","0","住家用",121.5666934,25.0659321
"臺北市松山區八德路四段７２巷１６弄１４號二樓之１","111/04/10",956,75.8,12.62,"華廈(10層含以下有電梯)",31,"二層/六層","房地(土地+建物)","1房1廳1衛","0","住家用",121.5595965,25.0464396
"臺北市松山區三民路１１３巷２２號二樓之１","111/04/09",2650,75.2,35.26,"住宅大樓(11層含以上有電梯)",42,"二層/十二層","房地(土地+建物)","2房2廳2衛","0","住家用",121.5619916,25.0582052
"臺北市松山區民權東路三段１０３巷５弄３１號六樓之１","111/04/09",2550,72.7,35.08,"華廈(10層含以下有電梯)",37,"六層/七層","房地(土地+建物)","3房2廳2衛","0","住家用",121.5461862,25.0630547
"臺北市松山區撫遠街２５５巷２０號五樓","111/04/09",2000,63.9,31.28,"公寓(5樓含以下無電梯)",40,"五層/五層","房地(土地+建物)","3房2廳2衛","0","住家用",121.5680262,25.0612382
"臺北市松山區南京東路五段４１５號十二樓","111/04/09",2528,81.9,35.59,"住宅大樓(11層含以上有電梯)",5,"十二層/十二層","房地(土地+建物)+車位","2房1廳1衛","150","住家用",121.5706214,25.0517043
"臺北市松山區南京東路五段４１５號七樓","111/04/09",2435,78.7,35.59,"住宅大樓(11層含以上有電梯)",5,"七層/十二層","房地(土地+建物)+車位","2房1廳1衛","150","住家用",121.5706214,25.0517043
"臺北市松山區南京東路五段２５０巷１２之１號","111/04/07",3368,135.6,24.84,"華廈(10層含以下有電梯)",48,"一層,平台/六層","房地(土地+建物)","1房1廳1衛","0","住家用",121.5661982,25.0504017
"臺北市松山區民生東路五段６９巷３弄１３號四樓之１","111/04/07",4150,92.8,44.7,"華廈(10層含以下有電梯)",43,"四層/七層","房地(土地+建物)","3房2廳2衛","0","住家用",121.5573948,25.0593579
"臺北市松山區光復北路８５巷２７號五樓","111/04/07",3515,81.8,42.97,"華廈(10層含以下有電梯)",42,"五層/七層","房地(土地+建物)","3房2廳2衛","0","住家用",121.559467,25.05063
"臺北市松山區民權東路三段１０３巷１號九樓之３","111/04/07",2250,74.4,30.25,"華廈(10層含以下有電梯)",37,"九層/十層","房地(土地+建物)","3房2廳1衛","0","住家用",121.5451054,25.0624638
"臺北市松山區民生東路五段２１３號","111/04/06",4250,122.6,34.68,"公寓(5樓含以下無電梯)",49,"一層,平台/四層","房地(土地+建物)","1房1廳1衛","0","住家用",121.5668513,25.0592842
"臺北市松山區南京東路五段１６６號九樓","111/04/06",3200,71.8,44.55,"住宅大樓(11層含以上有電梯)",33,"九層/十二層","房地(土地+建物)","0房0廳2衛","0","住家用",121.5632848,25.0513046
"臺北市松山區寶清街１０３之６號三樓","111/04/06",3000,72.4,41.45,"住宅大樓(11層含以上有電梯)",4,"三層/十三層","房地(土地+建物)+車位","2房1廳2衛","0","住家用",121.5678665,25.0533268
"臺北市松山區延吉街４８巷３號七樓","111/04/06",2500,76.5,32.69,"華廈(10層含以下有電梯)",44,"七層/七層","房地(土地+建物)","3房2廳2衛","0","住家用",121.5535439,25.0449177
"臺北市松山區民生東路四段８０巷１弄６號四樓","111/04/05",2830,85.5,33.11,"公寓(5樓含以下無電梯)",46,"四層,陽臺/五層","房地(土地+建物)","3房2廳2衛","0","住家用",121.5533375,25.0575471
"臺北市松山區南京東路五段４１５號九樓","111/04/02",2550,82.6,35.59,"住宅大樓(11層含以上有電梯)",5,"九層/十二層","房地(土地+建物)+車位","2房2廳1衛","150","住家用",121.5706214,25.0517043
"臺北市松山區南京東路五段４１５號四樓之２","111/04/01",2118,68.5,34.82,"住宅大樓(11層含以上有電梯)",5,"四層/十二層","房地(土地+建物)+車位","2房2廳1衛","180","住家用",121.5706214,25.0517043
"臺北市松山區南京東路五段１２３巷１弄２２號九樓","111/04/01",2975,82.9,35.87,"住宅大樓(11層含以上有電梯)",37,"九層/十四層","房地(土地+建物)","3房2廳2衛","0","住家用",121.5597524,25.0520123
"臺北市松山區延壽街３３０巷１８號二樓之３","111/04/01",5620,88,63.87,"住宅大樓(11層含以上有電梯)",13,"二層/十一層","房地(土地+建物)","3房2廳2衛","0","住家用",121.5602171,25.055164
"臺北市松山區八德路四段６３６號十三樓之６","111/04/01",2400,83.2,28.83,"住宅大樓(11層含以上有電梯)",8,"十三層/十三層","房地(土地+建物)+車位","1房0廳1衛","0","住家用",121.5746776,25.0498065
"臺北市松山區八德路二段３４８號十二樓之３","111/04/01",1220,119.6,10.2,"住宅大樓(11層含以上有電梯)",13,"十二層/十四層","房地(土地+建物)","1房1廳1衛","0","住家用",121.545363,25.0476012
"臺北市松山區南京東路五段２３９號十二樓之１７","111/04/01",1378,81.8,16.84,"住宅大樓(11層含以上有電梯)",13,"十二層/十八層","房地(土地+建物)","1房1廳1衛","0","住家用",121.564802,25.051652
"臺北市松山區南京東路五段２３９號十二樓之１８","111/04/01",1368,81.2,16.84,"住宅大樓(11層含以上有電梯)",13,"十二層/十八層","房地(土地+建物)","1房1廳1衛","0","住家用",121.564802,25.051652
"臺北市松山區八德路四段６３６號十三樓之１１","111/03/31",1394,111,12.56,"住宅大樓(11層含以上有電梯)",8,"十三層/十三層","房地(土地+建物)","1房0廳1衛","0","住家用",121.5746776,25.0498065
"臺北市松山區民生東路四段７５巷５弄５號七樓之３","111/03/31",1320,94.1,14.02,"華廈(10層含以下有電梯)",14,"七層/八層","房地(土地+建物)+車位","1房1廳1衛","0","住家用",121.5510342,25.058731
"臺北市松山區八德路三段１２巷５弄２號四樓","111/03/31",2480,73.1,33.95,"華廈(10層含以下有電梯)",40,"四層/七層","房地(土地+建物)","5房0廳5衛","0","住家用",121.5512757,25.0475893
"臺北市松山區八德路四段４４５號七樓之７","111/03/30",998,85.7,11.65,"住宅大樓(11層含以上有電梯)",14,"七層/十四層","房地(土地+建物)","1房1廳1衛","0","住家用",121.57042,25.049921
"臺北市松山區富錦街４２９巷３號七樓","111/03/30",5180,92.4,56.03,"華廈(10層含以下有電梯)",40,"七層/七層","房地(土地+建物)","3房2廳2衛","0","住家用",121.5612938,25.0610611
"臺北市松山區民生東路五段１５３號十二樓之９","111/03/30",1760,75.2,23.4,"住宅大樓(11層含以上有電梯)",39,"十二層/十五層","房地(土地+建物)","2房2廳1衛","0","住家用",121.5622734,25.0591086
"臺北市松山區三民路１３６巷３８號六樓","111/03/29",1150,90.3,12.74,"華廈(10層含以下有電梯)",50,"六層/六層","房地(土地+建物)","2房1廳1衛","0","住家用",121.5638911,25.0604367
"臺北市松山區東興路２巷１５號","111/03/29",1500,85.1,17.62,"華廈(10層含以下有電梯)",41,"一層/七層","房地(土地+建物)","3房2廳2衛","0","住家用",121.56468,25.050476
"臺北市松山區三民路１０８之２７號","111/03/29",850,79.3,10.72,"華廈(10層含以下有電梯)",48,"一層/八層","房地(土地+建物)","1房1廳1衛","0","住家用",121.564018,25.0579719
"臺北市松山區南京東路五段４１５號八樓","111/03/29",2415,78,35.59,"住宅大樓(11層含以上有電梯)",5,"八層/十二層","房地(土地+建物)+車位","2房1廳1衛","150","住家用",121.5706214,25.0517043
"臺北市松山區民權東路五段２號","111/03/28",2000,96.8,20.66,"公寓(5樓含以下無電梯)",47,"一層,平台/四層","房地(土地+建物)","3房2廳2衛","0","住家用",121.5632815,25.0626236
"臺北市松山區民權東路三段１６０巷１９弄１４號","111/03/28",1600,35.4,45.17,"華廈(10層含以下有電梯)",42,"一層/七層","房地(土地+建物)","1房1廳1衛","0","住家用",121.5479631,25.0599605
"臺北市松山區新中街３９號三樓","111/03/27",2988,84.9,35.21,"公寓(5樓含以下無電梯)",44,"三層/五層","房地(土地+建物)","3房2廳2衛","0","住家用",121.5602785,25.0602943
"臺北市松山區南京東路五段５９巷３０弄８號","111/03/27",3660,120.6,30.36,"公寓(5樓含以下無電梯)",50,"一層/四層","房地(土地+建物)","1房2廳2衛","0","住家用",121.5589263,25.0529296
"臺北市松山區興安街２１０號七樓","111/03/27",4700,111.7,42.09,"華廈(10層含以下有電梯)",38,"七層/七層","房地(土地+建物)","4房2廳2衛","0","住家用",121.5458676,25.0559593
"臺北市松山區富錦街７７巷２弄２號三樓","111/03/26",4200,86.5,48.56,"公寓(5樓含以下無電梯)",52,"三層/四層","房地(土地+建物)","4房2廳2衛","0","住家用",121.5516335,25.0601169
"臺北市松山區南京東路四段１５８巷８號六樓","111/03/26",3320,87,38.15,"華廈(10層含以下有電梯)",39,"六層/七層","房地(土地+建物)","3房2廳2衛","0","住家用",121.5565193,25.050788
"臺北市松山區民生東路五段２０４號十七樓之３","111/03/26",3320,71,46.79,"住宅大樓(11層含以上有電梯)",33,"十七層/二十層","房地(土地+建物)+車位","3房2廳2衛","0","住家用",121.564772,25.0582051
"臺北市松山區民生東路五段２０２號二十樓之１３","111/03/25",912,79.9,11.41,"住宅大樓(11層含以上有電梯)",33,"二十層/二十層","房地(土地+建物)","1房1廳1衛","0","住家用",121.5644799,25.0581502
"臺北市松山區光復北路７號六樓","111/03/25",2960,87.6,33.8,"住宅大樓(11層含以上有電梯)",40,"六層/十一層","房地(土地+建物)","0房1廳1衛","0","住家用",121.558027,25.0489618
"臺北市松山區民生東路四段９７巷４弄１４號四樓","111/03/25",2850,94.2,30.25,"公寓(5樓含以下無電梯)",54,"四層/四層","房地(土地+建物)","3房2廳1衛","0","住家用",121.552916,25.058828
"臺北市松山區南京東路五段１６４號十一樓之１","111/03/24",2665,75,35.53,"住宅大樓(11層含以上有電梯)",37,"十一層/十七層","房地(土地+建物)","3房2廳2衛","0","住家用",121.5630797,25.0512766
"臺北市松山區民生東路五段１５１號九樓之１４","111/03/24",1050,66.3,15.83,"住宅大樓(11層含以上有電梯)",39,"九層/十五層","房地(土地+建物)","1房0廳1衛","0","住家用",121.5621851,25.059107
"臺北市松山區健康路１６２之３號十樓","111/03/23",4330,73.9,68.03,"住宅大樓(11層含以上有電梯)",36,"十層/十五層","房地(土地+建物)+車位","4房2廳2衛","300","住家用",121.5579254,25.0532502
"臺北市松山區健康路４１８號三樓之１","111/03/23",7100,77.4,91.78,"住宅大樓(11層含以上有電梯)",11,"三層/十五層","房地(土地+建物)+車位","4房2廳2衛","0","住家用",121.5671133,25.05416
"臺北市松山區民權東路三段１６０巷２號三樓之７","111/03/23",1836,79.6,23.08,"住宅大樓(11層含以上有電梯)",42,"三層,四層/十二層","房地(土地+建物)","4房1廳1衛","0","住家用",121.5475885,25.0616933
"臺北市松山區長安東路二段２１５號十五樓之９","111/03/22",2900,67.8,42.78,"住宅大樓(11層含以上有電梯)",44,"十五層/十五層","房地(土地+建物)","5房5廳5衛","0","住家用",121.5445221,25.0484092
"臺北市松山區健康路３２５巷２５弄１８號四樓","111/03/22",4403.5,66.6,66.09,"住宅大樓(11層含以上有電梯)",1,"四層/十三層","房地(土地+建物)+車位","3房2廳2衛","0","住家用",121.5663901,25.0563657
"臺北市松山區南京東路五段２５０巷３６弄１９號二樓","111/03/22",1970,74.1,26.6,"華廈(10層含以下有電梯)",45,"二層/六層","房地(土地+建物)","3房2廳2衛","0","住家用",121.5671355,25.0497674
"臺北市松山區八德路三段２２５號七樓之２","111/03/22",900,78.5,11.47,"住宅大樓(11層含以上有電梯)",33,"七層/十二層","房地(土地+建物)","1房0廳1衛","0","住家用",121.5570526,25.048289
"臺北市松山區健康路１６２之２號十樓","111/03/22",1500,78.4,19.14,"住宅大樓(11層含以上有電梯)",36,"十層/十五層","房地(土地+建物)","2房2廳2衛","0","住家用",121.5579254,25.0532502
"臺北市松山區八德路二段３４８號十二樓之２","111/03/21",1230,123.9,9.93,"住宅大樓(11層含以上有電梯)",13,"十二層/十四層","房地(土地+建物)","1房1廳1衛","0","住家用",121.545363,25.0476012
"臺北市松山區民生東路五段１７８號八樓之４","111/03/21",1000,26.8,37.3,"住宅大樓(11層含以上有電梯)",43,"八層/十五層","房地(土地+建物)","3房2廳2衛","0","住家用",121.563041,25.058299
"臺北市松山區八德路四段２４５巷１８號七樓","111/03/21",5300,92.2,65.02,"住宅大樓(11層含以上有電梯)",20,"七層/十二層","房地(土地+建物)+車位","4房2廳2衛","300","住家用",121.5645022,25.0496329
"臺北市松山區南京東路五段４１５號十一樓","111/03/21",2485,80.4,35.59,"住宅大樓(11層含以上有電梯)",5,"十一層/十二層","房地(土地+建物)+車位","2房1廳1衛","150","住家用",121.5706214,25.0517043
"臺北市松山區撫遠街４００巷３８號三樓","111/03/21",830,61.4,13.51,"公寓(5樓含以下無電梯)",51,"三層/四層","房地(土地+建物)","2房1廳1衛","0","住家用",121.5648925,25.0656507
"臺北市松山區健康路３２５巷２５弄１８號二樓","111/03/21",3885.9,72.6,53.51,"住宅大樓(11層含以上有電梯)",1,"二層/十三層","房地(土地+建物)+車位","3房2廳2衛","0","住家用",121.5663901,25.0563657
"臺北市松山區民生東路五段２５７號二樓之１","111/03/21",750,72.6,10.33,"華廈(10層含以下有電梯)",16,"二層/八層","房地(土地+建物)","1房1廳1衛","0","住家用",121.568677,25.059455
"臺北市松山區八德路三段１０６巷８６號二樓","111/03/20",6950,102,75.64,"住宅大樓(11層含以上有電梯)",14,"二層/十一層","房地(土地+建物)+車位","3房2廳2衛","300","住家用",121.5541354,25.045398
"臺北市松山區敦化北路４巷３７號四樓","111/03/20",970,106.4,9.12,"華廈(10層含以下有電梯)",6,"四層/六層","房地(土地+建物)","1房0廳1衛","0","住家用",121.5451042,25.0500935
"臺北市松山區南京東路三段３０３巷１４弄６號四樓","111/03/20",1113,87.4,12.73,"華廈(10層含以下有電梯)",36,"四層/七層","房地(土地+建物)","1房1廳1衛","0","住家用",121.54736,25.053277
"臺北市松山區民生東路五段１３７巷２號十二樓之５","111/03/20",2920,77.5,37.68,"住宅大樓(11層含以上有電梯)",45,"十二層/十二層","房地(土地+建物)","2房2廳2衛","0","住家用",121.5616249,25.0590597
"臺北市松山區民生東路四段１１２巷３弄４號三樓","111/03/20",1385,85.5,16.21,"公寓(5樓含以下無電梯)",48,"三層/四層","房地(土地+建物)","3房2廳2衛","0","住家用",121.5546772,25.0572616
"臺北市松山區八德路二段３７４號八樓之９","111/03/20",1586,85.5,18.56,"住宅大樓(11層含以上有電梯)",40,"八層/十二層","房地(土地+建物)","1房1廳0衛","0","住家用",121.5462165,25.0480033
"臺北市松山區民族東路７４９號三樓","111/03/20",3600,59.2,60.77,"華廈(10層含以下有電梯)",38,"三層/七層","房地(土地+建物)+車位","4房2廳2衛","0","住家用",121.549525,25.0625161
"臺北市松山區八德路四段４４５號三樓之１１","111/03/19",980,63.7,15.39,"住宅大樓(11層含以上有電梯)",14,"三層/十四層","房地(土地+建物)+車位","1房1廳1衛","100","住家用",121.57042,25.049921
"臺北市松山區敦化南路一段１００巷５５號二樓","111/03/18",4700,97.2,48.38,"華廈(10層含以下有電梯)",37,"二層/七層","房地(土地+建物)","3房2廳2衛","0","住家用",121.5468514,25.0461347
"臺北市松山區健康路３２５巷２５弄１之１號","111/03/18",1300,34.6,37.54,"華廈(10層含以下有電梯)",29,"一層/七層","房地(土地+建物)","3房1廳2衛","0","住家用",121.5670361,25.0565747
"臺北市松山區長安東路二段２１５號十五樓之４","111/03/17",1466,69.2,21.19,"住宅大樓(11層含以上有電梯)",44,"十五層/十五層","房地(土地+建物)","2房2廳1衛","0","住家用",121.5444999,25.0483809
"臺北市松山區健康路３２５巷２５弄１８號三樓","111/03/17",4283.7,96.5,53.68,"住宅大樓(11層含以上有電梯)",1,"三層/十三層","房地(土地+建物)+車位","3房2廳2衛","300","住家用",121.5663901,25.0563657
"臺北市松山區光復北路９號六樓","111/03/17",2800,77.8,35.98,"住宅大樓(11層含以上有電梯)",40,"六層/十一層","房地(土地+建物)","3房2廳2衛","0","住家用",121.5580506,25.0490493
"臺北市松山區八德路四段２０４巷７弄１４號","111/03/17",2070,81.5,25.41,"公寓(5樓含以下無電梯)",46,"一層,平台/四層","房地(土地+建物)","3房2廳2衛","0","住家用",121.5646977,25.0483097
"臺北市松山區撫遠街４００巷４號二樓","111/03/16",642,52.7,12.19,"公寓(5樓含以下無電梯)",51,"二層/四層","房地(土地+建物)","2房1廳1衛","0","住家用",121.565395,25.06557
"臺北市松山區三民路６８巷９號七樓之３","111/03/16",1560,41.4,37.66,"華廈(10層含以下有電梯)",30,"七層/七層","房地(土地+建物)","3房2廳2衛","0","住家用",121.5653444,25.0553841
"臺北市松山區八德路四段２０４巷６弄１４號二樓","111/03/16",1945,62.1,31.3,"公寓(5樓含以下無電梯)",47,"二層,陽台/四層","房地(土地+建物)","3房2廳2衛","0","住家用",121.5636203,25.0480469
"臺北市松山區復興北路３１３巷３７號四樓","111/03/15",4700,79.3,59.28,"華廈(10層含以下有電梯)",41,"四層/七層","房地(土地+建物)","3房2廳2衛","0","住家用",121.5466437,25.0590239
"臺北市松山區八德路三段１５５巷２１號四樓","111/03/15",3058,79.9,38.28,"公寓(5樓含以下無電梯)",49,"四層/四層","房地(土地+建物)","3房2廳2衛","0","住家用",121.5549768,25.0492929
"臺北市松山區民生東路五段１９８號十八樓之６","111/03/15",1080,52,20.77,"住宅大樓(11層含以上有電梯)",33,"十八層/二十層","房地(土地+建物)+車位","0房1廳1衛","0","住家用",121.5643859,25.058699
"臺北市松山區敦化北路２３８巷１９號五樓","111/03/15",1860,72.1,25.81,"公寓(5樓含以下無電梯)",43,"五層/五層","房地(土地+建物)","3房2廳2衛","0","住家用",121.5484331,25.0605737
"臺北市松山區敦化北路１９９巷１０之３號五樓","111/03/14",4200,81.7,51.41,"住宅大樓(11層含以上有電梯)",28,"五層/十二層","房地(土地+建物)+車位","3房2廳2衛","0","住家用",121.5507595,25.056268
"臺北市松山區光復北路１６１巷６號五樓","111/03/14",2400,80.5,29.81,"公寓(5樓含以下無電梯)",44,"五層/五層","房地(土地+建物)","3房2廳1衛","0","住家用",121.5559109,25.0557252
"臺北市松山區南京東路五段２３９號七樓之２５","111/03/14",1186,86.4,13.73,"住宅大樓(11層含以上有電梯)",13,"七層/十八層","房地(土地+建物)","1房1廳1衛","0","住家用",121.564802,25.051652
"臺北市松山區八德路二段４３７巷１０弄７號四樓","111/03/13",4700,88.9,52.89,"華廈(10層含以下有電梯)",36,"四層/五層","房地(土地+建物)","3房2廳2衛","0","住家用",121.5470323,25.0496148
"臺北市松山區三民路３５巷２號十二樓之１","111/03/13",5200,75.2,69.13,"住宅大樓(11層含以上有電梯)",18,"十二層/十四層","房地(土地+建物)","4房2廳2衛","0","住家用",121.56321,25.055918900000002
"臺北市松山區敦化北路１２０巷７２號四樓","111/03/13",1450,33.4,43.4,"華廈(10層含以下有電梯)",36,"四層/七層","房地(土地+建物)","3房2廳2衛","0","住家用",121.546406,25.0542329
"臺北市松山區新東街２６巷４３號四樓","111/03/13",1400,50.4,27.79,"公寓(5樓含以下無電梯)",49,"四層/四層","房地(土地+建物)","3房1廳1衛","0","住家用",121.5679418,25.0588865
"臺北市松山區塔悠路１９號十二樓之４","111/03/12",1380,73.3,18.82,"住宅大樓(11層含以上有電梯)",40,"十二層/十二層","房地(土地+建物)","2房1廳1衛","0","住家用",121.5719533,25.0504785
"臺北市松山區新東街１６巷１０號二樓","111/03/11",2200,67.8,32.44,"公寓(5樓含以下無電梯)",49,"二層/四層","房地(土地+建物)","6房0廳6衛","0","住家用",121.5667326,25.058093
"臺北市松山區吉祥路３９號七樓","111/03/11",4250,91.2,57.28,"華廈(10層含以下有電梯)",29,"七層/七層","房地(土地+建物)+車位","4房2廳2衛","250","住家用",121.562641,25.0499637
"臺北市松山區八德路四段２４５巷５２弄２５號七樓","111/03/11",3800,99.3,38.26,"華廈(10層含以下有電梯)",36,"七層/七層","房地(土地+建物)","5房3廳4衛","0","住家用",121.5628638,25.0504538
"臺北市松山區撫遠街３９４巷３之１號","111/03/10",667.9,20.9,31.94,"公寓(5樓含以下無電梯)",47,"一層,平台/四層","房地(土地+建物)","3房2廳2衛","0","住家用",121.5653425,25.0649882
"臺北市松山區南京東路五段３３號十樓之２","111/03/10",820,84.3,9.73,"住宅大樓(11層含以上有電梯)",26,"十層/十一層","房地(土地+建物)","1房1廳1衛","0","住家用",121.558485,25.051876
"臺北市松山區三民路３８號六樓之２、三民路３８號六樓之３","111/03/10",2830,90,31.45,"華廈(10層含以下有電梯)",13,"六層/八層","房地(土地+建物)+車位","1房1廳1衛","0","住家用",121.5639867,25.0533301
"臺北市松山區南京東路五段４１５號六樓之２","111/03/09",2200,72.5,34.82,"住宅大樓(11層含以上有電梯)",4,"六層/十二層","房地(土地+建物)+車位","2房1廳1衛","150","住家用",121.5706214,25.0517043
"臺北市松山區三民路１０８號二樓之３","111/03/09",2450,81.4,30.08,"華廈(10層含以下有電梯)",48,"二層,陽臺/八層","房地(土地+建物)","2房2廳1衛","0","住家用",121.5639817,25.0577385
"臺北市松山區南京東路五段３１６號十二樓之８","111/03/08",1248,75.9,16.45,"住宅大樓(11層含以上有電梯)",33,"十二層/十二層","房地(土地+建物)","2房2廳1衛","0","住家用",121.568064,25.0511
"臺北市松山區民生東路五段１３８巷９號九樓之７","111/03/08",3300,68.4,48.22,"住宅大樓(11層含以上有電梯)",46,"九層,陽台/十二層","房地(土地+建物)","5房2廳3衛","0","住家用",121.5617515,25.0580856
"臺北市松山區新東街２０巷２３號二樓","111/03/08",1560,75.4,20.69,"華廈(10層含以下有電梯)",32,"二層/四層","房地(土地+建物)","2房1廳1衛","0","住家用",121.5669992,25.0585035
"臺北市松山區北寧路５８之１號九樓","111/03/08",4880,98.2,49.67,"住宅大樓(11層含以上有電梯)",34,"九層/十八層","房地(土地+建物)","4房2廳2衛","0","住家用",121.5528192,25.0500729
"臺北市松山區八德路四段１７巷５號十樓","111/03/08",3700,84.9,43.59,"住宅大樓(11層含以上有電梯)",33,"十層/十二層","房地(土地+建物)","4房2廳2衛","0","住家用",121.5583186,25.0487301
"臺北市松山區敦化南路一段１００巷７弄３７號三樓","111/03/07",4500,94.9,47.43,"華廈(10層含以下有電梯)",42,"三層/七層","房地(土地+建物)","4房3廳2衛","0","住家用",121.5471696,25.0456031
"臺北市松山區塔悠路２７５號三樓","111/03/07",6060,88.6,68.43,"華廈(10層含以下有電梯)",11,"三層/四層","房地(土地+建物)+車位","3房2廳2衛","0","住家用",121.5691797,25.0600935
"臺北市松山區南京東路五段２５１巷３２弄８號四樓","111/03/07",3000,64.3,46.67,"公寓(5樓含以下無電梯)",43,"四層/五層","房地(土地+建物)","4房2廳2衛","0","住家用",121.5646996,25.0530737
"臺北市松山區光復南路１３巷４９之３號","111/03/07",240,61.8,3.88,"公寓(5樓含以下無電梯)",56,"四層/四層","房地(土地+建物)","3房1廳1衛","0","住家用",121.5600403,25.0479779
"臺北市松山區南京東路四段１８６號十二樓之１４","111/03/06",2900,87.9,32.98,"住宅大樓(11層含以上有電梯)",38,"十二層/十四層","房地(土地+建物)","3房2廳2衛","0","住家用",121.557651,25.0513229
"臺北市松山區南京東路五段１２３巷１弄２２號四樓之２","111/03/06",2710,70.3,38.54,"住宅大樓(11層含以上有電梯)",37,"四層/十四層","房地(土地+建物)","3房2廳2衛","0","住家用",121.5597524,25.0520123
"臺北市松山區延壽街３３０巷１７弄２之１號十二樓","111/03/05",2620,83.8,31.26,"住宅大樓(11層含以上有電梯)",29,"十二層/十二層","房地(土地+建物)","3房2廳2衛","0","住家用",121.5606403,25.0545697
"臺北市松山區南京東路五段２５０巷３６弄２５之１號四樓","111/03/05",1920,56,34.29,"公寓(5樓含以下無電梯)",47,"四層,陽台/四層","房地(土地+建物)","3房2廳2衛","0","住家用",121.5674766,25.0498093
"臺北市松山區健康路１５巷５８號九樓","111/03/05",3174,86.1,36.84,"住宅大樓(11層含以上有電梯)",21,"九層/十三層","房地(土地+建物)","2房2廳1衛","0","住家用",121.552491,25.0520668
"臺北市松山區健康路１６６之１號三樓","111/03/05",3000,78.6,38.15,"住宅大樓(11層含以上有電梯)",44,"三層/十三層","房地(土地+建物)","3房2廳2衛","0","住家用",121.5582461,25.0536002
"臺北市松山區北寧路２０號二樓","111/03/05",3388,110.6,35.81,"華廈(10層含以下有電梯)",7,"二層/十層","房地(土地+建物)+車位","2房2廳1衛","180","住家用",121.5527765,25.0489145
"臺北市松山區敦化南路一段８８號十樓之１","111/03/04",6850,109.4,62.6,"住宅大樓(11層含以上有電梯)",36,"十層/十四層","房地(土地+建物)","3房2廳3衛","0","住家用",121.548497,25.046777
"臺北市松山區慶城街２３之７號四樓","111/03/03",2800,71.1,39.36,"華廈(10層含以下有電梯)",41,"四層/七層","房地(土地+建物)","3房2廳2衛","0","住家用",121.5451411,25.0535511
"臺北市松山區延壽街４０２巷３弄１９號五樓之２","111/03/03",3590,78.7,45.62,"華廈(10層含以下有電梯)",42,"五層/七層","房地(土地+建物)","3房2廳2衛","0","住家用",121.5580779,25.0557524
"臺北市松山區撫遠街３６９巷３８號二樓","111/03/03",2150,67,32.08,"公寓(5樓含以下無電梯)",50,"二層/四層","房地(土地+建物)","3房2廳1衛","0","住家用",121.5662641,25.064275
"臺北市松山區民生東路五段３６巷８弄２４號四樓","111/03/03",3100,85.7,36.16,"公寓(5樓含以下無電梯)",53,"四層/四層","房地(土地+建物)","4房2廳2衛","0","住家用",121.5584493,25.0569795
"臺北市松山區三民路３８號四樓","111/03/03",1421,86.9,16.35,"華廈(10層含以下有電梯)",13,"四層/八層","房地(土地+建物)","1房1廳1衛","0","住家用",121.5639867,25.0533301
"臺北市松山區南京東路五段４１５號八樓之２","111/03/03",2260,74.6,34.82,"住宅大樓(11層含以上有電梯)",4,"八層/十二層","房地(土地+建物)+車位","2房1廳1衛","150","住家用",121.5706214,25.0517043
"臺北市松山區寶清街１０１巷９號三樓","111/03/02",1500,73.1,20.52,"公寓(5樓含以下無電梯)",39,"三層/五層","房地(土地+建物)","3房1廳1衛","0","住家用",121.5681517,25.0529412
"臺北市松山區民生東路五段２４９號二樓之１","111/03/02",2820,72.5,38.9,"華廈(10層含以下有電梯)",43,"二層/七層","房地(土地+建物)","0房1廳1衛","0","住家用",121.5680373,25.0593706
"臺北市松山區新東街２６巷３１號三樓","111/03/02",2050,65,31.51,"公寓(5樓含以下無電梯)",49,"三層/四層","房地(土地+建物)","3房2廳1衛","0","住家用",121.5674669,25.0588593
"臺北市松山區民生東路五段１５１號九樓之７","111/03/01",1145,73.5,15.58,"住宅大樓(11層含以上有電梯)",39,"九層/十五層","房地(土地+建物)","1房1廳1衛","0","住家用",121.5621851,25.059107
"臺北市松山區南京東路三段３０３巷３弄４號四樓","111/03/01",4000,77.3,51.75,"華廈(10層含以下有電梯)",38,"四層/七層","房地(土地+建物)","4房2廳2衛","0","住家用",121.5464458,25.0525282
"臺北市松山區延壽街３３０巷８弄８號五樓之１","111/03/01",5000,87.9,56.9,"住宅大樓(11層含以上有電梯)",13,"五層/十一層","房地(土地+建物)","3房2廳2衛","0","住家用",121.5593609,25.0559133
"臺北市松山區塔悠路１９５號二樓之３","111/03/01",1090,79.9,13.64,"華廈(10層含以下有電梯)",17,"二層/四層","房地(土地+建物)","2房1廳1衛","0","住家用",121.569586,25.0574016
"臺北市松山區八德路四段６４０號三樓","111/02/28",1648,90,18.31,"住宅大樓(11層含以上有電梯)",5,"三層/十二層","房地(土地+建物)","2房1廳1衛","0","住家用",121.574769,25.049815
"臺北市松山區健康路３２５巷６弄１５號二樓","111/02/27",3053,66.5,45.93,"公寓(5樓含以下無電梯)",35,"二層/五層","房地(土地+建物)+車位","3房2廳2衛","300","住家用",121.5679708,25.0550448
"臺北市松山區寶清街１０號四樓之３","111/02/27",1174,65.4,17.96,"華廈(10層含以下有電梯)",25,"四層/五層","房地(土地+建物)+車位","1房1廳1衛","0","住家用",121.5686983,25.0500945
"臺北市松山區松河街１６８號七樓之５","111/02/27",4250,71,59.89,"住宅大樓(11層含以上有電梯)",1,"七層/二十四層","房地(土地+建物)+車位","3房2廳2衛","0","住家用",121.5765559,25.0509625
"臺北市松山區塔悠路８１號十二樓","111/02/27",1480,45.7,32.39,"住宅大樓(11層含以上有電梯)",27,"十二層/十二層","房地(土地+建物)","2房0廳2衛","0","住家用",121.5705945,25.0519539
"臺北市松山區八德路三段２２５號七樓之１０","111/02/26",1335,88.9,15.02,"住宅大樓(11層含以上有電梯)",33,"七層/十二層","房地(土地+建物)","1房1廳1衛","0","住家用",121.5570526,25.048289
"臺北市松山區八德路三段１９９巷１９號七樓之１","111/02/26",760,83,9.15,"華廈(10層含以下有電梯)",38,"七層/七層","房地(土地+建物)","1房1廳1衛","0","住家用",121.5564981,25.0495005
"臺北市松山區延壽街１０１號四樓","111/02/25",2198,77.7,28.27,"公寓(5樓含以下無電梯)",49,"四層/四層","房地(土地+建物)","3房2廳1衛","0","住家用",121.566007,25.0571903
"臺北市松山區光復北路２３０巷２１號十二樓","111/02/25",3580,87.8,40.77,"住宅大樓(11層含以上有電梯)",20,"十二層/十八層","房地(土地+建物)","3房2廳1衛","0","住家用",121.5544568,25.0562299
"臺北市松山區敦化北路１４５巷２３弄３號五樓","111/02/25",4250,121.4,35.01,"華廈(10層含以下有電梯)",1,"五層/七層","房地(土地+建物)+車位","2房1廳1衛","0","住家用",121.5502681,25.0533503
"臺北市松山區松河街１６８號二十二樓之６","111/02/23",4880,92.2,84.93,"住宅大樓(11層含以上有電梯)",1,"二十二層/二十四層","房地(土地+建物)+車位","2房1廳2衛","1,920","住家用",121.5765559,25.0509625
"臺北市松山區南京東路五段２３９號八樓之７","111/02/23",1480,88.2,16.77,"住宅大樓(11層含以上有電梯)",13,"八層/十八層","房地(土地+建物)","1房1廳1衛","0","住家用",121.564802,25.051652
"臺北市松山區三民路４３巷１５號六樓","111/02/23",2332.5,63,37.02,"住宅大樓(11層含以上有電梯)",17,"六層/十二層","房地(土地+建物)","4房2廳2衛","0","住家用",121.5611862,25.0555789
"臺北市松山區民生東路五段２１１號","111/02/23",4258,122.8,34.68,"公寓(5樓含以下無電梯)",49,"一層,平台/四層","房地(土地+建物)","6房2廳1衛","0","住家用",121.5666752,25.0592558
"臺北市松山區光復南路２２巷３４號二樓","111/02/23",3658,88.9,41.14,"華廈(10層含以下有電梯)",30,"二層/九層","房地(土地+建物)","3房2廳2衛","0","住家用",121.5556081,25.0468075
"臺北市松山區八德路三段７４巷１４弄１３號五樓","111/02/22",1200,49.3,24.32,"華廈(10層含以下有電梯)",37,"五層/七層","房地(土地+建物)","4房2廳2衛","0","住家用",121.5521857,25.0475775
"臺北市松山區新東街６巷３號","111/02/22",2500,74.1,33.73,"公寓(5樓含以下無電梯)",48,"一層,平台/四層","房地(土地+建物)","3房2廳2衛","0","住家用",121.5663608,25.0575181
"臺北市松山區光復北路１１巷９７號九樓","111/02/21",4435,83.2,58.11,"住宅大樓(11層含以上有電梯)",33,"九層/十六層","房地(土地+建物)+車位","3房2廳2衛","350","住家用",121.5623589,25.0504397
"臺北市松山區復興北路３３３號七樓之３","111/02/21",3400,85.3,39.85,"住宅大樓(11層含以上有電梯)",39,"七層/十二層","房地(土地+建物)","3房2廳2衛","0","住家用",121.5444343,25.059795
"臺北市松山區民生東路四段５５巷１６號二樓","111/02/21",2080,81.6,25.48,"華廈(10層含以下有電梯)",44,"二層/七層","房地(土地+建物)","2房2廳2衛","0","住家用",121.5503988,25.0584952
"臺北市松山區民生東路三段１１３巷７弄１０號四樓之１","111/02/21",3380,84.5,40,"華廈(10層含以下有電梯)",41,"四層/七層","房地(土地+建物)","3房2廳2衛","0","住家用",121.5469406,25.0583424
"臺北市松山區八德路三段１９９巷２１號六樓之１","111/02/20",958,90,10.65,"華廈(10層含以下有電梯)",38,"六層/七層","房地(土地+建物)","1房1廳1衛","0","住家用",121.5564291,25.0493114
"臺北市松山區光復北路３號三樓","111/02/20",3220,74.9,42.99,"住宅大樓(11層含以上有電梯)",33,"三層/十二層","房地(土地+建物)","2房2廳1衛","0","住家用",121.5580315,25.0486226
"臺北市松山區三民路２９巷１號三樓","111/02/20",4800,77.7,61.76,"住宅大樓(11層含以上有電梯)",17,"三層/十四層","房地(土地+建物)+車位","4房2廳2衛","0","住家用",121.5633568,25.0545633
"臺北市松山區八德路三段１９９巷２１號四樓之２","111/02/20",850,80.6,10.55,"華廈(10層含以下有電梯)",38,"四層/七層","房地(土地+建物)","1房1廳1衛","0","住家用",121.5564291,25.0493114
"臺北市松山區三民路７４巷５號六樓之２","111/02/20",2888,83.1,34.76,"華廈(10層含以下有電梯)",30,"六層/七層","房地(土地+建物)","3房2廳2衛","0","住家用",121.564365,25.0558539
"臺北市松山區寶清街８９巷３５號七樓","111/02/20",2170,60.4,35.92,"華廈(10層含以下有電梯)",40,"七層/七層","房地(土地+建物)","1房2廳1衛","0","住家用",121.5690723,25.0524866
"臺北市松山區民權東路三段１０６巷３２號二樓","111/02/20",3150,84.3,37.36,"華廈(10層含以下有電梯)",41,"二層/七層","房地(土地+建物)","3房2廳2衛","0","住家用",121.544748,25.0596389
"臺北市松山區健康路３５巷１４號五樓","111/02/19",4068,79.7,51.03,"住宅大樓(11層含以上有電梯)",25,"五層/十一層","房地(土地+建物)","3房2廳2衛","0","住家用",121.5542325,25.0542164
"臺北市松山區南京東路五段７１號四樓之１","111/02/19",2460,66.3,37.13,"住宅大樓(11層含以上有電梯)",37,"四層/十四層","房地(土地+建物)","2房2廳2衛","0","住家用",121.559558,25.051817
"臺北市松山區敦化北路１０號十四樓","111/02/18",18800,178.4,121.89,"住宅大樓(11層含以上有電梯)",3,"十四層/二十三層","房地(土地+建物)+車位","4房2廳3衛","800","住家用",121.5485866,25.050307
"臺北市松山區延吉街１２號三樓","111/02/18",3950,77.5,50.95,"華廈(10層含以下有電梯)",33,"三層/七層","房地(土地+建物)","4房2廳2衛","0","住家用",121.5533973,25.0470778
"臺北市松山區南京東路五段１２３巷８弄４號三樓","111/02/18",2700,56.9,47.49,"公寓(5樓含以下無電梯)",55,"三層/四層","房地(土地+建物)","4房2廳2衛","0","住家用",121.5611137,25.0535416
"臺北市松山區南京東路五段４１５號七樓之２","111/02/18",2250,74.3,34.82,"住宅大樓(11層含以上有電梯)",4,"七層/十二層","房地(土地+建物)+車位","2房1廳1衛","150","住家用",121.5706214,25.0517043
"臺北市松山區八德路三段１５８巷２０弄３４號二樓","111/02/18",2350,73.2,32.1,"華廈(10層含以下有電梯)",44,"二層/七層","房地(土地+建物)","3房2廳2衛","0","住家用",121.5541978,25.0472879
"臺北市松山區敦化北路１４５巷２３弄３號六樓","111/02/18",4330,123.7,35.01,"華廈(10層含以下有電梯)",1,"六層/七層","房地(土地+建物)+車位","2房1廳1衛","0","住家用",121.5502681,25.0533503
"臺北市松山區健康路３５巷２號八樓","111/02/17",3810,80.5,47.35,"住宅大樓(11層含以上有電梯)",25,"八層/十三層","房地(土地+建物)","3房2廳2衛","0","住家用",121.5543001,25.053652
"臺北市松山區南京東路五段４１５號二樓之２","111/02/17",2100,69,34.82,"住宅大樓(11層含以上有電梯)",4,"二層/十二層","房地(土地+建物)+車位","2房1廳1衛","150","住家用",121.5706214,25.0517043
"臺北市松山區延吉街３０巷５之１號四樓","111/02/17",3000,81.1,37,"華廈(10層含以下有電梯)",44,"四層/七層","房地(土地+建物)","2房2廳2衛","0","住家用",121.553185,25.045902
"臺北市松山區撫遠街２１１巷４５號五樓","111/02/17",1720,67.8,25.38,"公寓(5樓含以下無電梯)",46,"五層,陽台/五層","房地(土地+建物)","5房4廳2衛","0","住家用",121.568264,25.060525
"臺北市松山區富錦街５８１巷７號","111/02/17",2820,84.6,33.35,"公寓(5樓含以下無電梯)",52,"一層/四層","房地(土地+建物)","3房2廳2衛","0","住家用",121.566808,25.0627049
"臺北市松山區民生東路五段２４２號三樓","111/02/17",1775,60.9,29.17,"公寓(5樓含以下無電梯)",50,"三層,陽臺/四層","房地(土地+建物)","4房2廳2衛","0","住家用",121.5664908,25.0589398
"臺北市松山區民生東路三段１１３巷６弄１１號二樓","111/02/17",3900,87.1,54.58,"華廈(10層含以下有電梯)",42,"二層/七層","房地(土地+建物)+車位","3房2廳2衛","280","住家用",121.545563,25.058669
"臺北市松山區健康路３５巷１８號五樓","111/02/16",700,22.8,30.74,"住宅大樓(11層含以上有電梯)",25,"五層/十一層","房地(土地+建物)+車位","3房2廳2衛","0","住家用",121.5542278,25.0543478
"臺北市松山區三民路９５巷６號四樓","111/02/16",805,35,22.99,"公寓(5樓含以下無電梯)",48,"四層,陽台/四層","房地(土地+建物)","4房2廳4衛","0","住家用",121.5631304,25.0572083
"臺北市松山區敦化北路３０３號十樓之２","111/02/15",4020,94.6,42.51,"住宅大樓(11層含以上有電梯)",45,"十層/十二層","房地(土地+建物)","2房2廳1衛","0","住家用",121.5499078,25.058565
"臺北市松山區南京東路五段２３０號十五樓之２","111/02/15",2068,82.6,25.04,"住宅大樓(11層含以上有電梯)",39,"十五層/十六層","房地(土地+建物)","3房2廳1衛","0","住家用",121.5657026,25.0510021
"臺北市松山區民族東路６８４號四樓","111/02/15",700,17.2,40.62,"華廈(10層含以下有電梯)",41,"四層/七層","房地(土地+建物)","3房2廳2衛","0","住家用",121.5469901,25.0642857
"臺北市松山區民生東路五段１３７巷４弄３５號","111/02/15",4688,111.4,42.09,"公寓(5樓含以下無電梯)",48,"一層,平台/四層","房地(土地+建物)","1房2廳3衛","0","住家用",121.5628409,25.0599463
"臺北市松山區南京東路五段１６９號十樓之３","111/02/15",8198,119.7,76.55,"住宅大樓(11層含以上有電梯)",11,"十層/十八層","房地(土地+建物)+車位","4房2廳2衛","320","住家用",121.5630869,25.0516669
"臺北市松山區南京東路四段１８６號十一樓之１３","111/02/15",2450,76.6,31.99,"住宅大樓(11層含以上有電梯)",38,"十一層/十四層","房地(土地+建物)","3房2廳2衛","0","住家用",121.557651,25.0513229
"臺北市松山區東興路２巷１０號二樓","111/02/14",2308,62.4,37,"公寓(5樓含以下無電梯)",47,"二層,陽台/四層","房地(土地+建物)","3房2廳2衛","0","住家用",121.5649442,25.0508259
"臺北市松山區三民路８０巷５號二樓","111/02/14",4688,69.1,67.8,"住宅大樓(11層含以上有電梯)",17,"二層/十四層","房地(土地+建物)","5房2廳2衛","0","住家用",121.5643129,25.0565965
"臺北市松山區松河街１６８號十五樓之６","111/02/14",3088,73.3,42.15,"住宅大樓(11層含以上有電梯)",1,"十五層/二十四層","房地(土地+建物)+車位","2房2廳2衛","0","住家用",121.5765559,25.0509625
"臺北市松山區光復北路２３０巷５號三樓","111/02/13",2500,62.5,39.97,"住宅大樓(11層含以上有電梯)",20,"三層/十八層","房地(土地+建物)","2房2廳1衛","0","住家用",121.5553082,25.0558254
"臺北市松山區新東街２０巷７號四樓","111/02/13",2000,65,30.75,"公寓(5樓含以下無電梯)",50,"四層,陽台/四層","房地(土地+建物)","5房3廳4衛","0","住家用",121.5663998,25.0584788
"臺北市松山區復興北路４２７巷２５號三樓之３","111/02/12",820,85.8,9.56,"住宅大樓(11層含以上有電梯)",13,"三層/十一層","房地(土地+建物)","1房0廳1衛","0","住家用",121.546456,25.0634336
"臺北市松山區復興北路４７９巷５號四樓","111/02/10",1968,64.8,30.38,"公寓(5樓含以下無電梯)",49,"四層,陽台/四層","房地(土地+建物)","3房2廳1衛","0","住家用",121.5449381,25.0648935
"臺北市松山區民權東路三段１６０巷２號六樓之６","111/02/09",850,75.9,11.2,"住宅大樓(11層含以上有電梯)",42,"六層/十二層","房地(土地+建物)","1房1廳1衛","0","住家用",121.5475885,25.0616933
"臺北市松山區南京東路四段２３號七樓之２","111/02/09",1048,121.1,8.65,"住宅大樓(11層含以上有電梯)",13,"七層/十五層","房地(土地+建物)","1房1廳1衛","0","住家用",121.55042,25.051971
"臺北市松山區三民路１６６巷２３號四樓之３","111/02/09",680,49.4,13.76,"華廈(10層含以下有電梯)",26,"四層/五層","房地(土地+建物)+車位","1房1廳1衛","0","住家用",121.5642495,25.0620486
"臺北市松山區南京東路五段１２３巷１１號四樓","111/02/09",790,60.1,13.15,"公寓(5樓含以下無電梯)",56,"四層/四層","房地(土地+建物)","1房1廳1衛","0","住家用",121.560738,25.0523149
"臺北市松山區南京東路五段１２３巷１３號四樓","111/02/09",790,60.1,13.15,"公寓(5樓含以下無電梯)",56,"四層/四層","房地(土地+建物)","1房1廳1衛","0","住家用",121.5607383,25.0524218
"臺北市松山區南京東路五段１２３巷９號四樓","111/02/09",790,60.1,13.15,"公寓(5樓含以下無電梯)",56,"四層/四層","房地(土地+建物)","1房1廳1衛","0","住家用",121.5607372,25.0522724
"臺北市松山區民生東路五段６９巷１弄５號三樓","111/02/09",2260,84,26.91,"公寓(5樓含以下無電梯)",44,"三層/四層","房地(土地+建物)","1房2廳1衛","0","住家用",121.5579628,25.0590292
"臺北市松山區三民路１６１巷５號四樓","111/02/09",1680,65.7,25.58,"公寓(5樓含以下無電梯)",47,"四層,陽台/四層","房地(土地+建物)","3房2廳1衛","0","住家用",121.5616558,25.0614357
"臺北市松山區南京東路五段５９巷２９弄７號二樓","111/02/08",2160,26.1,82.66,"華廈(10層含以下有電梯)",22,"二層/六層","房地(土地+建物)+車位","3房2廳2衛","0","住家用",121.5598795,25.0531217
"臺北市松山區南京東路五段２９１巷２９弄２２號五樓之１","111/02/08",535,73.9,7.24,"華廈(10層含以下有電梯)",18,"五層/五層","房地(土地+建物)","1房1廳1衛","0","住家用",121.5670111,25.0527869
"臺北市松山區慶城街４６巷９號四樓","111/02/07",488,80.5,6.06,"華廈(10層含以下有電梯)",39,"四層/七層","房地(土地+建物)","3房3廳2衛","0","住家用",121.5473704,25.0551673
"臺北市松山區民生東路五段１６７號十二樓之１","111/01/30",5208,62.1,83.89,"住宅大樓(11層含以上有電梯)",38,"十二層/十六層","房地(土地+建物)+車位","3房2廳3衛","0","住家用",121.56451,25.0592044
"臺北市松山區光復南路４６巷３６號十五樓之３","111/01/29",4420,104,42.51,"住宅大樓(11層含以上有電梯)",1,"十五層/二十二層","房地(土地+建物)+車位","2房1廳1衛","0","住家用",121.5547899,25.0457835
"臺北市松山區延壽街３６０號二樓","111/01/27",2400,78.1,30.72,"公寓(5樓含以下無電梯)",43,"二層/五層","房地(土地+建物)","3房2廳2衛","0","住家用",121.558785,25.0563685
"臺北市松山區民生東路四段１１２巷５弄１０號三樓","111/01/27",1040,79.6,13.07,"公寓(5樓含以下無電梯)",27,"三層/五層","房地(土地+建物)","1房0廳1衛","0","住家用",121.5546785,25.0569542
"臺北市松山區八德路四段７７７號七樓之２","111/01/26",1088,71.3,15.25,"住宅大樓(11層含以上有電梯)",15,"七層/十五層","房地(土地+建物)+車位","2房1廳1衛","0","住家用",121.5782502,25.0513088
"臺北市松山區光復北路２４２號七樓","111/01/25",7800,121,80.34,"住宅大樓(11層含以上有電梯)",1,"七層/十三層","房地(土地+建物)+車位","3房1廳2衛","500","住家用",121.5553251,25.0571402
"臺北市松山區南京東路五段２５１巷２４弄２５號二樓","111/01/25",1300,42.7,30.41,"華廈(10層含以下有電梯)",41,"二層/七層","房地(土地+建物)","3房2廳2衛","0","住家用",121.5644066,25.0523345
"臺北市松山區三民路１３６巷５號四樓","111/01/24",2250,77.6,28.98,"公寓(5樓含以下無電梯)",51,"四層/四層","房地(土地+建物)","3房2廳2衛","0","住家用",121.5637795,25.060641
"臺北市松山區民生東路五段１３７巷６弄３７號三樓","111/01/24",2010,69,29.13,"公寓(5樓含以下無電梯)",50,"三層,陽台/四層","房地(土地+建物)","3房2廳2衛","0","住家用",121.5627727,25.0604752
"臺北市松山區八德路四段７２巷１０弄１０號二樓","111/01/24",1836,64,28.69,"公寓(5樓含以下無電梯)",52,"二層,露台/四層","房地(土地+建物)","3房2廳2衛","0","住家用",121.5597405,25.0472252
"臺北市松山區新東街６６巷３號二樓","111/01/23",1955,65.3,29.95,"公寓(5樓含以下無電梯)",49,"二層,陽台/四層","房地(土地+建物)","3房2廳2衛","0","住家用",121.5652791,25.0623023
"臺北市松山區延壽街３３０巷７弄１８號七樓之１","111/01/23",2850,81.3,35.04,"華廈(10層含以下有電梯)",30,"七層/七層","房地(土地+建物)","3房2廳2衛","0","住家用",121.5619322,25.0552637
"臺北市松山區健康路１７４之１號十樓","111/01/23",1610,89.3,18.02,"住宅大樓(11層含以上有電梯)",44,"十層/十三層","房地(土地+建物)","1房1廳1衛","0","住家用",121.55821,25.0535159
"臺北市松山區三民路１５５巷３０號三樓","111/01/22",2685,78.2,34.35,"公寓(5樓含以下無電梯)",46,"三層,陽台/四層","房地(土地+建物)","3房2廳2衛","0","住家用",121.5616542,25.061162
"臺北市松山區三民路１０２巷１６號二樓","111/01/21",2488,83.3,29.86,"公寓(5樓含以下無電梯)",48,"二層,陽台/四層","房地(土地+建物)","3房2廳1衛","0","住家用",121.5643594,25.0573932
"臺北市松山區光復北路２４２號二樓","111/01/21",6958,117.1,59.42,"住宅大樓(11層含以上有電梯)",1,"二層/十三層","房地(土地+建物)","3房1廳2衛","0","住家用",121.5553251,25.0571402
"臺北市松山區光復北路２４２號四樓","111/01/21",6958,115.3,60.32,"住宅大樓(11層含以上有電梯)",1,"四層/十三層","房地(土地+建物)","2房1廳2衛","0","住家用",121.5553251,25.0571402
"臺北市松山區光復北路２４２號三樓","111/01/21",6958,115.3,60.32,"住宅大樓(11層含以上有電梯)",1,"三層/十三層","房地(土地+建物)","3房1廳2衛","0","住家用",121.5553251,25.0571402
"臺北市松山區南京東路五段４１５號五樓之６","111/01/21",1275,81.3,15.69,"住宅大樓(11層含以上有電梯)",4,"五層/十二層","房地(土地+建物)","1房1廳1衛","0","住家用",121.5706214,25.0517043
"臺北市松山區民生東路五段２５７號二樓","111/01/21",780,72.1,10.82,"華廈(10層含以下有電梯)",15,"二層/八層","房地(土地+建物)","1房1廳1衛","0","住家用",121.568677,25.059455
"臺北市松山區民權東路三段１６０巷２２號二樓之１","111/01/20",3400,74.9,45.38,"華廈(10層含以下有電梯)",43,"二層/七層","房地(土地+建物)","4房2廳2衛","0","住家用",121.5468994,25.0600131
"臺北市松山區民生東路五段３６巷８弄５６號","111/01/20",990,54.8,18.08,"公寓(5樓含以下無電梯)",52,"一層/四層","房地(土地+建物)","3房2廳1衛","0","住家用",121.5602183,25.057121
"臺北市松山區延壽街３３０巷７弄１６號二樓","111/01/20",2430,79.4,30.6,"華廈(10層含以下有電梯)",30,"二層/七層","房地(土地+建物)","2房2廳1衛","0","住家用",121.5617552,25.0552533
"臺北市松山區敦化南路一段３號六樓之２","111/01/20",10935,170.5,81.9,"住宅大樓(11層含以上有電梯)",1,"六層/二十三層","房地(土地+建物)+車位","3房2廳2衛","750","住家用",121.5492282,25.0473737
"臺北市松山區民生東路五段８號三樓","111/01/19",2760,73.1,37.77,"公寓(5樓含以下無電梯)",48,"三層,陽台/四層","房地(土地+建物)","4房2廳2衛","0","住家用",121.5557176,25.0581518
"臺北市松山區富錦街５４８號五樓","111/01/19",2464,70,35.21,"華廈(10層含以下有電梯)",43,"五層/八層","房地(土地+建物)","3房2廳2衛","0","住家用",121.5666909,25.0617412
"臺北市松山區延壽街３３０巷１６弄５號八樓之２","111/01/19",5300,83,63.87,"住宅大樓(11層含以上有電梯)",13,"八層/十一層","房地(土地+建物)+車位","4房2廳2衛","0","住家用",121.5592632,25.0551972
"臺北市松山區南京東路五段２３９號十三樓之１１","111/01/17",1300,92.5,14.05,"住宅大樓(11層含以上有電梯)",13,"十三層/十八層","房地(土地+建物)","1房1廳1衛","0","住家用",121.564802,25.051652
"臺北市松山區光復南路４５巷１８號四樓","111/01/17",2890,70.8,40.83,"華廈(10層含以下有電梯)",38,"三層,四層/七層","房地(土地+建物)","3房2廳2衛","0","住家用",121.5587866,25.0461386
"臺北市松山區三民路１６１巷８號","111/01/16",2268,87,26.07,"公寓(5樓含以下無電梯)",47,"一層,平台/四層","房地(土地+建物)","3房2廳1衛","0","住家用",121.5614151,25.0614856
"臺北市松山區八德路三段２２５號九樓之６","111/01/16",950,73.9,12.86,"住宅大樓(11層含以上有電梯)",33,"九層/十二層","房地(土地+建物)","0房1廳1衛","0","住家用",121.557021,25.048255
"臺北市松山區南京東路三段３３５巷１５號七樓","111/01/16",1333,88,15.15,"華廈(10層含以下有電梯)",36,"七層/七層","房地(土地+建物)","1房1廳1衛","0","住家用",121.5474966,25.0529964
"臺北市松山區民生東路五段２０２號十四樓之１","111/01/16",686,76.9,8.92,"住宅大樓(11層含以上有電梯)",33,"十四層/二十層","房地(土地+建物)","1房0廳1衛","0","住家用",121.5644799,25.0581502
"臺北市松山區敦化北路１５５巷１００弄１６號九樓之１","111/01/15",12388,117,105.88,"住宅大樓(11層含以上有電梯)",22,"九層/十七層","房地(土地+建物)+車位","4房2廳2衛","0","住家用",121.5523385,25.0552557
"臺北市松山區復興北路４２７巷２５號七樓之８；復興北路４２７巷２５號七樓之９","111/01/15",1715,83.4,20.55,"住宅大樓(11層含以上有電梯)",13,"七層/十一層","房地(土地+建物)","1房1廳1衛","0","住家用",121.5465029,25.0634211
"臺北市松山區撫遠街３６９巷４號四樓","111/01/14",2020,65.2,30.97,"公寓(5樓含以下無電梯)",50,"四層/四層","房地(土地+建物)","3房2廳2衛","0","住家用",121.5662025,25.0640205
"臺北市松山區復興南路一段４５號九樓之１","111/01/13",3500,90.8,38.55,"住宅大樓(11層含以上有電梯)",40,"九層/十二層","房地(土地+建物)","3房2廳2衛","0","住家用",121.5441253,25.0455624
"臺北市松山區八德路三段１６５號三樓之８","111/01/13",4350,130,33.46,"住宅大樓(11層含以上有電梯)",4,"三層/十五層","房地(土地+建物)","2房2廳2衛","0","住家用",121.5553172,25.0481771
"臺北市松山區新東街１巷６號","111/01/12",2000,71.9,27.83,"公寓(5樓含以下無電梯)",48,"一層/四層","房地(土地+建物)","3房2廳1衛","0","住家用",121.5657025,25.0572607
"臺北市松山區健康路１６號五樓","111/01/12",1930,46.3,41.67,"華廈(10層含以下有電梯)",36,"五層/七層","房地(土地+建物)","3房2廳3衛","0","住家用",121.5527656,25.0525913
"臺北市松山區延壽街３９６號五樓","111/01/11",2250,76.3,29.48,"公寓(5樓含以下無電梯)",44,"五層/五層","房地(土地+建物)","4房3廳3衛","0","住家用",121.5574791,25.0562363
"臺北市松山區南京東路五段４７號十二樓之１","111/01/11",2670,75.2,35.5,"住宅大樓(11層含以上有電梯)",38,"十二層/十二層","房地(土地+建物)","3房2廳2衛","0","住家用",121.5588067,25.0517715
"臺北市松山區八德路三段１２巷５弄４４號四樓","111/01/11",2500,70.9,35.27,"公寓(5樓含以下無電梯)",52,"四層/四層","房地(土地+建物)","4房2廳2衛","0","住家用",121.5518457,25.0474824
"臺北市松山區長安東路二段２９４號九樓之１","111/01/11",2480,74.4,33.34,"住宅大樓(11層含以上有電梯)",37,"九層/十二層","房地(土地+建物)","3房2廳1衛","0","住家用",121.5452464,25.0481357
"臺北市松山區八德路四段１０６巷６弄１２號四樓","111/01/11",1880,70.5,26.67,"公寓(5樓含以下無電梯)",52,"四層,露台/四層","房地(土地+建物)","3房1廳1衛","0","住家用",121.5604812,25.047314
"臺北市松山區敦化北路３０３號三樓之２","111/01/10",3938,92.8,42.43,"住宅大樓(11層含以上有電梯)",45,"三層/十二層","房地(土地+建物)","4房1廳1衛","0","住家用",121.5499078,25.058565
"臺北市松山區新東街１６巷１５號三樓","111/01/09",2360,67.4,35.01,"公寓(5樓含以下無電梯)",49,"三層/四層","房地(土地+建物)","3房2廳2衛","0","住家用",121.5670215,25.0581715
"臺北市松山區光復北路１６１巷１號五樓","111/01/09",2700,67.7,39.88,"公寓(5樓含以下無電梯)",44,"五層/五層","房地(土地+建物)","4房2廳2衛","0","住家用",121.5558165,25.0558916
"臺北市松山區民生東路四段８０巷１弄１０號二樓","111/01/09",2890,90,32.13,"公寓(5樓含以下無電梯)",50,"二層/四層","房地(土地+建物)","3房2廳2衛","0","住家用",121.5535965,25.0575602
"臺北市松山區光復北路１９０巷９號十六樓","111/01/08",2980,88.8,33.57,"住宅大樓(11層含以上有電梯)",20,"十六層/十八層","房地(土地+建物)","2房2廳1衛","0","住家用",121.5553726,25.0547517
"臺北市松山區健康路３２５巷６弄１９號四樓","111/01/08",2600,72.3,35.94,"公寓(5樓含以下無電梯)",35,"四層/五層","房地(土地+建物)","5房0廳2衛","0","住家用",121.5681039,25.0551214
"臺北市松山區延壽街３３２號九樓之３","111/01/08",5600,87.5,63.99,"住宅大樓(11層含以上有電梯)",13,"九層/十一層","房地(土地+建物)","4房2廳2衛","0","住家用",121.5598313,25.0564785
"臺北市松山區寶清街２１號九樓之４","111/01/07",1307,53.8,24.28,"住宅大樓(11層含以上有電梯)",32,"九層/十一層","房地(土地+建物)","2房1廳2衛","0","住家用",121.5689631,25.0501746
"臺北市松山區南京東路五段６６巷４號二樓","111/01/07",1026.2,25.8,39.71,"華廈(10層含以下有電梯)",41,"二層/七層","房地(土地+建物)","3房2廳2衛","0","住家用",121.5607098,25.0507236
"臺北市松山區南京東路五段６６巷１７號二樓","111/01/07",1014.3,27.7,36.63,"華廈(10層含以下有電梯)",38,"二層/七層","房地(土地+建物)","3房2廳2衛","0","住家用",121.5608393,25.0505802
"臺北市松山區復興北路４８９號三樓之６","111/01/07",930,73.7,12.62,"住宅大樓(11層含以上有電梯)",15,"三層/十一層","房地(土地+建物)","1房0廳1衛","0","住家用",121.5444774,25.0649764
"臺北市松山區富錦街７７巷２弄６號三樓","111/01/06",1620,43.2,37.54,"公寓(5樓含以下無電梯)",52,"三層/四層","房地(土地+建物)","2房2廳2衛","0","住家用",121.5518036,25.060204
"臺北市松山區民生東路三段１１３巷２５弄１２號四樓","111/01/06",3335,82.6,40.39,"華廈(10層含以下有電梯)",40,"四層/七層","房地(土地+建物)","3房2廳2衛","0","住家用",121.5470411,25.059214
"臺北市松山區敦化北路４巷３７號三樓之１","111/01/05",1100,101.1,10.88,"華廈(10層含以下有電梯)",6,"三層/六層","房地(土地+建物)","1房1廳1衛","0","住家用",121.5451042,25.0500935
"臺北市松山區南京東路五段５９巷２９弄１號","111/01/04",2300,24.5,93.8,"華廈(10層含以下有電梯)",22,"一層/六層","房地(土地+建物)+車位","4房2廳2衛","0","住家用",121.5595897,25.0530873
"臺北市松山區南京東路五段２５０巷３６弄１２號五樓","111/01/03",2050,64.5,31.77,"公寓(5樓含以下無電梯)",43,"五層/五層","房地(土地+建物)","5房1廳3衛","0","住家用",121.5666569,25.0495497
"臺北市松山區民生東路五段１３７巷４弄２９號三樓","111/01/03",3150,74.8,42.09,"公寓(5樓含以下無電梯)",47,"三層,陽台/四層","房地(土地+建物)","4房2廳2衛","0","住家用",121.5626919,25.0599659
"臺北市松山區寶清街１０號二樓之６","111/01/03",1000,79.5,12.58,"華廈(10層含以下有電梯)",25,"二層/五層","房地(土地+建物)","2房1廳1衛","0","住家用",121.5686983,25.0500945
"臺北市松山區南京東路五段３９０號四樓","111/01/03",445,51.7,8.6,"公寓(5樓含以下無電梯)",43,"四層/四層","房地(土地+建物)","1房1廳1衛","0","住家用",121.5709597,25.0511482
"臺北市松山區健康路３２５巷２５弄１０號十樓","111/01/02",4820,88.1,54.73,"住宅大樓(11層含以上有電梯)",1,"十層/十三層","房地(土地+建物)+車位","3房2廳2衛","0","住家用",121.5667355,25.0563496
"臺北市松山區復興北路２１５號十四樓之１","111/01/02",2656,84.6,31.41,"住宅大樓(11層含以上有電梯)",37,"十四層/十四層","房地(土地+建物)","2房2廳2衛","0","住家用",121.5445081,25.0565407
"臺北市松山區民生東路五段１５３號十三樓之３","111/01/02",1170,73.8,15.86,"住宅大樓(11層含以上有電梯)",39,"十三層/十五層","房地(土地+建物)","1房1廳1衛","0","住家用",121.5622734,25.0591086
"臺北市松山區民生東路四段７５巷５弄５號四樓之６","111/01/02",1275,106.4,11.98,"華廈(10層含以下有電梯)",14,"四層/八層","房地(土地+建物)","1房1廳1衛","0","住家用",121.5510342,25.058731
