add,date,amount,price,area,type,age,floor.height,subject,pattern,car,use,lon,lat
臺北市大同區延平北路二段２５５號九樓之６,111/10/13,778,66.2,11.75,住宅大樓(11層含以上有電梯),43,九層/十二層,房地(土地+建物),1房1廳1衛,0,住家用,121.5113578,25.0624347
臺北市大同區酒泉街５０巷１９號二樓,111/10/06,690,23.7,29.13,公寓(5樓含以下無電梯),39,二層/五層,房地(土地+建物),3房2廳1衛,0,住家用,121.5166912,25.0708148
臺北市大同區歸綏街１６０巷１號四樓之６,111/10/01,938,69.7,13.45,住宅大樓(11層含以上有電梯),26,四層/十三層,房地(土地+建物),1房1廳1衛,0,住家用,121.5141448,25.0578876
臺北市大同區平陽街２３號七樓,111/09/30,2960,60.7,48.75,住宅大樓(11層含以上有電梯),20,七層/十三層,房地(土地+建物)+車位,3房2廳2衛,0,住家用,121.5174004,25.0550838
臺北市大同區民權西路２４５巷５號三樓,111/09/26,1300,38.1,34.15,公寓(5樓含以下無電梯),49,三層/四層,房地(土地+建物),3房2廳1衛,0,住家用,121.5104296,25.06338
臺北市大同區民權西路２６８號六樓之６,111/09/25,1900,76.9,24.71,住宅大樓(11層含以上有電梯),1,六層/十五層,房地(土地+建物),2房2廳1衛,0,住家用,121.512016,25.0627127
臺北市大同區迪化街二段１５８號十一樓,111/09/25,3200,77.6,54.22,住宅大樓(11層含以上有電梯),2,十一層/十五層,房地(土地+建物)+車位,3房2廳2衛,500,住家用,121.5099719,25.0667526
臺北市大同區酒泉街１０巷２７號八樓之３,111/09/24,3750,89.4,48.32,華廈(10層含以下有電梯),10,八層/十層,房地(土地+建物)+車位,3房2廳2衛,300,住家用,121.519508,25.0698702
臺北市大同區重慶北路三段３１３巷４號二樓,111/09/23,1000,42.1,23.74,公寓(5樓含以下無電梯),48,二層/四層,房地(土地+建物),2房1廳2衛,0,住家用,121.5143118,25.0739252
臺北市大同區酒泉街７８號六樓之１,111/09/21,2250,62.4,36.07,華廈(10層含以下有電梯),40,六層/七層,房地(土地+建物),3房2廳2衛,0,住家用,121.5148745,25.07191
臺北市大同區華亭街１號十一樓之６,111/09/21,2368,83.9,31.91,住宅大樓(11層含以上有電梯),1,十一層/二十一層,房地(土地+建物)+車位,1房1廳1衛,170,住家用,121.5133706,25.0522164
臺北市大同區南京西路６１號十樓之４,111/09/19,1090,84.4,12.91,住宅大樓(11層含以上有電梯),39,十層/十二層,房地(土地+建物),1房1廳1衛,0,住家用,121.5192917,25.0530949
臺北市大同區迪化街二段１２８號二樓,111/09/18,2208,55.3,39.94,華廈(10層含以下有電梯),39,二層/七層,房地(土地+建物),4房2廳3衛,0,住家用,121.5095412,25.0661646
臺北市大同區民權西路２６８號八樓之６,111/09/14,1960,79.3,24.71,住宅大樓(11層含以上有電梯),1,八層/十五層,房地(土地+建物),2房2廳1衛,0,住家用,121.512016,25.0627127
臺北市大同區民權西路１８５巷２弄７號四樓,111/09/13,850,52.2,16.27,公寓(5樓含以下無電梯),45,四層/四層,房地(土地+建物),2房1廳1衛,0,住家用,121.5155044,25.0634779
臺北市大同區民族西路７６巷２弄６號八樓之１,111/09/11,2528,61.1,41.35,華廈(10層含以下有電梯),28,八層/九層,房地(土地+建物)+車位,3房2廳2衛,0,住家用,121.5173371,25.0678947
臺北市大同區承德路三段１０號五樓之４,111/09/09,2830,64.8,43.67,華廈(10層含以下有電梯),45,五層/七層,房地(土地+建物),2房1廳2衛,0,住家用,121.5178736,25.0637888
臺北市大同區民權西路２３７之８號十七樓之２,111/09/08,4590,77.3,68.05,住宅大樓(11層含以上有電梯),3,十七層/十九層,房地(土地+建物)+車位,4房2廳2衛,250,住家用,121.5117242,25.0631256
臺北市大同區民權西路３００號十三樓之６,111/09/08,3980,72.2,55.1,住宅大樓(11層含以上有電梯),5,十三層/十三層,房地(土地+建物),3房2廳3衛,0,住家用,121.5102628,25.0628539
臺北市大同區赤峰街４４巷１９之３號,111/09/08,1120,82.1,13.65,公寓(5樓含以下無電梯),52,"四層,露台/四層",房地(土地+建物),3房2廳2衛,0,住家用,121.5193035,25.0571431
臺北市大同區五原路１９號七樓之５,111/09/07,1135,60.5,18.76,住宅大樓(11層含以上有電梯),13,七層/十四層,房地(土地+建物)+車位,1房1廳1衛,0,住家用,121.517332,25.0566929
臺北市大同區承德路三段１９０巷８號二樓,111/09/04,1430,65.4,21.88,公寓(5樓含以下無電梯),50,二層/四層,房地(土地+建物),3房2廳1衛,0,住家用,121.5178272,25.0696471
臺北市大同區民權西路１６０巷１８弄６號六樓之６,111/09/04,3100,84,43.32,住宅大樓(11層含以上有電梯),1,六層/十八層,房地(土地+建物)+車位,2房2廳2衛,280,住家用,121.5154648,25.0621751
臺北市大同區寧夏路３２號六樓之２,111/09/03,940,44.6,21.09,住宅大樓(11層含以上有電梯),40,六層/十一層,房地(土地+建物),3房1廳1衛,0,住家用,121.5151416,25.0559543
臺北市大同區昌吉街９６號三樓之１,111/09/02,620,68.3,9.08,華廈(10層含以下有電梯),31,三層/七層,房地(土地+建物),1房1廳1衛,0,住家用,121.5151341,25.0658039
臺北市大同區民權西路２６８號十一樓之２,111/09/02,1090,88.5,12.31,住宅大樓(11層含以上有電梯),1,十一層/十五層,房地(土地+建物),0房0廳1衛,0,住家用,121.512016,25.0627127
臺北市大同區重慶北路二段２２５號四樓,111/09/01,135.6,61.9,2.19,住宅大樓(11層含以上有電梯),1,四層/十三層,房地(土地+建物),2房1廳1衛,0,住家用,121.5137701,25.0615804
臺北市大同區民權西路２６８號四樓之６,111/08/31,3050,86.8,40.89,住宅大樓(11層含以上有電梯),1,四層/十五層,房地(土地+建物)+車位,3房2廳2衛,160,住家用,121.512016,25.0627127
臺北市大同區蘭州街１０號十樓,111/08/31,2350,52.4,44.87,華廈(10層含以下有電梯),37,十層/十層,房地(土地+建物),4房2廳2衛,0,住家用,121.5141546,25.0619767
臺北市大同區民權西路２６８號五樓之７,111/08/30,3193,91.1,40.89,住宅大樓(11層含以上有電梯),1,五層/十五層,房地(土地+建物)+車位,3房2廳2衛,160,住家用,121.512016,25.0627127
臺北市大同區延平北路四段１７９巷１３號二樓,111/08/29,1320,49.4,26.7,公寓(5樓含以下無電梯),36,二層/五層,房地(土地+建物),3房2廳2衛,0,住家用,121.5123101,25.0736872
臺北市大同區南京西路３１６號十二樓之７,111/08/28,886,59,15.03,住宅大樓(11層含以上有電梯),42,十二層/十二層,房地(土地+建物),1房1廳1衛,0,住家用,121.5130161,25.0538611
臺北市大同區迪化街二段２０１之１號二樓,111/08/25,1220,50.8,24.03,公寓(5樓含以下無電梯),37,二層/五層,房地(土地+建物),1房2廳1衛,0,住家用,121.5116149,25.069709
臺北市大同區延平北路一段６６巷１６號五樓之２,111/08/23,1550,59.8,25.93,華廈(10層含以下有電梯),9,五層/七層,房地(土地+建物)+車位,1房1廳1衛,0,住家用,121.5113796,25.0514727
臺北市大同區迪化街二段２１４巷６號三樓,111/08/20,1212,50.5,24.01,公寓(5樓含以下無電梯),44,三層/五層,房地(土地+建物),3房2廳2衛,0,住家用,121.5101186,25.0683775
臺北市大同區環河北路二段３７９號二樓,111/08/20,1285,34.6,37.09,公寓(5樓含以下無電梯),41,二層/五層,房地(土地+建物),4房2廳2衛,0,住家用,121.509337,25.077463
臺北市大同區民權西路１６０巷１８弄８號十六樓之２,111/08/19,610,48.9,12.47,住宅大樓(11層含以上有電梯),1,十六層/十八層,房地(土地+建物)+車位,3房2廳2衛,0,住家用,121.515429,25.0621768
臺北市大同區迪化街二段１７２巷２８號八樓之１,111/08/16,1800,67.6,25.87,住宅大樓(11層含以上有電梯),21,八層/十一層,房地(土地+建物)+車位,2房1廳1衛,120,住家用,121.509418,25.067108
臺北市大同區承德路一段７７巷１８號二樓,111/08/14,700,67.1,10.43,公寓(5樓含以下無電梯),53,二層/四層,房地(土地+建物),2房1廳1衛,0,住家用,121.5180232,25.0520832
臺北市大同區寧夏路２０號五樓之１,111/08/13,1600,68.2,23.44,住宅大樓(11層含以上有電梯),11,五層/十三層,房地(土地+建物)+車位,1房1廳1衛,0,住家用,121.5148473,25.0549352
臺北市大同區雙連街７５號二樓之１,111/08/11,5700,80.3,70.96,住宅大樓(11層含以上有電梯),5,二層/十五層,房地(土地+建物)+車位,4房2廳2衛,0,住家用,121.5190353,25.0597616
臺北市大同區民族西路２６９號六樓、２６９號六樓之１,111/08/10,2730,56.5,48.33,華廈(10層含以下有電梯),39,六層/七層,房地(土地+建物),4房2廳2衛,0,住家用,121.5111961,25.0688009
臺北市大同區華亭街１號七樓之３,111/08/10,2234,82.1,27.2,住宅大樓(11層含以上有電梯),1,七層/二十一層,房地(土地+建物),1房2廳1衛,0,住家用,121.5133706,25.0522164
臺北市大同區南京西路３１６號九樓之１１,111/08/07,800,64.3,12.44,住宅大樓(11層含以上有電梯),42,九層/十二層,房地(土地+建物),1房1廳1衛,0,住家用,121.5130161,25.0538611
臺北市大同區大龍街１０２號五樓之４,111/08/07,1200,68.7,17.48,公寓(5樓含以下無電梯),47,五層/五層,房地(土地+建物),2房2廳1衛,0,住家用,121.5158689,25.0666387
臺北市大同區重慶北路三段８３號二樓之１,111/08/01,5700,64.7,88.05,住宅大樓(11層含以上有電梯),13,二層/十五層,房地(土地+建物)+車位,5房2廳2衛,0,住家用,121.5139059,25.0667907
臺北市大同區重慶北路三段２３６巷５０號三樓,111/07/30,688,24.4,28.24,公寓(5樓含以下無電梯),43,三層/五層,房地(土地+建物),3房2廳2衛,0,住家用,121.5117292,25.0705585
臺北市大同區寧夏路１１號十一樓之８,111/07/29,900,63.1,14.27,住宅大樓(11層含以上有電梯),26,十一層/十四層,房地(土地+建物),1房1廳1衛,0,住家用,121.5150301,25.0546731
臺北市大同區甘州街１０號七樓,111/07/29,2670,60.4,44.17,華廈(10層含以下有電梯),31,七層/九層,房地(土地+建物),3房2廳2衛,0,住家用,121.5128055,25.0584369
臺北市大同區萬全街１號二樓之５,111/07/27,4758,100.5,59.11,住宅大樓(11層含以上有電梯),7,二層/十五層,房地(土地+建物)+車位,3房2廳2衛,350,住家用,121.5203655,25.0588024
臺北市大同區敦煌路８０巷１號八樓之３,111/07/27,2430,65,37.39,住宅大樓(11層含以上有電梯),15,八層/十二層,房地(土地+建物)+車位,2房2廳1衛,0,住家用,121.5175497,25.0750439
臺北市大同區昌吉街３２號三樓,111/07/26,5580,78.2,93.22,住宅大樓(11層含以上有電梯),11,三層/十四層,房地(土地+建物)+車位,4房2廳2衛,500,住家用,121.5170972,25.0657816
臺北市大同區迪化街二段１７２巷２８號七樓之１,111/07/25,1760,68,25.87,住宅大樓(11層含以上有電梯),21,七層/十一層,房地(土地+建物)+車位,3房2廳1衛,0,住家用,121.509418,25.067108
臺北市大同區南京西路１５５巷３６之２號三樓,111/07/25,126,26.7,4.72,公寓(5樓含以下無電梯),50,三層/四層,房地(土地+建物),1房1廳1衛,0,住家用,121.5133171,25.0549489
臺北市大同區民權西路１４４巷５弄５號十七樓,111/07/25,2450,65.6,37.32,住宅大樓(11層含以上有電梯),32,十七層/十七層,房地(土地+建物),1房2廳1衛,0,住家用,121.5161357,25.0623664
臺北市大同區民權西路１６０巷２６弄１號十一樓,111/07/25,3936,61.7,76.11,住宅大樓(11層含以上有電梯),1,十一層/十八層,房地(土地+建物)+車位,3房2廳2衛,442,住家用,121.5157524,25.0616837
臺北市大同區民權西路１６０巷２６弄１號十一樓之１,111/07/25,3716,61.8,66.31,住宅大樓(11層含以上有電梯),1,十一層/十八層,房地(土地+建物)+車位,3房2廳2衛,221,住家用,121.5157524,25.0616837
臺北市大同區五原路１９號十四樓之９,111/07/24,950,84.9,11.18,住宅大樓(11層含以上有電梯),13,十四層/十四層,房地(土地+建物),1房1廳1衛,0,住家用,121.517332,25.0566929
臺北市大同區民權西路１６０巷１８弄６號三樓之６,111/07/24,2985,80.6,43.32,住宅大樓(11層含以上有電梯),1,三層/十八層,房地(土地+建物)+車位,2房2廳2衛,280,住家用,121.5154648,25.0621751
臺北市大同區萬全街１０３巷１２號四樓,111/07/23,1620,44.8,36.19,公寓(5樓含以下無電梯),29,四層/五層,房地(土地+建物),3房2廳1衛,0,住家用,121.516511,25.058163
臺北市大同區昌吉街１１０巷２１號三樓,111/07/22,240,9,26.64,公寓(5樓含以下無電梯),46,三層/四層,建物,2房1廳1衛,0,住家用,121.5147103,25.0651816
臺北市大同區民權西路１４４巷５弄７號十六樓,111/07/21,2730,67.6,50.57,住宅大樓(11層含以上有電梯),32,十六層/十七層,房地(土地+建物)+車位,3房2廳2衛,250,住家用,121.5161393,25.062294
臺北市大同區南京西路１８５巷７號五樓之６,111/07/21,720,51.4,14.02,華廈(10層含以下有電梯),41,五層/六層,房地(土地+建物),1房1廳1衛,0,住家用,121.5123469,25.0545877
臺北市大同區民權西路１６０巷１８弄１７號二樓,111/07/21,380,20.1,18.89,公寓(5樓含以下無電梯),45,二層/四層,房地(土地+建物),2房1廳1衛,0,住家用,121.5150675,25.0622582
臺北市大同區華亭街１號五樓之２,111/07/19,3800,64.7,58.75,住宅大樓(11層含以上有電梯),1,五層/二十一層,房地(土地+建物)+車位,3房2廳2衛,0,住家用,121.5133706,25.0522164
臺北市大同區民權西路２３７之１號十四樓,111/07/19,5888,79.1,82.05,住宅大樓(11層含以上有電梯),3,十四層/十九層,房地(土地+建物)+車位,3房2廳2衛,340,住家用,121.5117242,25.0631256
臺北市大同區承德路三段１９０巷８號二樓,111/07/18,1300,59.4,21.88,公寓(5樓含以下無電梯),50,二層/四層,房地(土地+建物),3房2廳1衛,0,住家用,121.5178272,25.0696471
臺北市大同區民權西路１１８巷１５弄１號四樓,111/07/17,2400,62.1,38.62,住宅大樓(11層含以上有電梯),40,四層/十三層,房地(土地+建物),3房2廳2衛,0,住家用,121.5172441,25.0623268
臺北市大同區保安街４９巷１３號,111/07/16,1460,49.8,29.32,公寓(5樓含以下無電梯),50,三層/四層,房地(土地+建物),2房1廳1衛,0,住家用,121.5119939,25.0598881
臺北市大同區民權西路９１號十二樓之５,111/07/15,600,73.6,8.15,住宅大樓(11層含以上有電梯),42,十二層/十二層,房地(土地+建物),1房0廳1衛,0,住家用,121.5188695,25.0630764
臺北市大同區赤峰街７７巷５號四樓,111/07/15,244,48.9,4.99,公寓(5樓含以下無電梯),51,四層/四層,房地(土地+建物),2房1廳1衛,0,住家用,121.5199371,25.0570992
臺北市大同區五原路１９號二樓之２,111/07/12,2410,77.8,30.99,住宅大樓(11層含以上有電梯),13,二層/十四層,房地(土地+建物)+車位,2房2廳1衛,180,住家用,121.517332,25.0566929
臺北市大同區華陰街７９號五樓之３,111/07/11,2598,83.5,31.11,住宅大樓(11層含以上有電梯),9,五層/十三層,房地(土地+建物)+車位,2房1廳1衛,150,住家用,121.5179469,25.0497705
臺北市大同區西寧北路８３號十二樓之１,111/07/11,380,41.7,9.11,住宅大樓(11層含以上有電梯),44,十二層/十二層,房地(土地+建物),1房1廳1衛,0,住家用,121.5091113,25.0560229
臺北市大同區延平北路二段２５５號十二樓之８,111/07/11,1568,60.2,26.05,住宅大樓(11層含以上有電梯),43,十二層/十二層,房地(土地+建物),3房2廳1衛,0,住家用,121.5113578,25.0624347
臺北市大同區承德路三段２０８巷６號十樓之２,111/07/10,690,85.9,8.03,住宅大樓(11層含以上有電梯),15,十層/十一層,房地(土地+建物),0房1廳1衛,0,住家用,121.5180853,25.0703932
臺北市大同區酒泉街１３６號二樓,111/07/06,950,40.6,23.4,公寓(5樓含以下無電梯),51,二層/四層,房地(土地+建物),1房2廳1衛,0,住家用,121.5125405,25.0719742
臺北市大同區重慶北路二段１５３號九樓之１,111/07/05,2232,58.7,38,住宅大樓(11層含以上有電梯),35,九層/十二層,房地(土地+建物),3房2廳2衛,0,住家用,121.513821,25.058447
臺北市大同區迪化街一段２７３號八樓,111/07/05,1320,32.3,40.92,華廈(10層含以下有電梯),30,八層/十層,房地(土地+建物)+車位,4房2廳2衛,0,住家用,121.509364,25.0612659
臺北市大同區涼州街８之１號五樓,111/07/04,2088,52.4,39.84,華廈(10層含以下有電梯),46,五層/六層,房地(土地+建物),3房1廳3衛,0,住家用,121.5151734,25.0609296
臺北市大同區涼州街８之１號六樓,111/07/04,2091,52.5,39.84,華廈(10層含以下有電梯),46,六層/六層,房地(土地+建物),2房2廳2衛,0,住家用,121.5151734,25.0609296
臺北市大同區民權西路１４４巷５弄５號十五樓,111/07/04,2480,67.6,36.68,住宅大樓(11層含以上有電梯),32,十五層/十七層,房地(土地+建物),3房2廳1衛,0,住家用,121.5161357,25.0623664
臺北市大同區安西街４３之２號五樓之５,111/07/04,2220,54,41.12,華廈(10層含以下有電梯),39,五層/九層,房地(土地+建物),4房2廳2衛,0,住家用,121.5100178,25.060297
臺北市大同區民族西路７６巷２５號六樓,111/07/02,1500,88.7,16.9,華廈(10層含以下有電梯),7,六層/八層,房地(土地+建物),2房1廳1衛,0,住家用,121.5178419,25.0677974
臺北市大同區赤峰街３巷１３號五樓,111/07/02,1940,96.3,20.14,華廈(10層含以下有電梯),16,五層/七層,房地(土地+建物),2房1廳1衛,0,住家用,121.5197946,25.0533896
臺北市大同區哈密街５９巷７８弄９號十二樓之３,111/06/30,2500,54,46.29,住宅大樓(11層含以上有電梯),23,十二層/十二層,房地(土地+建物),3房2廳2衛,0,住家用,121.5147791,25.0759193
臺北市大同區寧夏路１１號十一樓之１８,111/06/27,650,61,10.66,住宅大樓(11層含以上有電梯),26,十一層/十四層,房地(土地+建物),1房1廳1衛,0,住家用,121.5150301,25.0546731
臺北市大同區長安西路３４２號十二樓之２,111/06/27,4900,57.5,85.2,住宅大樓(11層含以上有電梯),35,十二層/十二層,房地(土地+建物)+車位,5房2廳2衛,0,住家用,121.5102772,25.0519359
臺北市大同區承德路三段１５６號十一樓之１,111/06/27,1780,51.5,34.55,住宅大樓(11層含以上有電梯),16,十一層/十三層,房地(土地+建物)+車位,2房1廳1衛,0,住家用,121.5182051,25.0682255
臺北市大同區南京西路５７號十七樓之３,111/06/27,2745,148.4,18.5,住宅大樓(11層含以上有電梯),3,十七層/十九層,房地(土地+建物),1房1廳1衛,0,住家用,121.5193976,25.053061
臺北市大同區寧夏路３２號八樓之１０,111/06/26,721,50.7,14.21,住宅大樓(11層含以上有電梯),40,八層/十一層,房地(土地+建物),1房1廳1衛,0,住家用,121.5151416,25.0559543
臺北市大同區敦煌路８０巷１號十二樓之１,111/06/26,2488,67.1,37.07,住宅大樓(11層含以上有電梯),15,十二層/十二層,房地(土地+建物)+車位,2房2廳1衛,0,住家用,121.5175497,25.0750439
臺北市大同區延平北路二段２３５號十樓之６,111/06/26,875,64.1,13.66,住宅大樓(11層含以上有電梯),39,十層/十一層,房地(土地+建物),1房1廳1衛,0,住家用,121.5114662,25.060467
臺北市大同區華亭街３６號六樓之３,111/06/25,1150,73,16.47,住宅大樓(11層含以上有電梯),12,六層/十一層,房地(土地+建物)+車位,1房1廳1衛,150,住家用,121.5130554,25.0534926
臺北市大同區重慶北路二段１８５號十二樓,111/06/25,1850,62.7,29.48,住宅大樓(11層含以上有電梯),41,十二層/十二層,房地(土地+建物),2房2廳1衛,0,住家用,121.5137603,25.0599622
臺北市大同區重慶北路三段３７７號六樓之１,111/06/25,485,62.8,7.73,華廈(10層含以下有電梯),26,六層/八層,房地(土地+建物),1房1廳1衛,0,住家用,121.514139,25.075778
臺北市大同區大龍街２２８號四樓,111/06/21,1000,42.6,23.46,公寓(5樓含以下無電梯),49,"四層,陽臺/四層",房地(土地+建物),4房1廳1衛,0,住家用,121.5158181,25.069633
臺北市大同區南京西路５７號十七樓之１,111/06/21,2432,147.1,16.53,住宅大樓(11層含以上有電梯),3,十七層/十九層,房地(土地+建物),1房1廳1衛,0,住家用,121.5193985,25.0530153
臺北市大同區南京西路５７號十七樓,111/06/21,4773,147.8,36.14,住宅大樓(11層含以上有電梯),3,十七層/十九層,房地(土地+建物)+車位,3房2廳2衛,160,住家用,121.5193985,25.0530153
臺北市大同區重慶北路二段２２５號五樓,111/06/21,1273,32.7,38.91,住宅大樓(11層含以上有電梯),1,五層/十三層,房地(土地+建物)+車位,2房1廳1衛,0,住家用,121.5137701,25.0615804
臺北市大同區民權西路２３７之１號十五樓,111/06/20,5860,78.5,82.05,住宅大樓(11層含以上有電梯),3,十五層/十九層,房地(土地+建物)+車位,3房2廳2衛,350,住家用,121.5117242,25.0631256
臺北市大同區南京西路３６０之２號十二樓之３,111/06/20,620,61.8,10.02,住宅大樓(11層含以上有電梯),44,十二層/十四層,房地(土地+建物),1房1廳1衛,0,住家用,121.51101,25.0536769
臺北市大同區重慶北路二段８８號五樓,111/06/17,6900,54.1,127.49,住宅大樓(11層含以上有電梯),9,五層/十五層,房地(土地+建物)+車位,4房2廳2衛,0,住家用,121.5136294,25.0567071
臺北市大同區五原路１９號三樓之５,111/06/16,1500,63.1,23.79,住宅大樓(11層含以上有電梯),13,三層/十四層,房地(土地+建物),2房1廳1衛,0,住家用,121.517332,25.0566929
臺北市大同區大龍街８９巷１號五樓之３,111/06/16,240,43.5,5.52,公寓(5樓含以下無電梯),57,五層/五層,房地(土地+建物),1房1廳1衛,0,住家用,121.5166559,25.0667693
臺北市大同區承德路三段１２９巷２１號三樓,111/06/15,1080,59.8,18.07,公寓(5樓含以下無電梯),46,三層/五層,房地(土地+建物),2房2廳1衛,0,住家用,121.5192707,25.0673659
臺北市大同區迪化街二段２７２巷７號五樓,111/06/15,1550,42.9,36.15,公寓(5樓含以下無電梯),37,五層/五層,房地(土地+建物),3房2廳2衛,0,住家用,121.5112184,25.0709589
臺北市大同區南京西路５７號十六樓,111/06/13,4520,140,36.14,住宅大樓(11層含以上有電梯),3,十六層/十九層,房地(土地+建物)+車位,3房2廳2衛,150,住家用,121.5193985,25.0530153
臺北市大同區伊寧街９巷５號,111/06/13,1550,63.9,24.25,華廈(10層含以下有電梯),24,一層/六層,房地(土地+建物)+車位,1房1廳1衛,0,住家用,121.5131147,25.0651015
臺北市大同區雙連街７５號十五樓,111/06/12,5780,94.1,76.29,住宅大樓(11層含以上有電梯),5,十五層/十五層,房地(土地+建物)+車位,3房2廳2衛,640,住家用,121.5190353,25.0597616
臺北市大同區酒泉街２０１號三樓,111/06/10,3900,46.7,86.13,華廈(10層含以下有電梯),11,三層/七層,房地(土地+建物)+車位,4房2廳2衛,300,住家用,121.5118872,25.0722226
臺北市大同區華亭街３６號五樓之７,111/06/10,606,78,7.77,住宅大樓(11層含以上有電梯),12,五層/十一層,房地(土地+建物),1房1廳1衛,0,住家用,121.5130554,25.0534926
臺北市大同區迪化街二段１５８號二樓之３,111/06/08,3320,76,49.97,住宅大樓(11層含以上有電梯),1,二層/十五層,房地(土地+建物)+車位,3房2廳1衛,260,住家用,121.5099719,25.0667526
臺北市大同區承德路三段３０１巷２０號五樓,111/06/08,1329,42.8,31.05,公寓(5樓含以下無電梯),42,五層/五層,房地(土地+建物),3房2廳2衛,0,住家用,121.5212174,25.0757834
臺北市大同區承德路三段３０１巷２０號二樓,111/06/08,1392,44.8,31.05,公寓(5樓含以下無電梯),42,二層/五層,房地(土地+建物),2房2廳2衛,0,住家用,121.5212174,25.0757834
臺北市大同區承德路三段３０１巷２０號三樓,111/06/08,1377,44.3,31.05,公寓(5樓含以下無電梯),42,三層/五層,房地(土地+建物),3房2廳2衛,0,住家用,121.5212174,25.0757834
臺北市大同區承德路三段３０１巷２０號四樓,111/06/08,1347,43.4,31.05,公寓(5樓含以下無電梯),43,四層/五層,房地(土地+建物),3房2廳2衛,0,住家用,121.5212174,25.0757834
臺北市大同區大龍街３２號五樓,111/06/08,3250,52.2,62.21,華廈(10層含以下有電梯),5,五層/七層,房地(土地+建物)+車位,3房2廳2衛,450,住家用,121.5160073,25.0642676
臺北市大同區南京西路２５巷４０號二樓,111/06/07,2350,50.4,46.67,華廈(10層含以下有電梯),16,二層/七層,房地(土地+建物),2房1廳1衛,0,住家用,121.5204577,25.0569731
臺北市大同區酒泉街７４號六樓之１,111/06/06,2188,56.9,38.48,華廈(10層含以下有電梯),40,六層/七層,房地(土地+建物),3房2廳2衛,0,住家用,121.5150425,25.071922
臺北市大同區寧夏路１１號七樓之１,111/06/06,830,59,14.08,住宅大樓(11層含以上有電梯),26,七層/十四層,房地(土地+建物),1房1廳1衛,0,住家用,121.5150301,25.0546731
臺北市大同區雙連街７７號十五樓之１,111/06/06,5910,75.7,78.04,住宅大樓(11層含以上有電梯),5,十五層/十五層,房地(土地+建物)+車位,3房2廳2衛,0,住家用,121.5190309,25.0598091
臺北市大同區迪化街二段１５８號二樓之２,111/06/04,2930,74.1,45.73,住宅大樓(11層含以上有電梯),1,二層/十五層,房地(土地+建物)+車位,3房2廳2衛,260,住家用,121.5099719,25.0667526
臺北市大同區民權西路２３７之１號十六樓,111/06/02,6000,81,82.05,住宅大樓(11層含以上有電梯),3,十六層/十九層,房地(土地+建物)+車位,3房2廳2衛,320,住家用,121.5117242,25.0631256
臺北市大同區寧夏路２０號四樓之３,111/06/01,1075,76.7,14.02,住宅大樓(11層含以上有電梯),11,四層/十三層,房地(土地+建物),1房1廳1衛,0,住家用,121.5148473,25.0549352
臺北市大同區民族西路２２５巷３弄１０號六樓,111/05/31,2850,55,51.8,華廈(10層含以下有電梯),33,六層/七層,房地(土地+建物),4房2廳2衛,0,住家用,121.5127405,25.0690678
臺北市大同區延平北路二段２３５號十樓之５,111/05/31,750,63.9,11.74,住宅大樓(11層含以上有電梯),39,十層/十一層,房地(土地+建物),0房1廳1衛,0,住家用,121.5114662,25.060467
臺北市大同區華亭街３６號四樓之２,111/05/30,631,72.7,8.68,住宅大樓(11層含以上有電梯),12,四層/十一層,房地(土地+建物),1房1廳1衛,0,住家用,121.5130554,25.0534926
臺北市大同區延平北路二段２３５號九樓之４,111/05/29,800,76.5,10.46,住宅大樓(11層含以上有電梯),39,九層/十一層,房地(土地+建物),2房1廳1衛,0,住家用,121.5114662,25.060467
臺北市大同區重慶北路三段１９１巷８號七樓,111/05/29,2350,60.1,39.13,華廈(10層含以下有電梯),41,七層/七層,房地(土地+建物),3房2廳2衛,0,住家用,121.5144246,25.0693329
臺北市大同區南京西路３４４巷３５號九樓之２,111/05/28,904,44,20.54,華廈(10層含以下有電梯),29,九層/九層,房地(土地+建物),2房0廳2衛,0,住家用,121.512335,25.0528661
臺北市大同區南京西路３４４巷３５號九樓,111/05/28,342,44,7.78,華廈(10層含以下有電梯),29,九層/九層,房地(土地+建物),1房0廳1衛,0,住家用,121.512335,25.0528661
臺北市大同區南京西路３４４巷３５號九樓之６,111/05/28,392,44,8.9,華廈(10層含以下有電梯),29,九層/九層,房地(土地+建物),1房0廳1衛,0,住家用,121.512335,25.0528661
臺北市大同區南京西路３４４巷３５號九樓之１,111/05/28,505,44,11.47,華廈(10層含以下有電梯),29,九層/九層,房地(土地+建物),1房0廳1衛,0,住家用,121.512335,25.0528661
臺北市大同區南京西路３４４巷３５號九樓之５,111/05/28,403,44,9.17,華廈(10層含以下有電梯),29,九層/九層,房地(土地+建物),1房0廳1衛,0,住家用,121.512335,25.0528661
臺北市大同區南京西路３４４巷３５號九樓之４,111/05/28,286,44,6.5,華廈(10層含以下有電梯),29,九層/九層,房地(土地+建物),1房0廳1衛,0,住家用,121.512335,25.0528661
臺北市大同區南京西路３４４巷３５號九樓之３,111/05/28,668,44,15.18,華廈(10層含以下有電梯),29,九層/九層,房地(土地+建物),2房0廳2衛,0,住家用,121.512335,25.0528661
臺北市大同區酒泉街７６號二樓之１,111/05/28,2250,58.5,38.46,華廈(10層含以下有電梯),40,二層/七層,房地(土地+建物),3房2廳2衛,0,住家用,121.5150285,25.0719214
臺北市大同區華亭街１號九樓之５,111/05/27,4788,59.2,80.95,住宅大樓(11層含以上有電梯),1,九層/二十一層,房地(土地+建物)+車位,4房2廳3衛,0,住家用,121.5133706,25.0522164
臺北市大同區大龍街３０６號三樓,111/05/26,200,35.3,5.66,華廈(10層含以下有電梯),26,"三層,電梯樓梯間/六層",房地(土地+建物),3房2廳2衛,0,住家用,121.5157773,25.0716957
臺北市大同區重慶北路三段３１２巷１８號七樓之１,111/05/26,2400,60.1,39.92,華廈(10層含以下有電梯),19,七層/八層,房地(土地+建物),3房2廳2衛,0,住家用,121.5130747,25.0740007
臺北市大同區哈密街５９巷３８弄４９號十三樓之５,111/05/26,800,22.7,35.22,住宅大樓(11層含以上有電梯),3,十三層/十三層,建物,2房1廳1衛,0,住家用,121.514619,25.0750422
臺北市大同區重慶北路三段８３號十五樓之１,111/05/26,5458,71,80.62,住宅大樓(11層含以上有電梯),13,十五層/十五層,房地(土地+建物)+車位,3房2廳2衛,250,住家用,121.5139059,25.0667907
臺北市大同區哈密街５９巷３８弄５０號九樓,111/05/26,2150,45.6,47.17,住宅大樓(11層含以上有電梯),3,九層/十三層,建物,3房2廳2衛,0,住家用,121.5143483,25.0749631
臺北市大同區伊寧街９巷５號三樓,111/05/24,2450,61.2,40.02,華廈(10層含以下有電梯),24,三層/六層,房地(土地+建物)+車位,3房2廳2衛,0,住家用,121.5131147,25.0651015
臺北市大同區民族西路３１５號六樓,111/05/24,1660,56.5,29.37,華廈(10層含以下有電梯),40,六層/七層,房地(土地+建物),3房2廳2衛,0,住家用,121.5097213,25.0688909
臺北市大同區延平北路二段２４７巷２５號四樓,111/05/23,1539,69,22.32,華廈(10層含以下有電梯),14,四層/七層,房地(土地+建物)+車位,2房1廳1衛,0,住家用,121.5132362,25.0624563
臺北市大同區迪化街二段２７５巷９號五樓,111/05/23,930,43.5,21.36,公寓(5樓含以下無電梯),43,五層/五層,房地(土地+建物),3房2廳2衛,0,住家用,121.5132932,25.0725133
臺北市大同區哈密街５９巷７８弄１號十樓之１,111/05/22,2388,53.8,44.38,住宅大樓(11層含以上有電梯),23,十層/十二層,房地(土地+建物),3房2廳2衛,0,住家用,121.5156251,25.0756939
臺北市大同區重慶北路三段１８０號九樓,111/05/20,4396,66.6,65.98,住宅大樓(11層含以上有電梯),8,九層/十三層,房地(土地+建物)+車位,3房2廳2衛,0,住家用,121.5135482,25.0691378
臺北市大同區迪化街二段１９３號七樓,111/05/18,2650,43,61.63,華廈(10層含以下有電梯),37,七層/七層,房地(土地+建物),3房2廳3衛,0,住家用,121.5113904,25.0694297
臺北市大同區民權西路１０８號三樓之１,111/05/17,1800,23.1,77.89,住宅大樓(11層含以上有電梯),11,三層/十四層,房地(土地+建物)+車位,4房2廳3衛,0,住家用,121.5170959,25.0626808
臺北市大同區大龍街３００巷２號五樓,111/05/17,1023,51.8,19.74,公寓(5樓含以下無電梯),41,五層/五層,房地(土地+建物),2房2廳2衛,0,住家用,121.5155668,25.0717315
臺北市大同區蘭州街１５號二樓,111/05/16,650,19.4,33.52,公寓(5樓含以下無電梯),51,二層/四層,房地(土地+建物),3房1廳1衛,0,住家用,121.5144089,25.0620711
臺北市大同區鄭州路１１９號十一樓之２,111/05/15,3180,75.6,42.07,住宅大樓(11層含以上有電梯),33,十一層/十七層,房地(土地+建物),5房1廳5衛,0,住家用,121.51099,25.0503329
臺北市大同區重慶北路三段２３６巷４９號五樓,111/05/11,1368,53.2,25.73,公寓(5樓含以下無電梯),43,五層/五層,房地(土地+建物),3房2廳1衛,0,住家用,121.5121654,25.0706517
臺北市大同區民生西路３２３號八樓,111/05/10,800,36.8,21.72,住宅大樓(11層含以上有電梯),45,八層/十一層,房地(土地+建物),2房2廳2衛,0,住家用,121.5119,25.0570928
臺北市大同區民生西路２２５號十樓,111/05/10,2618,84.2,31.1,住宅大樓(11層含以上有電梯),4,十層/十二層,房地(土地+建物)+車位,1房2廳1衛,0,住家用,121.515992,25.057194
臺北市大同區民生西路４２３巷２７弄６號四樓,111/05/08,1766,48.9,36.09,公寓(5樓含以下無電梯),37,四層/五層,房地(土地+建物),3房2廳2衛,0,住家用,121.5089972,25.0575521
臺北市大同區寧夏路４６號三樓,111/05/05,1368,50,27.36,公寓(5樓含以下無電梯),47,三層/四層,房地(土地+建物),3房2廳2衛,0,住家用,121.515281,25.0564052
臺北市大同區環河北路二段２１３巷１號,111/05/04,2100,56.8,36.99,公寓(5樓含以下無電梯),45,一層/四層,房地(土地+建物),3房2廳2衛,0,住家用,121.5095299,25.0697361
臺北市大同區重慶北路三段２５巷１７弄１號四樓,111/05/04,1130,54.2,20.85,公寓(5樓含以下無電梯),46,四層/四層,房地(土地+建物),3房2廳1衛,0,住家用,121.515045,25.0647374
臺北市大同區民生西路１７１巷３號四樓之３,111/05/03,2560,80.9,36.37,住宅大樓(11層含以上有電梯),17,四層/十四層,房地(土地+建物)+車位,2房2廳2衛,150,住家用,121.517208,25.0574295
臺北市大同區鄭州路１１９號十七樓之１,111/05/01,3760,63.4,59.31,住宅大樓(11層含以上有電梯),33,十七層/十七層,房地(土地+建物)+車位,3房2廳2衛,260,住家用,121.51099,25.0503329
臺北市大同區民權西路１１８巷１５弄５號八樓,111/04/29,1800,40.4,44.51,住宅大樓(11層含以上有電梯),40,八層/十三層,房地(土地+建物),4房2廳2衛,0,住家用,121.5174256,25.0622574
臺北市大同區延平北路三段９８之１號四樓,111/04/27,1780,46.1,38.63,公寓(5樓含以下無電梯),50,四層/五層,房地(土地+建物),4房0廳4衛,0,住家用,121.510908,25.066309
臺北市大同區迪化街二段１８０巷１２號四樓,111/04/25,1400,50.3,27.86,公寓(5樓含以下無電梯),36,四層/五層,房地(土地+建物),3房2廳1衛,0,住家用,121.5096404,25.0674853
臺北市大同區歸綏街１６０巷１號四樓之６,111/04/24,863,64.2,13.45,住宅大樓(11層含以上有電梯),26,四層/十三層,房地(土地+建物),0房1廳1衛,0,住家用,121.5141448,25.0578876
臺北市大同區迪化街二段１５８號二樓之５,111/04/23,2000,57.6,34.73,住宅大樓(11層含以上有電梯),1,二層/十五層,房地(土地+建物)+車位,2房2廳1衛,0,住家用,121.5099719,25.0667526
臺北市大同區迪化街二段１５８號十三樓之６,111/04/23,3376,76.9,50.26,住宅大樓(11層含以上有電梯),1,十三層/十五層,房地(土地+建物)+車位,3房2廳2衛,260,住家用,121.5099719,25.0667526
臺北市大同區承德路三段１５４號九樓,111/04/23,2750,75.4,45.39,住宅大樓(11層含以上有電梯),16,九層/十三層,房地(土地+建物)+車位,3房2廳2衛,250,住家用,121.5181666,25.0681097
臺北市大同區赤峰街３５巷４號二樓,111/04/23,500,65.7,7.61,公寓(5樓含以下無電梯),53,二層/四層,房地(土地+建物),2房1廳1衛,0,住家用,121.5197064,25.0543581
臺北市大同區延平北路二段２１０巷１７號四樓,111/04/21,615,53.8,11.43,公寓(5樓含以下無電梯),37,四層/五層,房地(土地+建物),1房1廳1衛,0,住家用,121.5107905,25.0592907
臺北市大同區民族西路８０號三樓,111/04/20,2900,57.6,50.32,華廈(10層含以下有電梯),38,三層/七層,房地(土地+建物),4房2廳2衛,0,住家用,121.5176172,25.0683792
臺北市大同區寧夏路３２號十樓之１,111/04/19,688,55,12.51,住宅大樓(11層含以上有電梯),39,十層/十一層,房地(土地+建物),1房1廳1衛,0,住家用,121.5151416,25.0559543
臺北市大同區環河北路一段３４５號三樓,111/04/17,1420,54.9,25.85,華廈(10層含以下有電梯),37,三層/七層,房地(土地+建物),2房2廳1衛,0,住家用,121.5085423,25.0602497
臺北市大同區重慶北路三段８３號九樓之２,111/04/16,3600,73,53.12,住宅大樓(11層含以上有電梯),13,九層/十五層,房地(土地+建物)+車位,3房2廳2衛,250,住家用,121.5139059,25.0667907
臺北市大同區民權西路１７９號十一樓之２,111/04/16,3670,84.8,45.55,住宅大樓(11層含以上有電梯),7,十一層/十三層,房地(土地+建物)+車位,3房2廳2衛,200,住家用,121.5157656,25.0631684
臺北市大同區迪化街二段１５８號十二樓之８,111/04/15,3200,55.2,57.94,住宅大樓(11層含以上有電梯),1,十二層/十五層,房地(土地+建物)+車位,3房2廳2衛,0,住家用,121.5099719,25.0667526
臺北市大同區南京西路３６０之２號十二樓之３,111/04/14,580,57.9,10.02,住宅大樓(11層含以上有電梯),43,十二層/十四層,房地(土地+建物),1房1廳1衛,0,住家用,121.51101,25.0536769
臺北市大同區貴德街１８之２號二樓,111/04/14,1900,52.1,36.44,公寓(5樓含以下無電梯),47,二層/四層,房地(土地+建物),3房2廳1衛,0,住家用,121.508034,25.053193
臺北市大同區歸綏街９７巷８號七樓,111/04/12,1280,58.3,21.94,華廈(10層含以下有電梯),26,七層/七層,房地(土地+建物),2房2廳1衛,0,住家用,121.5159259,25.0591413
臺北市大同區延平北路四段１７９巷１３號二樓,111/04/10,1230,46.1,26.7,公寓(5樓含以下無電梯),36,二層/五層,房地(土地+建物),3房1廳1衛,0,住家用,121.5123101,25.0736872
臺北市大同區迪化街二段７３號二樓,111/04/09,1080,44.1,24.49,公寓(5樓含以下無電梯),41,二層/五層,房地(土地+建物),2房2廳1衛,0,住家用,121.5095387,25.0652235
臺北市大同區歸綏街５８號十樓之１,111/04/08,2950,84.2,48.87,華廈(10層含以下有電梯),4,十層/十層,房地(土地+建物)+車位,2房2廳1衛,440,住家用,121.5171253,25.0590211
臺北市大同區延平北路一段５１號六樓之１,111/04/08,1458,60,24.3,住宅大樓(11層含以上有電梯),41,六層/十一層,房地(土地+建物),2房2廳1衛,0,住家用,121.5121264,25.0509237
臺北市大同區承德路三段１５６號三樓,111/04/05,1780,79.7,22.33,住宅大樓(11層含以上有電梯),15,三層/十三層,房地(土地+建物),2房1廳1衛,0,住家用,121.5182051,25.0682255
臺北市大同區華亭街３６號十一樓之３,111/03/31,1216,54.1,22.46,住宅大樓(11層含以上有電梯),11,十一層/十一層,房地(土地+建物)+車位,1房1廳1衛,0,住家用,121.5130554,25.0534926
臺北市大同區華亭街１號十四樓,111/03/30,5118,78.5,72.81,住宅大樓(11層含以上有電梯),1,十四層/二十一層,房地(土地+建物)+車位,4房2廳2衛,300,住家用,121.5133706,25.0522164
臺北市大同區重慶北路三段１１號五樓,111/03/29,286,69,4.14,住宅大樓(11層含以上有電梯),1,五層/十三層,房地(土地+建物),2房1廳1衛,0,住家用,121.5140054,25.0644726
臺北市大同區寧夏路３２號八樓之９,111/03/29,550,43.1,12.76,住宅大樓(11層含以上有電梯),39,八層/十一層,房地(土地+建物),1房0廳1衛,0,住家用,121.5151416,25.0559543
臺北市大同區哈密街５４之１號六樓之１,111/03/29,1608,72.2,22.27,華廈(10層含以下有電梯),5,六層/七層,房地(土地+建物),3房2廳1衛,0,住家用,121.5179131,25.0736423
臺北市大同區重慶北路二段６７號九樓之６,111/03/28,2320,65.3,35.51,住宅大樓(11層含以上有電梯),39,九層/十二層,房地(土地+建物),5房2廳2衛,0,住家用,121.5142025,25.0557914
臺北市大同區民族西路２２５巷１３號六樓之１,111/03/27,3100,64.5,46.32,華廈(10層含以下有電梯),17,六層/十層,房地(土地+建物)+車位,2房2廳2衛,250,住家用,121.5123745,25.0698777
臺北市大同區寧夏路１１號八樓之６,111/03/26,1090,60.8,17.94,住宅大樓(11層含以上有電梯),25,八層/十四層,房地(土地+建物),1房1廳1衛,0,住家用,121.5150301,25.0546731
臺北市大同區重慶北路三段３２２巷７號,111/03/25,180,46.8,3.85,公寓(5樓含以下無電梯),43,一層/五層,房地(土地+建物),2房1廳1衛,0,住家用,121.5130219,25.075653
臺北市大同區歸綏街５８號七樓,111/03/23,2000,71.1,41,華廈(10層含以下有電梯),4,七層/十層,房地(土地+建物)+車位,2房2廳1衛,440,住家用,121.5171253,25.0590211
臺北市大同區延平北路三段１０２號四樓之１,111/03/21,1200,64.1,18.73,華廈(10層含以下有電梯),41,四層/七層,房地(土地+建物),2房2廳1衛,0,住家用,121.510902,25.066443
臺北市大同區酒泉街６８號四樓,111/03/20,2250,58.5,38.46,華廈(10層含以下有電梯),40,四層/七層,房地(土地+建物),3房2廳2衛,0,住家用,121.5153748,25.0718482
臺北市大同區哈密街５９巷５６弄２２號二樓,111/03/20,1550,50.2,30.89,公寓(5樓含以下無電梯),43,二層/四層,房地(土地+建物),3房1廳1衛,0,住家用,121.5151136,25.0753263
臺北市大同區哈密街５９巷５３弄２１號三樓,111/03/20,1433,53.9,26.59,公寓(5樓含以下無電梯),36,三層/五層,房地(土地+建物),4房0廳4衛,0,住家用,121.5164255,25.0754236
臺北市大同區塔城街５０巷１２號四樓,111/03/20,1080,54.2,19.93,華廈(10層含以下有電梯),49,四層/五層,房地(土地+建物),3房2廳1衛,0,住家用,121.50997,25.052773
臺北市大同區哈密街６３巷１０號二樓,111/03/19,1040,57,18.25,公寓(5樓含以下無電梯),42,二層/五層,房地(土地+建物),2房2廳1衛,0,住家用,121.5152023,25.0739996
臺北市大同區安西街４３之２號七樓之６,111/03/19,418,54.7,7.65,華廈(10層含以下有電梯),39,七層/九層,房地(土地+建物),0房1廳1衛,0,住家用,121.5100178,25.060297
臺北市大同區民權西路２３７之１號五樓之６,111/03/13,3450,93.1,40.85,住宅大樓(11層含以上有電梯),3,五層/十九層,房地(土地+建物)+車位,3房2廳2衛,200,住家用,121.5117242,25.0631256
臺北市大同區五原路１９號五樓之１１,111/03/12,960,82.2,11.68,住宅大樓(11層含以上有電梯),12,五層/十四層,房地(土地+建物),1房1廳1衛,0,住家用,121.517332,25.0566929
臺北市大同區迪化街二段２７０號三樓之５,111/03/12,1080,52.2,20.71,公寓(5樓含以下無電梯),46,三層/四層,房地(土地+建物),3房2廳1衛,0,住家用,121.5115928,25.0707162
臺北市大同區延平北路四段１５號五樓之１,111/03/12,2030,56.6,35.84,華廈(10層含以下有電梯),41,五層/七層,房地(土地+建物),4房0廳4衛,0,住家用,121.511018,25.0692276
臺北市大同區迪化街二段３２５號四樓、３２５號五樓,111/03/11,1205,59.1,20.39,公寓(5樓含以下無電梯),16,"四層,五層/五層",房地(土地+建物),2房2廳1衛,0,住家用,121.5121325,25.0740646
臺北市大同區歸綏街５８號九樓之１,111/03/10,2950,77.9,52.29,華廈(10層含以下有電梯),4,九層/十層,房地(土地+建物)+車位,2房2廳1衛,360,住家用,121.5171253,25.0590211
臺北市大同區南京西路５７號十五樓,111/03/08,4748,147.3,36.14,住宅大樓(11層含以上有電梯),3,十五層/十九層,房地(土地+建物)+車位,3房2廳2衛,150,住家用,121.5193985,25.0530153
臺北市大同區重慶北路三段３７７號五樓之１,111/03/08,1620,62.4,25.95,華廈(10層含以下有電梯),25,五層/八層,房地(土地+建物),2房2廳2衛,0,住家用,121.514139,25.075778
臺北市大同區錦西街９０之１號五樓,111/03/08,620,66.3,9.35,公寓(5樓含以下無電梯),45,五層/五層,房地(土地+建物),2房1廳1衛,0,住家用,121.518709,25.060118
臺北市大同區延平北路四段１５３巷２２號三樓,111/03/07,975,50.4,19.34,公寓(5樓含以下無電梯),51,"三層,露台/四層",房地(土地+建物),2房1廳1衛,0,住家用,121.5118161,25.0726013
臺北市大同區雙連街７５號十三樓之１,111/03/07,6920,105.4,81.66,住宅大樓(11層含以上有電梯),5,十三層/十五層,房地(土地+建物)+車位,3房2廳2衛,600,住家用,121.5190353,25.0597616
臺北市大同區延平北路一段５１號五樓之８,111/03/06,1288,60.3,21.35,住宅大樓(11層含以上有電梯),41,五層/十一層,房地(土地+建物),1房1廳1衛,0,住家用,121.5121264,25.0509237
臺北市大同區重慶北路三段１１號七樓,111/03/06,1965,85.8,22.91,住宅大樓(11層含以上有電梯),1,七層/十三層,房地(土地+建物),2房1廳1衛,0,住家用,121.5140054,25.0644726
臺北市大同區延平北路二段１９７號七樓之１２,111/03/06,905,57.2,15.82,住宅大樓(11層含以上有電梯),43,七層/十一層,房地(土地+建物),2房1廳1衛,0,住家用,121.51157,25.059336
臺北市大同區環河北路二段２０５巷２號二樓之２,111/03/05,1770,56.8,31.17,華廈(10層含以下有電梯),11,二層/八層,房地(土地+建物)+車位,3房2廳2衛,150,住家用,121.5093959,25.0692306
臺北市大同區重慶北路三段２４３巷４２號三樓,111/03/05,1094,59.2,18.48,華廈(10層含以下有電梯),16,三層/九層,房地(土地+建物),2房1廳2衛,0,住家用,121.5154444,25.0711266
臺北市大同區重慶北路三段２４３巷４２號三樓之１,111/03/05,2398,64.3,38.01,華廈(10層含以下有電梯),16,三層/九層,房地(土地+建物)+車位,3房2廳2衛,150,住家用,121.5154676,25.0711475
臺北市大同區南京西路５７號十五樓之６,111/03/04,4288,141.8,34.1,住宅大樓(11層含以上有電梯),3,十五層/十九層,房地(土地+建物)+車位,2房1廳1衛,150,住家用,121.5193985,25.0530153
臺北市大同區重慶北路三段３３４巷１５弄１號三樓,111/03/01,1460,46.8,31.18,公寓(5樓含以下無電梯),36,三層/五層,房地(土地+建物),3房2廳2衛,0,住家用,121.5128703,25.0759851
臺北市大同區民權西路３００號九樓之６,111/03/01,2050,71.5,32.33,住宅大樓(11層含以上有電梯),5,九層/十三層,房地(土地+建物)+車位,2房2廳1衛,150,住家用,121.5102628,25.0628539
臺北市大同區民族西路２２５巷１９號六樓之１,111/02/26,2130,69.9,38.27,住宅大樓(11層含以上有電梯),15,六層/十一層,房地(土地+建物)+車位,3房2廳1衛,300,住家用,121.5123565,25.0700825
臺北市大同區天水路４５號十三樓,111/02/25,1350,59.5,22.69,住宅大樓(11層含以上有電梯),13,十三層/十四層,房地(土地+建物)+車位,1房1廳1衛,0,住家用,121.5129775,25.0528803
臺北市大同區民族西路２２５巷１３之８號七樓之１,111/02/24,3700,54,68.52,華廈(10層含以下有電梯),17,七層/十層,房地(土地+建物)+車位,3房2廳2衛,0,住家用,121.5123745,25.0698777
臺北市大同區敦煌路１９７之１號四樓之１,111/02/24,1730,56,32.67,華廈(10層含以下有電梯),1,四層/七層,房地(土地+建物)+車位,3房1廳1衛,180,住家用,121.510163,25.0768281
臺北市大同區保安街１９號六樓,111/02/24,4788,66.5,72.05,住宅大樓(11層含以上有電梯),10,六層/十五層,房地(土地+建物)+車位,4房2廳2衛,0,住家用,121.514243,25.059742
臺北市大同區民權西路３００號八樓之３,111/02/23,2718,70.1,42.4,住宅大樓(11層含以上有電梯),5,八層/十三層,房地(土地+建物)+車位,2房2廳2衛,150,住家用,121.5102628,25.0628539
臺北市大同區寧夏路１４５號四樓之１,111/02/23,3000,63.4,47.33,住宅大樓(11層含以上有電梯),18,四層/十四層,房地(土地+建物),4房2廳2衛,0,住家用,121.514413,25.061083
臺北市大同區寧夏路２０號六樓,111/02/23,1640,76,21.59,住宅大樓(11層含以上有電梯),10,六層/十三層,房地(土地+建物),1房1廳1衛,0,住家用,121.5148473,25.0549352
臺北市大同區華亭街３６號五樓之６,111/02/20,1500,74.1,20.25,住宅大樓(11層含以上有電梯),11,五層/十一層,房地(土地+建物),2房1廳1衛,0,住家用,121.5130554,25.0534926
臺北市大同區重慶北路二段３３號十樓之１,111/02/18,2000,50.4,39.67,住宅大樓(11層含以上有電梯),34,十層/十二層,房地(土地+建物),3房1廳2衛,0,住家用,121.514403,25.0550167
臺北市大同區承德路三段１５９巷１８號三樓,111/02/17,585,34.6,16.92,公寓(5樓含以下無電梯),52,三層/三層,房地(土地+建物),2房1廳1衛,0,住家用,121.5192183,25.0680292
臺北市大同區重慶北路三段６７號二樓之１,111/02/16,600,57,10.52,住宅大樓(11層含以上有電梯),12,二層/十五層,房地(土地+建物),3房2廳3衛,0,住家用,121.5139441,25.0662553
臺北市大同區民權西路１４４巷５弄７號十七樓之２,111/02/16,2800,40.9,68.52,住宅大樓(11層含以上有電梯),32,十七層/十七層,房地(土地+建物)+車位,3房2廳2衛,500,住家用,121.5161393,25.062294
臺北市大同區民權西路２３７之１號十六樓之３,111/02/16,6200,81.6,84.24,住宅大樓(11層含以上有電梯),3,十六層/十九層,房地(土地+建物)+車位,4房2廳2衛,300,住家用,121.5117242,25.0631256
臺北市大同區哈密街５９巷５６弄３８號,111/02/16,1322,60.4,21.88,公寓(5樓含以下無電梯),38,一層/五層,房地(土地+建物),2房1廳1衛,0,住家用,121.5147865,25.0752862
臺北市大同區延平北路二段２３５號九樓之４,111/02/16,638,61,10.46,住宅大樓(11層含以上有電梯),39,九層/十一層,房地(土地+建物),0房1廳1衛,0,住家用,121.5114662,25.060467
臺北市大同區民生西路２３６號十樓,111/02/14,1000,79.2,15.39,住宅大樓(11層含以上有電梯),17,十層/十二層,房地(土地+建物)+車位,1房1廳1衛,130,住家用,121.5144404,25.0568765
臺北市大同區華亭街１號九樓,111/02/14,4330,74.5,58.09,住宅大樓(11層含以上有電梯),1,九層/二十一層,房地(土地+建物)+車位,4房2廳2衛,0,住家用,121.5133706,25.0522164
臺北市大同區民權西路２３３號四樓,111/02/13,1700,55.9,30.42,公寓(5樓含以下無電梯),39,四層/五層,房地(土地+建物),2房2廳1衛,0,住家用,121.5119823,25.0631806
臺北市大同區敦煌路６８號,111/02/13,1620,66.6,24.32,公寓(5樓含以下無電梯),46,"一層,騎樓/四層",房地(土地+建物),1房2廳1衛,0,住家用,121.518389,25.0755247
臺北市大同區長安西路３２２號十樓之１,111/02/12,3050,60.6,50.32,住宅大樓(11層含以上有電梯),14,十層/十三層,房地(土地+建物)+車位,3房2廳2衛,0,住家用,121.511528,25.051969
臺北市大同區迪化街二段１５８號七樓之１,111/02/11,3450,66.9,51.55,住宅大樓(11層含以上有電梯),1,七層/十五層,房地(土地+建物)+車位,3房2廳2衛,0,住家用,121.5099719,25.0667526
臺北市大同區昌吉街８１巷７號四樓,111/02/11,1250,52.4,23.84,公寓(5樓含以下無電梯),45,四層/五層,房地(土地+建物),4房0廳4衛,0,住家用,121.5143003,25.0662584
臺北市大同區重慶北路三段２０５巷７號,111/02/10,2370,93.9,25.23,華廈(10層含以下有電梯),13,一層/七層,房地(土地+建物),1房2廳1衛,0,住家用,121.5144515,25.0702118
臺北市大同區民權西路１０２巷４弄２３號四樓,111/02/10,244,36.9,6.61,公寓(5樓含以下無電梯),53,四層/四層,房地(土地+建物),2房1廳1衛,0,住家用,121.5170249,25.0616673
臺北市大同區錦西街８０號四樓,111/02/09,950,41.4,22.97,公寓(5樓含以下無電梯),51,四層/四層,房地(土地+建物),3房2廳1衛,0,住家用,121.5191155,25.060148
臺北市大同區涼州街２號五樓之９,111/02/09,2330,79.3,29.38,住宅大樓(11層含以上有電梯),11,五層/十五層,房地(土地+建物),2房2廳2衛,0,住家用,121.515618,25.0608288
臺北市大同區南京西路５７號十三樓之１０,111/02/07,5200,122,46.32,住宅大樓(11層含以上有電梯),3,十三層/十九層,房地(土地+建物)+車位,3房2廳2衛,150,住家用,121.5193976,25.053061
臺北市大同區哈密街５９巷３１弄４０號三樓,111/01/30,685,50,13.7,公寓(5樓含以下無電梯),39,三層/四層,房地(土地+建物),2房1廳1衛,0,住家用,121.5167175,25.0748815
臺北市大同區南京西路３１６號十樓之１０,111/01/29,580,57.2,10.14,住宅大樓(11層含以上有電梯),41,十層/十二層,房地(土地+建物),1房1廳1衛,0,住家用,121.5130161,25.0538611
臺北市大同區赤峰街１７巷１９號三樓,111/01/28,1430,77.6,18.43,公寓(5樓含以下無電梯),52,三層/四層,房地(土地+建物),3房1廳1衛,0,住家用,121.5200116,25.053725
臺北市大同區哈密街４５巷１弄１２號二樓,111/01/27,600,30.3,19.81,公寓(5樓含以下無電梯),47,二層/四層,房地(土地+建物),2房1廳1衛,0,住家用,121.5179854,25.0739698
臺北市大同區承德路三段６９號十樓之３,111/01/26,1910,82.5,28.83,住宅大樓(11層含以上有電梯),4,十層/十四層,房地(土地+建物)+車位,2房1廳1衛,150,住家用,121.518791,25.0654733
臺北市大同區環河北路二段２１９號,111/01/25,2400,78.9,30.43,公寓(5樓含以下無電梯),45,"一層,騎樓/四層",房地(土地+建物),1房0廳1衛,0,住家用,121.5094682,25.0698843
臺北市大同區敦煌路２１３號三樓,111/01/25,1438,47.1,30.55,公寓(5樓含以下無電梯),36,三層/五層,房地(土地+建物),3房2廳2衛,0,住家用,121.509739,25.0769478
臺北市大同區承德路一段７７巷９號,111/01/25,1900,36.8,51.7,公寓(5樓含以下無電梯),55,一層/四層,房地(土地+建物),4房4廳4衛,0,住家用,121.5178704,25.0522195
臺北市大同區延平北路二段５５號五樓,111/01/24,3188,56.4,56.52,住宅大樓(11層含以上有電梯),12,五層/十四層,房地(土地+建物)+車位,3房2廳2衛,0,住家用,121.5118087,25.0552817
臺北市大同區保安街７２巷３號五樓之５,111/01/24,720,76.7,9.39,華廈(10層含以下有電梯),14,五層/七層,房地(土地+建物),0房1廳1衛,0,住家用,121.5122149,25.0588261
臺北市大同區重慶北路三段１３７巷２９號三樓,111/01/24,2500,51.5,48.57,華廈(10層含以下有電梯),28,三層/六層,房地(土地+建物)+車位,2房2廳2衛,0,住家用,121.5152955,25.0680077
臺北市大同區華亭街１號八樓之８,111/01/24,1740,66.4,26.19,住宅大樓(11層含以上有電梯),1,八層/二十一層,房地(土地+建物),2房2廳2衛,0,住家用,121.5133706,25.0522164
臺北市大同區華亭街１號七樓之８,111/01/24,1730,66,26.19,住宅大樓(11層含以上有電梯),1,七層/二十一層,房地(土地+建物),2房2廳2衛,0,住家用,121.5133706,25.0522164
臺北市大同區華亭街１號八樓之３,111/01/24,1830,67.3,27.2,住宅大樓(11層含以上有電梯),1,八層/二十一層,房地(土地+建物),2房2廳2衛,0,住家用,121.5133706,25.0522164
臺北市大同區華亭街１號九樓之３,111/01/24,2080,67.2,34.43,住宅大樓(11層含以上有電梯),1,九層/二十一層,房地(土地+建物)+車位,2房2廳2衛,150,住家用,121.5133706,25.0522164
臺北市大同區華亭街１號七樓之３,111/01/24,1820,66.9,27.2,住宅大樓(11層含以上有電梯),1,七層/二十一層,房地(土地+建物),2房2廳2衛,0,住家用,121.5133706,25.0522164
臺北市大同區華亭街１號七樓之６,111/01/24,1910,66.5,28.71,住宅大樓(11層含以上有電梯),1,七層/二十一層,房地(土地+建物),2房2廳2衛,0,住家用,121.5133706,25.0522164
臺北市大同區華亭街１號十樓之６,111/01/24,1910,67.2,31.91,住宅大樓(11層含以上有電梯),1,十層/二十一層,房地(土地+建物)+車位,2房2廳2衛,150,住家用,121.5133706,25.0522164
臺北市大同區華亭街１號五樓,111/01/24,3190,66,51.66,住宅大樓(11層含以上有電梯),1,五層/二十一層,房地(土地+建物)+車位,3房2廳2衛,160,住家用,121.5133706,25.0522164
臺北市大同區華亭街１號十一樓之６,111/01/24,1930,68,31.91,住宅大樓(11層含以上有電梯),1,十一層/二十一層,房地(土地+建物)+車位,2房2廳2衛,150,住家用,121.5133706,25.0522164
臺北市大同區華亭街１號十樓之３,111/01/24,2100,67.9,34.43,住宅大樓(11層含以上有電梯),1,十層/二十一層,房地(土地+建物)+車位,2房2廳2衛,150,住家用,121.5133706,25.0522164
臺北市大同區華亭街１號十一樓之３,111/01/24,2120,68.3,34.43,住宅大樓(11層含以上有電梯),1,十一層/二十一層,房地(土地+建物)+車位,2房2廳2衛,160,住家用,121.5133706,25.0522164
臺北市大同區迪化街二段３４０號二樓,111/01/23,1995,46.4,42.99,公寓(5樓含以下無電梯),37,二層/五層,房地(土地+建物),4房2廳2衛,0,住家用,121.5126293,25.0725066
臺北市大同區民生西路１９９號三樓,111/01/22,1375,70.1,19.62,住宅大樓(11層含以上有電梯),12,三層/十三層,房地(土地+建物),2房1廳1衛,0,住家用,121.516633,25.057277
臺北市大同區重慶北路二段１７５之１號十五樓,111/01/22,2368,70,46.58,住宅大樓(11層含以上有電梯),3,十五層/十五層,房地(土地+建物)+車位,2房2廳1衛,314,住家用,121.5137734,25.0595385
臺北市大同區伊寧街５５之４號二樓,111/01/22,1260,40.9,30.83,公寓(5樓含以下無電梯),36,二層/五層,房地(土地+建物),2房2廳1衛,0,住家用,121.5117079,25.0648267
臺北市大同區迪化街二段１５８號六樓之７,111/01/22,2120,73.6,34.73,住宅大樓(11層含以上有電梯),1,六層/十五層,房地(土地+建物)+車位,2房2廳1衛,280,住家用,121.5099719,25.0667526
臺北市大同區承德路三段２６３號五樓之６,111/01/20,4500,71,63.4,住宅大樓(11層含以上有電梯),9,五層/十二層,房地(土地+建物)+車位,3房2廳2衛,470,住家用,121.5189623,25.0721692
臺北市大同區華亭街１號十樓,111/01/19,4200,80.9,60.27,住宅大樓(11層含以上有電梯),1,十層/二十一層,房地(土地+建物)+車位,0房1廳2衛,250,住家用,121.5133706,25.0522164
臺北市大同區迪化街二段１５８號十五樓之８,111/01/18,3900,67.3,57.94,住宅大樓(11層含以上有電梯),1,十五層/十五層,房地(土地+建物)+車位,3房2廳2衛,0,住家用,121.5099719,25.0667526
臺北市大同區昌吉街１２２號七樓,111/01/17,2688,52.3,51.38,華廈(10層含以下有電梯),33,七層/七層,房地(土地+建物),1房2廳1衛,0,住家用,121.5144138,25.0658086
臺北市大同區長安西路１４５巷３５號四樓,111/01/17,1296,51.8,25,公寓(5樓含以下無電梯),46,四層/四層,房地(土地+建物),3房0廳3衛,0,住家用,121.51491,25.052511
臺北市大同區天水路３３號七樓之１,111/01/16,3850,62.5,69.79,住宅大樓(11層含以上有電梯),4,七層/十二層,房地(土地+建物)+車位,4房2廳2衛,230,住家用,121.5133023,25.053147
臺北市大同區延平北路二段２３５號九樓之２,111/01/15,676,61,11.09,住宅大樓(11層含以上有電梯),39,九層/十一層,房地(土地+建物),0房1廳1衛,0,住家用,121.5114662,25.060467
臺北市大同區五原路１９號十樓之９,111/01/13,942,81.8,11.52,住宅大樓(11層含以上有電梯),12,十層/十四層,房地(土地+建物),1房1廳1衛,0,住家用,121.517332,25.0566929
臺北市大同區酒泉街６８號二樓,111/01/13,2100,54.6,38.46,華廈(10層含以下有電梯),40,二層/七層,房地(土地+建物),3房3廳3衛,0,住家用,121.5153748,25.0718482
臺北市大同區延平北路二段２５５號八樓之８,111/01/13,1500,47.8,31.39,住宅大樓(11層含以上有電梯),42,八層/十二層,房地(土地+建物),3房2廳1衛,0,住家用,121.5113578,25.0624347
臺北市大同區延平北路三段６６巷１２號二樓,111/01/12,1200,39.5,30.39,公寓(5樓含以下無電梯),43,二層/四層,房地(土地+建物),3房1廳1衛,0,住家用,121.5103171,25.0654088
臺北市大同區五原路１９號十樓之１２,111/01/12,2100,67.7,31.01,住宅大樓(11層含以上有電梯),12,十層/十四層,房地(土地+建物)+車位,3房1廳2衛,0,住家用,121.517332,25.0566929
臺北市大同區民族西路１８７巷１０號四樓,111/01/11,1850,58.4,31.67,公寓(5樓含以下無電梯),50,四層/四層,房地(土地+建物),2房2廳2衛,0,住家用,121.5148246,25.069135
臺北市大同區寧夏路１１號十一樓之１４,111/01/10,710,59.4,11.95,住宅大樓(11層含以上有電梯),25,十一層/十四層,房地(土地+建物),1房1廳1衛,0,住家用,121.5150301,25.0546731
臺北市大同區寧夏路１１號十一樓之１６,111/01/10,710,59.4,11.95,住宅大樓(11層含以上有電梯),25,十一層/十四層,房地(土地+建物),1房1廳1衛,0,住家用,121.5150301,25.0546731
臺北市大同區寧夏路１１號十一樓之１５,111/01/10,710,59.4,11.95,住宅大樓(11層含以上有電梯),25,十一層/十四層,房地(土地+建物),1房1廳1衛,0,住家用,121.5150301,25.0546731
臺北市大同區承德路三段１２２巷１２號二樓之１,111/01/10,1450,71.4,20.31,華廈(10層含以下有電梯),1,二層/七層,房地(土地+建物),1房1廳1衛,0,住家用,121.5176437,25.0673435
臺北市大同區迪化街二段１５８號十二樓之３,111/01/09,900,19.7,45.71,住宅大樓(11層含以上有電梯),1,十二層/十五層,房地(土地+建物)+車位,3房2廳2衛,0,住家用,121.5099719,25.0667526
臺北市大同區承德路三段２２５巷１８號五樓,111/01/09,2365,56.6,41.77,公寓(5樓含以下無電梯),39,五層/五層,房地(土地+建物),4房2廳3衛,0,住家用,121.5197248,25.0700922
臺北市大同區太原路１５５號三樓之５,111/01/08,6800,68.9,108.22,住宅大樓(11層含以上有電梯),20,三層/十九層,房地(土地+建物)+車位,7房0廳7衛,500,住家用,121.5167724,25.0553197
臺北市大同區西寧北路８２之５號五樓,111/01/08,1573,60.1,26.16,華廈(10層含以下有電梯),33,五層/七層,房地(土地+建物),1房1廳1衛,0,住家用,121.50874,25.054786
臺北市大同區敦煌路８０巷２之１號三樓之１,111/01/07,3800,64,59.34,住宅大樓(11層含以上有電梯),14,三層/十五層,房地(土地+建物)+車位,2房2廳2衛,0,住家用,121.5174304,25.075414
臺北市大同區延平北路三段１８巷３５號二樓,111/01/06,800,47.7,16.79,公寓(5樓含以下無電梯),45,二層/四層,房地(土地+建物),2房1廳1衛,0,住家用,121.5097605,25.0639988
臺北市大同區通河西街一段３號十樓,111/01/06,6000,72.6,82.6,住宅大樓(11層含以上有電梯),13,十層/十五層,房地(土地+建物)+車位,2房2廳2衛,0,住家用,121.5138878,25.0808327
臺北市大同區酒泉街１４０號四樓,111/01/06,2090,46.5,44.92,公寓(5樓含以下無電梯),50,四層/四層,房地(土地+建物),3房2廳2衛,0,住家用,121.512405,25.0719751
臺北市大同區伊寧街７４號,111/01/05,1969.3,65,30.3,公寓(5樓含以下無電梯),50,"一層,騎樓/二層",房地(土地+建物),3房2廳2衛,0,住家用,121.5099259,25.0646253
臺北市大同區延平北路三段１８巷４２號二樓,111/01/05,1335,60.6,22.01,華廈(10層含以下有電梯),11,二層/五層,房地(土地+建物),2房2廳1衛,0,住家用,121.5098637,25.0638665
臺北市大同區天水路３３號十二樓之１,111/01/03,3468,74.2,55.95,住宅大樓(11層含以上有電梯),4,十二層/十二層,房地(土地+建物)+車位,3房2廳1衛,200,住家用,121.5133023,25.053147
臺北市大同區迪化街二段１５８號十樓之９,111/01/03,1988,56.7,35.04,住宅大樓(11層含以上有電梯),1,十層/十五層,房地(土地+建物)+車位,2房2廳1衛,0,住家用,121.5099719,25.0667526
