add,date,amount,price,area,type,age,floor.height,subject,pattern,car,use,lon,lat
臺北市中正區重慶南路三段１號四樓之３,111/10/10,3250,65.1,49.95,住宅大樓(11層含以上有電梯),45,四層/十二層,房地(土地+建物),3房2廳2衛,0,住家用,121.515492,25.0296645
臺北市中正區惠安街７號六樓之６,111/10/07,1210,56.1,21.58,華廈(10層含以下有電梯),42,六層/七層,房地(土地+建物),3房2廳1衛,0,住家用,121.5074812,25.028335
臺北市中正區詔安街５４號二樓,111/10/07,1850,50,37.02,公寓(5樓含以下無電梯),46,"二層,陽臺/四層",房地(土地+建物),3房2廳2衛,0,住家用,121.5138176,25.0249511
臺北市中正區忠孝西路一段５０號十六樓之１６,111/10/04,2330,84,27.73,住宅大樓(11層含以上有電梯),32,十六層/二十七層,房地(土地+建物),0房2廳1衛,0,住家用,121.5158375,25.0462921
臺北市中正區和平西路一段５９號十二樓之１０,111/10/03,1532,125,12.26,住宅大樓(11層含以上有電梯),14,十二層/十四層,房地(土地+建物),0房1廳1衛,0,住家用,121.5194887,25.026712
臺北市中正區臨沂街７５巷２之７號二樓,111/10/03,2280,59.1,38.55,公寓(5樓含以下無電梯),52,二層/四層,房地(土地+建物),4房2廳2衛,0,住家用,121.5287699,25.0345975
臺北市中正區牯嶺街４４號三樓,111/10/02,1500,75.4,19.9,公寓(5樓含以下無電梯),45,三層/五層,房地(土地+建物),2房2廳1衛,0,住家用,121.5167923,25.0293721
臺北市中正區濟南路二段１７號五樓,111/10/02,3130,98.6,31.75,華廈(10層含以下有電梯),50,五層/六層,房地(土地+建物),3房2廳2衛,0,住家用,121.527769,25.0413101
臺北市中正區羅斯福路二段４８巷７號五樓,111/09/30,725,122.8,5.9,住宅大樓(11層含以上有電梯),16,五層/十二層,房地(土地+建物),1房1廳1衛,0,住家用,121.5212539,25.0275577
臺北市中正區南海路１０３號二樓之７,111/09/30,1200,56.2,21.37,華廈(10層含以下有電梯),42,二層/七層,房地(土地+建物),3房1廳1衛,0,住家用,121.5076462,25.027939
臺北市中正區中華路二段１５７號七樓,111/09/29,580,22.3,26.04,華廈(10層含以下有電梯),35,七層/七層,房地(土地+建物),3房2廳2衛,0,住家用,121.5042348,25.0311326
臺北市中正區延平南路１９２巷４號二樓,111/09/27,1300,77.5,16.78,公寓(5樓含以下無電梯),51,二層/四層,房地(土地+建物),3房1廳1衛,0,住家用,121.5076253,25.0361584
臺北市中正區延平南路２１６巷３號四樓,111/09/26,2000,52.5,38.08,華廈(10層含以下有電梯),48,"四層,陽臺/七層",房地(土地+建物),3房2廳2衛,0,住家用,121.5071794,25.0343807
臺北市中正區重慶南路三段１８０號七樓之３,111/09/25,2600,53.4,48.68,住宅大樓(11層含以上有電梯),33,七層/十二層,房地(土地+建物)+車位,3房2廳2衛,0,住家用,121.516559,25.022891
臺北市中正區和平西路一段１６１號三樓,111/09/24,1020,68.7,14.84,華廈(10層含以下有電梯),43,三層/七層,房地(土地+建物),1房0廳1衛,0,住家用,121.5149547,25.0277572
臺北市中正區忠孝東路一段８４巷２號三樓之１,111/09/23,3450,129.7,28.09,住宅大樓(11層含以上有電梯),1,三層/十二層,房地(土地+建物)+車位,1房2廳1衛,230,住家用,121.5241568,25.0442098
臺北市中正區忠孝西路一段５０號十六樓之３４,111/09/22,1188,81.7,14.55,住宅大樓(11層含以上有電梯),32,十六層/二十七層,房地(土地+建物),0房1廳1衛,0,住家用,121.51583,25.046222
臺北市中正區臨沂街１９巷１９號二樓,111/09/21,3850,85.2,45.18,華廈(10層含以下有電梯),10,二層/五層,房地(土地+建物)+車位,2房2廳1衛,0,住家用,121.5312152,25.0418869
臺北市中正區忠孝西路一段５０號十八樓之１０,111/09/21,1190,82,14.51,住宅大樓(11層含以上有電梯),32,十八層/二十七層,房地(土地+建物),0房1廳1衛,0,住家用,121.5158366,25.0462631
臺北市中正區水源路７７號十二樓之１,111/09/21,4200,98.5,45.22,住宅大樓(11層含以上有電梯),3,十二層/十五層,房地(土地+建物)+車位,3房2廳2衛,200,住家用,121.5199766,25.0211365
臺北市中正區汀州路一段１８２號五樓,111/09/21,1400,57.1,24.53,公寓(5樓含以下無電梯),34,五層/五層,房地(土地+建物),3房0廳3衛,0,住家用,121.5089084,25.0282726
臺北市中正區廈門街１３７號五樓之３,111/09/18,1640,73.9,22.23,住宅大樓(11層含以上有電梯),4,五層/十二層,房地(土地+建物)+車位,1房1廳1衛,150,住家用,121.5174985,25.022104
臺北市中正區羅斯福路二段４８巷５號七樓,111/09/18,1750,117.9,14.84,住宅大樓(11層含以上有電梯),16,七層/十二層,房地(土地+建物),1房1廳1衛,0,住家用,121.5211582,25.027742
臺北市中正區廈門街１３７號六樓之１,111/09/16,2000,71.5,27.96,住宅大樓(11層含以上有電梯),4,六層/十二層,房地(土地+建物)+車位,1房2廳1衛,0,住家用,121.5174985,25.022104
臺北市中正區忠孝東路一段８４巷２號十一樓之３,111/09/12,1536,146.6,10.48,住宅大樓(11層含以上有電梯),1,十一層/十二層,房地(土地+建物),1房0廳1衛,0,住家用,121.5241568,25.0442098
臺北市中正區開封街一段４８號九樓之８,111/09/11,838,80.9,10.36,住宅大樓(11層含以上有電梯),15,九層/十四層,房地(土地+建物),1房1廳1衛,0,住家用,121.5120775,25.0458101
臺北市中正區寧波東街９巷９號六樓之３,111/09/09,1400,142.1,9.86,華廈(10層含以下有電梯),23,六層/六層,房地(土地+建物),1房0廳1衛,0,住家用,121.5196263,25.0328517
臺北市中正區仁愛路二段１０２號五樓,111/09/09,6980,106.3,71.93,住宅大樓(11層含以上有電梯),23,五層/十一層,房地(土地+建物)+車位,3房2廳2衛,400,住家用,121.5323,25.0379159
臺北市中正區廈門街１３１巷６號四樓,111/09/09,3000,60,50.02,華廈(10層含以下有電梯),29,四層/五層,房地(土地+建物)+車位,4房2廳2衛,200,住家用,121.5181542,25.0225866
臺北市中正區仁愛路一段２３巷１７號三樓,111/09/08,6418,105.1,63.86,華廈(10層含以下有電梯),8,三層/六層,房地(土地+建物)+車位,3房2廳2衛,400,住家用,121.5233861,25.0397952
臺北市中正區中華路一段２５號六樓之５,111/09/07,200,47.4,4.22,住宅大樓(11層含以上有電梯),39,六層/十二層,房地(土地+建物),1房1廳1衛,0,住家用,121.5098564,25.046216
臺北市中正區羅斯福路二段３０巷１２號三樓,111/09/05,2550,86.8,29.38,公寓(5樓含以下無電梯),38,三層/五層,房地(土地+建物),3房2廳2衛,0,住家用,121.5207732,25.0279827
臺北市中正區辛亥路一段８號六樓之３,111/09/05,5380,128.3,41.92,住宅大樓(11層含以上有電梯),4,六層/十五層,房地(土地+建物),3房2廳2衛,0,住家用,121.528263,25.0184074
臺北市中正區羅斯福路一段８３巷２號三樓之１２,111/09/04,1500,138.7,10.81,住宅大樓(11層含以上有電梯),13,三層/十四層,房地(土地+建物),1房1廳1衛,0,住家用,121.5198493,25.03139
臺北市中正區南昌路二段２０３號七樓之３,111/09/04,1040,98.3,10.58,住宅大樓(11層含以上有電梯),17,七層/十一層,房地(土地+建物),1房1廳1衛,0,住家用,121.5233726,25.0251125
臺北市中正區仁愛路一段２３巷１７號四樓,111/09/03,6518,106.8,63.86,華廈(10層含以下有電梯),8,四層/六層,房地(土地+建物)+車位,3房2廳2衛,400,住家用,121.5233861,25.0397952
臺北市中正區愛國東路７４巷２５號五樓之２,111/09/03,1900,123.8,15.35,華廈(10層含以下有電梯),14,五層/八層,房地(土地+建物),1房1廳1衛,0,住家用,121.518999,25.0331401
臺北市中正區同安街４３巷６弄２號四樓,111/09/03,2900,64.2,45.2,公寓(5樓含以下無電梯),36,四層/五層,房地(土地+建物),3房2廳2衛,0,住家用,121.5223292,25.0244752
臺北市中正區杭州南路一段１１５號八樓之２,111/09/02,3507.5,80.8,43.41,華廈(10層含以下有電梯),45,八層/十層,房地(土地+建物),4房1廳2衛,0,住家用,121.5249506,25.0370004
臺北市中正區忠孝東路一段８４巷２號六樓之３,111/09/02,2350,133.4,17.62,住宅大樓(11層含以上有電梯),1,六層/十二層,房地(土地+建物),1房1廳1衛,0,住家用,121.5241568,25.0442098
臺北市中正區杭州南路一段１４３巷２９號四樓,111/09/01,2100,37.8,55.54,華廈(10層含以下有電梯),16,四層/七層,房地(土地+建物)+車位,2房2廳2衛,0,住家用,121.5267054,25.0358187
臺北市中正區和平西路一段５９號六樓之１０,111/09/01,1430,116.6,12.26,住宅大樓(11層含以上有電梯),14,六層/十四層,房地(土地+建物),1房1廳1衛,0,住家用,121.5194887,25.026712
臺北市中正區羅斯福路三段１３６號十七樓之１,111/08/31,13200,115.3,114.47,住宅大樓(11層含以上有電梯),1,十七層/二十二層,房地(土地+建物)+車位,3房2廳3衛,0,住家用,121.5282674,25.0203345
臺北市中正區臨沂街５７巷３６號三樓之１,111/08/30,6350,113.8,61.22,華廈(10層含以下有電梯),13,三層/七層,房地(土地+建物)+車位,1房0廳2衛,350,住家用,121.531161,25.0374479
臺北市中正區思源街１２之６號八樓,111/08/29,3350,67.2,49.82,住宅大樓(11層含以上有電梯),22,八層/十二層,房地(土地+建物)+車位,3房2廳2衛,0,住家用,121.5315222,25.0147674
臺北市中正區羅斯福路三段２號二十一樓之２,111/08/29,9998.9,83.8,119.28,住宅大樓(11層含以上有電梯),5,二十一層/二十四層,房地(土地+建物)+車位,4房2廳3衛,0,住家用,121.5270828,25.0213709
臺北市中正區青島東路４號五樓之９,111/08/28,3215,80.6,39.87,華廈(10層含以下有電梯),40,五層/七層,房地(土地+建物),3房2廳2衛,0,住家用,121.5215871,25.043849
臺北市中正區仁愛路二段１５巷２３號三樓,111/08/27,2700,85.5,31.56,公寓(5樓含以下無電梯),48,"三層,陽臺/四層",房地(土地+建物),3房2廳1衛,0,住家用,121.5258951,25.0389432
臺北市中正區紹興南街１８之９號三樓,111/08/27,960,77.3,12.43,華廈(10層含以下有電梯),26,三層/六層,房地(土地+建物),1房1廳1衛,0,住家用,121.5236788,25.0399012
臺北市中正區廈門街３７號二樓,111/08/27,1280,48.4,26.45,公寓(5樓含以下無電梯),49,二層/五層,房地(土地+建物),1房2廳1衛,0,住家用,121.5178124,25.0260702
臺北市中正區杭州南路一段７９號十樓之２,111/08/26,3450,81.7,42.24,住宅大樓(11層含以上有電梯),40,十層/十一層,房地(土地+建物),4房2廳2衛,0,住家用,121.5257278,25.0393263
臺北市中正區杭州南路一段７１巷６號,111/08/25,4800,114.8,41.82,華廈(10層含以下有電梯),51,一層/六層,房地(土地+建物),4房3廳3衛,0,住家用,121.5261418,25.0395633
臺北市中正區羅斯福路二段１４０號九樓之５,111/08/24,2500,95.1,26.28,住宅大樓(11層含以上有電梯),35,九層/十二層,房地(土地+建物),2房2廳1衛,0,住家用,121.522937,25.025806
臺北市中正區和平西路一段５９號七樓之１７,111/08/23,1450,125.7,11.53,住宅大樓(11層含以上有電梯),14,七層/十四層,房地(土地+建物),1房0廳1衛,0,住家用,121.5194887,25.026712
臺北市中正區同安街９７巷８號四樓,111/08/23,1880,70.4,26.71,公寓(5樓含以下無電梯),51,"四層,陽臺/四層",房地(土地+建物),2房2廳1衛,0,住家用,121.5208301,25.0219906
臺北市中正區和平西路二段１６０之２號四樓,111/08/23,1250,53.9,23.2,住宅大樓(11層含以上有電梯),35,四層/十一層,房地(土地+建物),2房2廳1衛,0,住家用,121.5054564,25.0330698
臺北市中正區辛亥路一段１３號七樓,111/08/23,1800,46.4,38.83,華廈(10層含以下有電梯),43,七層/七層,房地(土地+建物),3房1廳2衛,0,住家用,121.5279164,25.0190298
臺北市中正區和平西路二段７０巷６弄５號五樓,111/08/21,915,75.8,12.06,公寓(5樓含以下無電梯),43,五層/五層,房地(土地+建物),2房1廳2衛,0,住家用,121.5114109,25.0287424
臺北市中正區水源路２３之１號九樓,111/08/21,2160,64.9,33.27,華廈(10層含以下有電梯),38,九層/十層,房地(土地+建物),3房2廳2衛,0,住家用,121.525195,25.017079
臺北市中正區羅斯福路一段８３巷２號六樓之７,111/08/21,1672,140,11.94,住宅大樓(11層含以上有電梯),13,六層/十四層,房地(土地+建物),1房1廳1衛,0,住家用,121.5198493,25.03139
臺北市中正區臨沂街３２巷２號四樓之２,111/08/20,1534,111.1,13.81,華廈(10層含以下有電梯),8,四層/七層,房地(土地+建物),1房1廳1衛,0,住家用,121.5295506,25.0396435
臺北市中正區齊東街８２巷１３號,111/08/18,2350,91.8,25.6,公寓(5樓含以下無電梯),50,"一層,走廊/四層",房地(土地+建物),3房2廳1衛,0,住家用,121.5275611,25.0419474
臺北市中正區南昌路一段１２４號四樓之２,111/08/16,1451,132.1,10.99,住宅大樓(11層含以上有電梯),14,四層/十四層,房地(土地+建物),1房1廳1衛,0,住家用,121.5182424,25.0296505
臺北市中正區信義路二段２６１號四樓之１,111/08/15,2355,147.1,16.01,住宅大樓(11層含以上有電梯),4,四層/十四層,房地(土地+建物),1房1廳1衛,0,住家用,121.531667,25.033881
臺北市中正區同安街２０號五樓之１,111/08/14,2788,75.4,37,華廈(10層含以下有電梯),11,五層/七層,房地(土地+建物)+車位,2房1廳1衛,220,住家用,121.522357,25.0250649
臺北市中正區三元街２１６號四樓之３,111/08/14,1750,71.5,24.46,華廈(10層含以下有電梯),27,四層/十層,房地(土地+建物),2房2廳1衛,0,住家用,121.5125145,25.0274491
臺北市中正區重慶南路三段１２９號八樓之６,111/08/14,780,72.9,10.7,住宅大樓(11層含以上有電梯),14,八層/十二層,房地(土地+建物),1房0廳1衛,0,住家用,121.5169984,25.0238934
臺北市中正區南昌路二段１１２號十樓之７,111/08/14,850,77.3,10.99,住宅大樓(11層含以上有電梯),26,十層/十一層,房地(土地+建物),1房1廳1衛,0,住家用,121.5221467,25.0257309
臺北市中正區中華路二段１７５巷３號二樓,111/08/13,1130,68.7,16.44,公寓(5樓含以下無電梯),42,二層/五層,房地(土地+建物),2房1廳1衛,0,住家用,121.5044792,25.0306322
臺北市中正區連雲街２６巷３號三樓,111/08/13,860,90.6,9.49,公寓(5樓含以下無電梯),47,"三層,陽臺/四層",房地(土地+建物),2房1廳1衛,0,住家用,121.5315035,25.0363066
臺北市中正區思源街１２之５號五樓,111/08/12,3000,43.5,69.01,住宅大樓(11層含以上有電梯),22,五層/十二層,房地(土地+建物)+車位,3房2廳2衛,0,住家用,121.5315222,25.0147674
臺北市中正區水源路７７號二樓,111/08/08,3688,95,41.36,住宅大樓(11層含以上有電梯),3,二層/十五層,房地(土地+建物)+車位,3房2廳2衛,200,住家用,121.5199766,25.0211365
臺北市中正區南昌路一段１２４號十樓之７,111/08/07,1355,136.9,9.9,住宅大樓(11層含以上有電梯),14,十層/十四層,房地(土地+建物),1房1廳1衛,0,住家用,121.5182424,25.0296505
臺北市中正區臨沂街６１巷５之５號三樓,111/08/07,2630,80.9,32.51,公寓(5樓含以下無電梯),53,三層/五層,房地(土地+建物),3房2廳2衛,0,住家用,121.5294421,25.037
臺北市中正區羅斯福路二段８巷５號七樓之２,111/08/07,2480,129.9,19.08,華廈(10層含以下有電梯),7,七層/九層,房地(土地+建物),2房2廳1衛,0,住家用,121.5206414,25.0287098
臺北市中正區同安街８巷１９號四樓,111/08/06,1285,71.2,18.06,公寓(5樓含以下無電梯),46,"四層,陽臺/四層",房地(土地+建物),1房2廳2衛,0,住家用,121.521763,25.025702
臺北市中正區同安街９３號六樓之１,111/08/06,2000,71.7,27.9,華廈(10層含以下有電梯),39,六層/七層,房地(土地+建物),2房2廳1衛,0,住家用,121.520686,25.0223208
臺北市中正區羅斯福路二段４４號五樓之２,111/08/06,2200,78.5,28.04,住宅大樓(11層含以上有電梯),44,五層/十一層,房地(土地+建物),0房1廳2衛,0,住家用,121.5214745,25.0279908
臺北市中正區和平西路一段１７０號九樓之１,111/08/05,1120,62.6,17.89,住宅大樓(11層含以上有電梯),43,九層/十二層,房地(土地+建物),2房2廳1衛,0,住家用,121.514766,25.027452
臺北市中正區南昌路一段８７號九樓之１,111/08/04,4124,118,38.36,住宅大樓(11層含以上有電梯),4,九層/十五層,房地(土地+建物)+車位,2房2廳1衛,230,住家用,121.517921,25.030485
臺北市中正區中華路二段３１５巷４弄３號五樓之６,111/08/03,1000,47.4,21.1,華廈(10層含以下有電梯),42,五層/七層,房地(土地+建物),3房2廳1衛,0,住家用,121.5071022,25.028045
臺北市中正區水源路４３號七樓之１,111/08/03,2300,62,37.1,住宅大樓(11層含以上有電梯),20,七層/十三層,房地(土地+建物),3房2廳2衛,0,住家用,121.5237062,25.0190458
臺北市中正區汀州路一段２３號六樓,111/08/01,605.6,15.1,40.19,住宅大樓(11層含以上有電梯),35,六層/十二層,房地(土地+建物),4房2廳2衛,0,住家用,121.506176,25.0321875
臺北市中正區南昌路一段１２４號十二樓之７,111/08/01,1995,132.1,15.1,住宅大樓(11層含以上有電梯),14,十二層/十四層,房地(土地+建物),1房1廳1衛,0,住家用,121.5182424,25.0296505
臺北市中正區重慶南路三段８９號七樓,111/07/31,2763,60,46.05,華廈(10層含以下有電梯),41,七層/七層,房地(土地+建物),4房2廳2衛,0,住家用,121.5167675,25.0251043
臺北市中正區北平東路１６號十二樓之１,111/07/31,845,34.5,24.52,住宅大樓(11層含以上有電梯),33,十二層/十二層,建物,1房0廳1衛,0,住家用,121.5245233,25.0459674
臺北市中正區漢口街一段１６號三樓,111/07/31,800,80.1,14.18,住宅大樓(11層含以上有電梯),26,三層/十一層,房地(土地+建物)+車位,1房1廳1衛,120,住家用,121.5144696,25.045056
臺北市中正區羅斯福路二段４８巷３號五樓,111/07/30,1800,110.7,16.26,住宅大樓(11層含以上有電梯),15,五層/十二層,房地(土地+建物),1房1廳1衛,0,住家用,121.5212768,25.027697
臺北市中正區廈門街７４巷２號二樓,111/07/29,1698,70.3,24.15,公寓(5樓含以下無電梯),45,二層/四層,房地(土地+建物),2房2廳1衛,0,住家用,121.517315,25.0247516
臺北市中正區杭州南路一段１１１巷５號五樓,111/07/26,2900,89.1,32.54,公寓(5樓含以下無電梯),40,五層/五層,房地(土地+建物),5房2廳4衛,0,住家用,121.5255354,25.0371238
臺北市中正區牯嶺街１３０號二樓,111/07/23,2000,69,28.99,公寓(5樓含以下無電梯),32,二層/五層,房地(土地+建物),2房1廳2衛,0,住家用,121.5189083,25.0227966
臺北市中正區汀州路二段８５號三樓之３,111/07/22,1350,77.3,17.47,住宅大樓(11層含以上有電梯),5,三層/十九層,房地(土地+建物),1房1廳1衛,0,住家用,121.5175631,25.025498
臺北市中正區水源路３７之６號九樓,111/07/22,4200,68.6,61.19,住宅大樓(11層含以上有電梯),4,九層/十三層,房地(土地+建物)+車位,4房2廳2衛,0,住家用,121.5238594,25.0188476
臺北市中正區羅斯福路三段２４４巷２弄１０號,111/07/21,4000,95.6,41.84,公寓(5樓含以下無電梯),27,"一層,電梯樓梯間/五層",房地(土地+建物),3房2廳2衛,0,住家用,121.5313345,25.0167006
臺北市中正區中華路二段３８１巷２號四樓,111/07/21,1388,46.8,29.63,公寓(5樓含以下無電梯),47,"四層,陽臺/四層",房地(土地+建物),4房1廳2衛,0,住家用,121.5079827,25.0264278
臺北市中正區牯嶺街１４６號十二樓,111/07/21,6768,81.1,95.99,住宅大樓(11層含以上有電梯),2,十二層/十四層,房地(土地+建物)+車位,4房2廳3衛,540,住家用,121.5188992,25.0215501
臺北市中正區羅斯福路二段７０號八樓之８,111/07/21,1240,95.6,12.97,住宅大樓(11層含以上有電梯),33,八層/十二層,房地(土地+建物),2房1廳1衛,0,住家用,121.5220187,25.0272722
臺北市中正區連雲街１５號三樓,111/07/18,3390,105.8,34.17,華廈(10層含以下有電梯),15,三層/七層,房地(土地+建物)+車位,2房2廳1衛,250,住家用,121.5319824,25.0368258
臺北市中正區水源路３７之２號九樓,111/07/18,2200,62.1,35.43,住宅大樓(11層含以上有電梯),4,九層/十三層,房地(土地+建物)+車位,2房1廳1衛,0,住家用,121.5238594,25.0188476
臺北市中正區師大路１７０號二樓之２,111/07/17,1270,64.8,19.6,住宅大樓(11層含以上有電梯),45,二層/十二層,房地(土地+建物),2房2廳1衛,0,住家用,121.5255002,25.0212124
臺北市中正區泉州街１８巷２號四樓,111/07/16,1145,55.3,20.71,公寓(5樓含以下無電梯),44,四層/五層,房地(土地+建物),4房2廳3衛,0,住家用,121.5139523,25.0269169
臺北市中正區新生南路一段５４巷９號三樓,111/07/16,2590,93.2,27.8,公寓(5樓含以下無電梯),47,三層/四層,房地(土地+建物),2房2廳1衛,0,住家用,121.5319867,25.0413768
臺北市中正區忠孝西路一段５０號二十二樓之２６,111/07/16,1640,89,18.43,住宅大樓(11層含以上有電梯),32,二十二層/二十七層,房地(土地+建物),0房1廳1衛,0,住家用,121.51583,25.046222
臺北市中正區汀州路二段２８５號六樓,111/07/15,1880,85.3,22.04,華廈(10層含以下有電梯),51,六層/六層,房地(土地+建物),4房4廳2衛,0,住家用,121.5244033,25.0220661
臺北市中正區南昌路一段１２４號八樓之２,111/07/15,1480,134.7,10.99,住宅大樓(11層含以上有電梯),14,八層/十四層,房地(土地+建物),1房1廳1衛,0,住家用,121.5182424,25.0296505
臺北市中正區汀州路三段６８號七樓,111/07/14,488,67.3,7.25,華廈(10層含以下有電梯),9,七層/十層,房地(土地+建物)+車位,3房2廳2衛,0,住家用,121.5317961,25.0152675
臺北市中正區中華路二段４０９巷７弄４號,111/07/11,730,83.4,8.76,公寓(5樓含以下無電梯),60,一層/三層,房地(土地+建物),1房1廳1衛,0,住家用,121.5083836,25.0262997
臺北市中正區重慶南路三段４５號十九樓,111/07/11,10446,166,72.65,住宅大樓(11層含以上有電梯),1,十九層/二十一層,房地(土地+建物)+車位,3房2廳2衛,355,住家用,121.5159196,25.0281983
臺北市中正區和平西路二段７８號三樓之３,111/07/10,1225,81,15.13,華廈(10層含以下有電梯),42,三層/七層,房地(土地+建物),1房0廳1衛,0,住家用,121.5111177,25.0293405
臺北市中正區同安街６６號四樓之５,111/07/10,1380,72.7,18.98,華廈(10層含以下有電梯),25,四層/七層,房地(土地+建物)+車位,3房1廳1衛,0,住家用,121.5208828,25.0231289
臺北市中正區南昌路二段２０２巷８號九樓,111/07/09,3000,103.8,28.89,華廈(10層含以下有電梯),17,九層/九層,房地(土地+建物),3房2廳2衛,0,住家用,121.5238621,25.0238829
臺北市中正區羅斯福路二段１號七樓之１,111/07/08,3066,85.8,35.72,住宅大樓(11層含以上有電梯),34,七層/十二層,房地(土地+建物),3房2廳2衛,0,住家用,121.520847,25.0296069
臺北市中正區中華路二段３１５巷４弄１之１號,111/07/05,835,63.8,13.09,華廈(10層含以下有電梯),42,一層/七層,房地(土地+建物),1房1廳1衛,0,住家用,121.5071002,25.0280783
臺北市中正區惠安街５號二樓之５,111/07/05,800,60.6,13.2,華廈(10層含以下有電梯),42,二層/七層,房地(土地+建物),2房1廳1衛,0,住家用,121.5073651,25.0285635
臺北市中正區中華路一段７號三樓之９,111/07/04,2714,74.4,36.5,住宅大樓(11層含以上有電梯),7,三層/十五層,房地(土地+建物),2房1廳1衛,0,住家用,121.5103584,25.0470535
臺北市中正區羅斯福路二段８巷８號九樓之１,111/07/04,3535,138,25.62,華廈(10層含以下有電梯),11,九層/九層,房地(土地+建物),2房2廳2衛,0,住家用,121.5203973,25.0287273
臺北市中正區汀州路三段６７號十樓,111/07/04,4108,117.9,43.94,住宅大樓(11層含以上有電梯),4,十層/十二層,房地(土地+建物)+車位,0房0廳1衛,350,住家用,121.528255,25.018025
臺北市中正區仁愛路一段２３巷８號四樓之１,111/07/04,2930,129.4,26.47,華廈(10層含以下有電梯),5,四層/七層,房地(土地+建物)+車位,2房2廳1衛,200,住家用,121.5232812,25.0398013
臺北市中正區濟南路二段６２巷１０號二樓之１,111/07/03,2300,78.8,29.2,華廈(10層含以下有電梯),41,二層/六層,房地(土地+建物),3房2廳2衛,0,住家用,121.5320828,25.0393244
臺北市中正區汀州路二段５５巷１號三樓,111/07/03,1418,62.2,22.8,公寓(5樓含以下無電梯),51,三層/四層,房地(土地+建物),3房2廳1衛,0,住家用,121.5156218,25.0260867
臺北市中正區汀州路二段７２號七樓,111/07/03,1250,39.3,31.8,華廈(10層含以下有電梯),39,七層/七層,房地(土地+建物),6房3廳4衛,0,住家用,121.5186014,25.0250653
臺北市中正區汀州路二段２０１巷６號四樓,111/07/03,2601,94,27.66,華廈(10層含以下有電梯),17,四層/七層,房地(土地+建物),2房2廳1衛,0,住家用,121.5225593,25.0238412
臺北市中正區水源路７７號八樓之１,111/07/03,4188,98.2,45.22,住宅大樓(11層含以上有電梯),3,八層/十五層,房地(土地+建物)+車位,3房2廳2衛,200,住家用,121.5199766,25.0211365
臺北市中正區羅斯福路三段３１６巷３號七樓,111/07/02,1702,90.5,27.85,華廈(10層含以下有電梯),10,七層/十層,房地(土地+建物)+車位,1房1廳1衛,240,住家用,121.5325589,25.0157225
臺北市中正區汀州路三段２２１號二樓之７,111/07/02,1350,74.4,18.15,華廈(10層含以下有電梯),41,二層/七層,房地(土地+建物),1房1廳1衛,0,住家用,121.533866,25.014104
臺北市中正區汀州路二段１６７號十五樓之１,111/07/02,2200,83.5,39.88,住宅大樓(11層含以上有電梯),1,十五層/十八層,房地(土地+建物)+車位,2房1廳1衛,330,住家用,121.5213252,25.0245358
臺北市中正區汀州路二段１６７號十五樓之２,111/07/02,2027,83.5,33.58,住宅大樓(11層含以上有電梯),1,十五層/十八層,房地(土地+建物)+車位,2房1廳1衛,210,住家用,121.5213252,25.0245358
臺北市中正區杭州南路一段１４巷１號二樓,111/07/01,4468,82.5,54.14,華廈(10層含以下有電梯),25,二層/七層,房地(土地+建物)+車位,4房1廳2衛,0,住家用,121.5254387,25.0397168
臺北市中正區汀州路三段６３號十一樓,111/06/30,4148,95.4,43.48,住宅大樓(11層含以上有電梯),4,十一層/十二層,房地(土地+建物)+車位,2房2廳1衛,0,住家用,121.5281268,25.018091
臺北市中正區羅斯福路三段１２８巷１７號,111/06/29,1050,27.9,37.62,華廈(10層含以下有電梯),44,一層/六層,房地(土地+建物),3房2廳2衛,0,住家用,121.526829,25.020397
臺北市中正區羅斯福路四段１３６巷６弄１３號二樓,111/06/28,1888,64.3,29.38,公寓(5樓含以下無電梯),44,二層/五層,房地(土地+建物),3房2廳2衛,0,住家用,121.5357056,25.0124242
臺北市中正區中華路一段７號八樓之３,111/06/27,1698,90.1,20.4,住宅大樓(11層含以上有電梯),7,八層/十五層,房地(土地+建物)+車位,1房1廳1衛,180,住家用,121.5103584,25.0470535
臺北市中正區和平西路二段１２８號十一樓,111/06/26,6750,93.5,72.21,住宅大樓(11層含以上有電梯),14,十一層/二十層,房地(土地+建物)+車位,4房2廳3衛,0,住家用,121.5066045,25.0318897
臺北市中正區羅斯福路三段３１６巷３號八樓之１,111/06/26,1300,103,12.63,華廈(10層含以下有電梯),10,八層/十層,房地(土地+建物),1房0廳1衛,0,住家用,121.5325589,25.0157225
臺北市中正區寧波東街９巷９號五樓,111/06/26,1318,102.9,12.8,華廈(10層含以下有電梯),23,五層/六層,房地(土地+建物)+車位,1房1廳1衛,0,住家用,121.5196263,25.0328517
臺北市中正區鎮江街７號七樓之２,111/06/26,3156,83.5,37.8,華廈(10層含以下有電梯),39,七層/七層,房地(土地+建物),3房2廳2衛,0,住家用,121.5212947,25.0435693
臺北市中正區南昌路一段８５號十二樓之１,111/06/25,1958,142.9,13.7,住宅大樓(11層含以上有電梯),4,十二層/十五層,房地(土地+建物),1房1廳1衛,0,住家用,121.517894,25.0305139
臺北市中正區連雲街１５號五樓,111/06/24,3300,103.8,34.17,華廈(10層含以下有電梯),15,五層/七層,房地(土地+建物)+車位,2房1廳1衛,220,住家用,121.5319824,25.0368258
臺北市中正區金門街２４巷２４之６號三樓,111/06/22,800,48.3,16.57,公寓(5樓含以下無電梯),38,三層/五層,房地(土地+建物),3房2廳2衛,0,住家用,121.5213549,25.0228602
臺北市中正區汀州路三段６５號十二樓,111/06/21,4548,127,44.74,住宅大樓(11層含以上有電梯),4,十二層/十二層,房地(土地+建物)+車位,0房2廳1衛,400,住家用,121.5282735,25.017981
臺北市中正區廈門街９９巷３０之５號,111/06/21,1920,70,27.42,公寓(5樓含以下無電梯),53,一層/四層,房地(土地+建物),3房2廳2衛,0,住家用,121.5174995,25.0239877
臺北市中正區三元街２５０號四樓,111/06/20,2500,64.7,38.61,華廈(10層含以下有電梯),16,四層/九層,房地(土地+建物)+車位,3房2廳2衛,0,住家用,121.513502,25.0273605
臺北市中正區羅斯福路一段５８巷２０號三樓之７,111/06/20,2028,77,26.34,華廈(10層含以下有電梯),7,三層/八層,房地(土地+建物)+車位,1房0廳1衛,0,住家用,121.5186823,25.0305755
臺北市中正區忠孝東路二段３９巷２弄１１號三樓,111/06/20,1360,33.8,40.24,公寓(5樓含以下無電梯),48,三層/四層,房地(土地+建物),3房1廳1衛,0,住家用,121.5277079,25.0444173
臺北市中正區齊東街８２巷７號三樓之１,111/06/19,1376,89.7,15.33,華廈(10層含以下有電梯),6,三層/五層,房地(土地+建物),0房1廳1衛,0,住家用,121.5274058,25.0419458
臺北市中正區南昌路一段８７號七樓,111/06/19,3140,108.1,29.05,住宅大樓(11層含以上有電梯),4,七層/十五層,房地(土地+建物),1房1廳1衛,0,住家用,121.517921,25.030485
臺北市中正區南昌路一段８７號七樓之１,111/06/19,3850,100.4,38.36,住宅大樓(11層含以上有電梯),4,七層/十五層,房地(土地+建物)+車位,2房1廳1衛,0,住家用,121.517921,25.030485
臺北市中正區重慶南路三段１５巷２３號三樓,111/06/19,1980,75.6,26.19,公寓(5樓含以下無電梯),52,三層/四層,房地(土地+建物),3房2廳1衛,0,住家用,121.516454,25.0292922
臺北市中正區水源路１３之１號十樓,111/06/19,1880,55.2,34.07,華廈(10層含以下有電梯),38,十層/十層,房地(土地+建物),3房2廳2衛,0,住家用,121.525499,25.0162957
臺北市中正區廈門街１１３巷１１號六樓,111/06/18,3050,72.4,42.13,華廈(10層含以下有電梯),36,六層/七層,房地(土地+建物),3房2廳2衛,0,住家用,121.518169,25.023538
臺北市中正區和平西路一段９９號十四樓,111/06/18,6819,100,79.29,住宅大樓(11層含以上有電梯),11,十四層/十八層,房地(土地+建物)+車位,3房2廳2衛,300,住家用,121.5177908,25.0270556
臺北市中正區濟南路二段１５號九樓之５,111/06/18,1542,78.2,19.71,住宅大樓(11層含以上有電梯),15,九層/十一層,房地(土地+建物)+車位,2房1廳1衛,0,住家用,121.5276597,25.0413376
臺北市中正區羅斯福路三段８４巷１７號五樓,111/06/17,1430,57.8,24.76,公寓(5樓含以下無電梯),38,五層/五層,房地(土地+建物),2房1廳1衛,0,住家用,121.5260174,25.0212958
臺北市中正區廈門街８１巷５３號三樓,111/06/17,2325,61.5,37.83,公寓(5樓含以下無電梯),47,"三層,陽臺/四層",房地(土地+建物),3房2廳1衛,0,住家用,121.5201183,25.024416
臺北市中正區汀州路二段１２巷１０號,111/06/16,1400,69.6,20.1,華廈(10層含以下有電梯),13,一層/七層,房地(土地+建物),4房2廳2衛,0,住家用,121.5158079,25.0251252
臺北市中正區廈門街１１３巷１號四樓之１,111/06/15,2730,73.3,37.26,住宅大樓(11層含以上有電梯),14,四層/十五層,房地(土地+建物)+車位,3房2廳2衛,0,住家用,121.5177415,25.0235852
臺北市中正區重慶南路三段４５號四樓,111/06/14,8800,140.6,72.18,住宅大樓(11層含以上有電梯),1,四層/二十一層,房地(土地+建物)+車位,3房2廳2衛,320,住家用,121.5159196,25.0281983
臺北市中正區廈門街１２８號二樓,111/06/14,1200,50.6,23.72,公寓(5樓含以下無電梯),51,"二層,陽臺/四層",房地(土地+建物),3房1廳1衛,0,住家用,121.5173427,25.0227687
臺北市中正區中華路一段７號三樓之１０,111/06/14,1630,93.6,17.41,住宅大樓(11層含以上有電梯),7,三層/十五層,房地(土地+建物),1房1廳1衛,0,住家用,121.5103584,25.0470535
臺北市中正區中華路二段３１５巷４弄５號二樓之３,111/06/13,1265,64.5,19.61,華廈(10層含以下有電梯),42,二層/七層,房地(土地+建物),3房1廳1衛,0,住家用,121.5072412,25.028248
臺北市中正區師大路１８４號十樓,111/06/12,3066,75,40.87,住宅大樓(11層含以上有電梯),40,十層/十二層,房地(土地+建物),3房2廳2衛,0,住家用,121.5246632,25.021195
臺北市中正區晉江街１０１號三樓,111/06/12,2090,72.4,28.88,公寓(5樓含以下無電梯),42,三層/五層,房地(土地+建物),3房2廳1衛,0,住家用,121.5241227,25.0235087
臺北市中正區連雲街１５號五樓之１,111/06/11,2233.8,102,21.9,華廈(10層含以下有電梯),15,五層/七層,房地(土地+建物),2房1廳1衛,0,住家用,121.5319824,25.0368258
臺北市中正區臨沂街６１巷２０號二樓,111/06/11,4380,87.1,50.31,華廈(10層含以下有電梯),50,二層/六層,房地(土地+建物),4房2廳3衛,0,住家用,121.5303059,25.0362695
臺北市中正區杭州南路一段１３１巷３１號四樓,111/06/10,2200,91.2,24.12,公寓(5樓含以下無電梯),52,四層/四層,房地(土地+建物),3房2廳2衛,0,住家用,121.5266229,25.0362987
臺北市中正區和平西路二段７０巷２弄２號三樓之３,111/06/09,1580,94.8,16.66,華廈(10層含以下有電梯),12,三層/九層,房地(土地+建物),2房1廳1衛,0,住家用,121.5113613,25.0290066
臺北市中正區汀州路二段２５２號三樓,111/06/08,1850,71.2,26,華廈(10層含以下有電梯),13,三層/七層,房地(土地+建物)+車位,2房2廳1衛,0,住家用,121.5246379,25.0215151
臺北市中正區羅斯福路三段１００號十一樓之１０,111/06/08,638,70.5,9.05,住宅大樓(11層含以上有電梯),46,"十一層,陽臺/十二層",房地(土地+建物),1房1廳1衛,0,住家用,121.527042,25.021416
臺北市中正區金山南路一段１１０巷３０號四樓,111/06/05,3150,90,34.98,公寓(5樓含以下無電梯),54,四層/四層,房地(土地+建物),6房4廳4衛,0,住家用,121.5260118,25.035324
臺北市中正區詔安街４８號五樓,111/06/04,2160,51.6,41.84,公寓(5樓含以下無電梯),42,五層/五層,房地(土地+建物),4房2廳2衛,0,住家用,121.5139608,25.0248157
臺北市中正區惠安街５號七樓之４,111/06/03,1052,53.5,19.67,華廈(10層含以下有電梯),42,七層/七層,房地(土地+建物),1房1廳1衛,0,住家用,121.5073651,25.0285635
臺北市中正區和平西路一段９９號十七樓,111/06/02,6130,89.7,79.18,住宅大樓(11層含以上有電梯),11,十七層/十八層,房地(土地+建物)+車位,3房2廳2衛,290,住家用,121.5177908,25.0270556
臺北市中正區和平西路一段１６０號六樓,111/05/31,500,33,15.16,華廈(10層含以下有電梯),44,六層/八層,房地(土地+建物),3房2廳2衛,0,住家用,121.5150237,25.0273727
臺北市中正區廈門街１３５巷１２之１號二樓,111/05/29,2030,64.2,31.63,公寓(5樓含以下無電梯),53,二層/四層,房地(土地+建物),3房2廳1衛,0,住家用,121.518903,25.0220479
臺北市中正區同安街８６巷８號二樓,111/05/29,2088,61,34.23,公寓(5樓含以下無電梯),32,二層/五層,房地(土地+建物),4房1廳2衛,0,住家用,121.5200159,25.02178
臺北市中正區水源路３７之６號二樓之３,111/05/29,3466,64.8,53.51,住宅大樓(11層含以上有電梯),4,二層/十三層,房地(土地+建物)+車位,3房2廳2衛,0,住家用,121.5238594,25.0188476
臺北市中正區重慶南路三段１２９號九樓之３,111/05/29,2334,70,35.96,住宅大樓(11層含以上有電梯),14,九層/十二層,房地(土地+建物)+車位,1房1廳1衛,150,住家用,121.5169984,25.0238934
臺北市中正區同安街９１之５號三樓,111/05/28,1358,56.5,24.03,公寓(5樓含以下無電梯),48,三層/四層,房地(土地+建物),3房2廳1衛,0,住家用,121.5206969,25.0224864
臺北市中正區和平西路二段９６號七樓之１,111/05/28,2380,67.3,35.37,華廈(10層含以下有電梯),7,七層/十層,房地(土地+建物)+車位,2房2廳1衛,0,住家用,121.5107579,25.0295278
臺北市中正區中華路二段４４１巷２弄９號三樓,111/05/26,800,34.7,23.06,公寓(5樓含以下無電梯),50,三層/四層,房地(土地+建物),3房1廳1衛,0,住家用,121.5097834,25.0255928
臺北市中正區同安街８０巷４號,111/05/25,865,70.2,12.32,公寓(5樓含以下無電梯),52,一層/四層,房地(土地+建物),3房2廳1衛,0,住家用,121.5201524,25.0221896
臺北市中正區金門街２４巷８之１號二樓,111/05/24,2088,62.9,33.18,公寓(5樓含以下無電梯),39,二層/五層,房地(土地+建物),3房2廳2衛,0,住家用,121.5225317,25.0218362
臺北市中正區中華路二段３１５巷４弄１號五樓之２,111/05/24,1280,59.2,21.61,華廈(10層含以下有電梯),42,五層/七層,房地(土地+建物),2房1廳1衛,0,住家用,121.5068032,25.027916
臺北市中正區重慶南路三段４３號三樓,111/05/23,9550,140.6,87.06,住宅大樓(11層含以上有電梯),1,三層/二十一層,房地(土地+建物)+車位,3房2廳2衛,640,住家用,121.5159907,25.0282381
臺北市中正區南昌路一段１２４號七樓之７,111/05/22,1500,133.2,11.26,住宅大樓(11層含以上有電梯),14,七層/十四層,房地(土地+建物),1房0廳1衛,0,住家用,121.5182424,25.0296505
臺北市中正區寧波東街９巷８號四樓之３,111/05/22,1668,143.6,11.62,華廈(10層含以下有電梯),16,四層/八層,房地(土地+建物),1房0廳1衛,0,住家用,121.519553,25.032646
臺北市中正區汀州路三段４５之３號五樓,111/05/22,1268,94.6,13.4,住宅大樓(11層含以上有電梯),23,五層/十三層,房地(土地+建物),2房1廳1衛,0,住家用,121.5271283,25.0190782
臺北市中正區中華路一段７號十三樓之３,111/05/22,1600,95,16.85,住宅大樓(11層含以上有電梯),6,十三層/十五層,房地(土地+建物),1房1廳1衛,0,住家用,121.5103584,25.0470535
臺北市中正區仁愛路二段３８巷６弄５之３號,111/05/22,2408,89.6,26.87,公寓(5樓含以下無電梯),52,四層/四層,房地(土地+建物),4房2廳2衛,0,住家用,121.5268935,25.0368575
臺北市中正區信義路二段４５巷１７號,111/05/21,2760,104.9,26.32,公寓(5樓含以下無電梯),45,一層/四層,房地(土地+建物),7房2廳5衛,0,住家用,121.526455,25.034951
臺北市中正區林森南路６９號五樓,111/05/20,3200,80.3,39.85,住宅大樓(11層含以上有電梯),5,五層/十三層,房地(土地+建物),2房2廳2衛,0,住家用,121.5220233,25.039528
臺北市中正區信義路二段９１號十二樓之２,111/05/20,701.2,91.5,7.67,住宅大樓(11層含以上有電梯),40,十二層/十二層,房地(土地+建物),1房1廳1衛,0,住家用,121.5269849,25.0344069
臺北市中正區寧波西街３１號四樓之４,111/05/20,500,28,17.83,住宅大樓(11層含以上有電梯),25,四層/十二層,房地(土地+建物),3房2廳2衛,0,住家用,121.5181331,25.0311845
臺北市中正區愛國東路８８號八樓之１,111/05/20,8796,169,60.75,住宅大樓(11層含以上有電梯),1,八層/十三層,房地(土地+建物)+車位,3房2廳2衛,320,住家用,121.5199777,25.0333449
臺北市中正區博愛路１３６號十樓,111/05/20,600,29.7,20.18,華廈(10層含以下有電梯),37,十層/十層,建物,2房1廳1衛,0,住家用,121.5113781,25.0428963
臺北市中正區仁愛路二段１５巷１４號三樓,111/05/17,1077,113.1,9.52,華廈(10層含以下有電梯),29,三層/五層,房地(土地+建物),1房1廳1衛,0,住家用,121.5261653,25.0387464
臺北市中正區中華路二段４６７巷１０弄２４號五樓,111/05/16,1818,76.6,23.72,華廈(10層含以下有電梯),12,五層/五層,房地(土地+建物),3房2廳2衛,0,住家用,121.5118282,25.0246113
臺北市中正區羅斯福路一段８３巷２號十樓之５,111/05/14,2369,135,17.55,住宅大樓(11層含以上有電梯),13,十層/十四層,房地(土地+建物),2房1廳1衛,0,住家用,121.5198493,25.03139
臺北市中正區汀州路二段１６７號十八樓之２,111/05/13,1888,86.8,21.75,住宅大樓(11層含以上有電梯),1,十八層/十八層,房地(土地+建物),2房1廳1衛,0,住家用,121.5213252,25.0245358
臺北市中正區愛國東路８８號十樓之２,111/05/11,11570,151.3,76.47,住宅大樓(11層含以上有電梯),1,十層/十三層,房地(土地+建物)+車位,4房2廳2衛,0,住家用,121.5199777,25.0333449
臺北市中正區和平西路一段７４號七樓,111/05/11,2650,70.4,37.62,住宅大樓(11層含以上有電梯),35,七層/十二層,房地(土地+建物),3房2廳2衛,0,住家用,121.5191058,25.0262128
臺北市中正區湖口街１之１號五樓之２,111/05/10,1709,50.1,34.13,公寓(5樓含以下無電梯),50,五層/五層,房地(土地+建物),3房2廳1衛,0,住家用,121.5145954,25.0331174
臺北市中正區重慶南路二段１９巷１０號三樓,111/05/10,1019,52.2,19.53,公寓(5樓含以下無電梯),49,三層/五層,房地(土地+建物),2房2廳1衛,0,住家用,121.515007,25.0325647
臺北市中正區汀州路二段１６７號十樓,111/05/10,2348,82.3,28.54,住宅大樓(11層含以上有電梯),1,十層/十八層,房地(土地+建物),2房1廳1衛,0,住家用,121.5213252,25.0245358
臺北市中正區晉江街５１號三樓,111/05/09,1920,70.4,27.27,公寓(5樓含以下無電梯),40,三層/六層,房地(土地+建物),3房2廳2衛,0,住家用,121.5232329,25.0243888
臺北市中正區信義路二段１３５號九樓之１,111/05/08,8560,112.8,75.87,住宅大樓(11層含以上有電梯),16,九層/十三層,房地(土地+建物)+車位,4房2廳2衛,0,住家用,121.528058,25.0342113
臺北市中正區辛亥路一段７巷６號四樓,111/05/07,2230,72.3,30.86,公寓(5樓含以下無電梯),52,四層/四層,房地(土地+建物),3房2廳2衛,0,住家用,121.5273327,25.0192224
臺北市中正區重慶南路三段４５號八樓,111/05/06,9260,148.2,72.18,住宅大樓(11層含以上有電梯),1,八層/二十一層,房地(土地+建物)+車位,3房2廳2衛,320,住家用,121.5159196,25.0281983
臺北市中正區水源路７７號十三樓,111/05/04,4638,106,46.52,住宅大樓(11層含以上有電梯),3,十三層/十五層,房地(土地+建物)+車位,3房2廳2衛,200,住家用,121.5199766,25.0211365
臺北市中正區水源路７７號十三樓之１,111/05/04,4250,100.3,45.01,住宅大樓(11層含以上有電梯),3,十三層/十五層,房地(土地+建物)+車位,3房2廳2衛,200,住家用,121.5199766,25.0211365
臺北市中正區水源路１０５號四樓之１,111/05/02,2560,76.4,39.46,住宅大樓(11層含以上有電梯),15,四層/十五層,房地(土地+建物)+車位,3房2廳2衛,250,住家用,121.5182221,25.0214808
臺北市中正區臨沂街３２巷２號三樓之６,111/05/01,1588,109,18.67,華廈(10層含以下有電梯),7,三層/七層,房地(土地+建物)+車位,1房1廳1衛,180,住家用,121.5295506,25.0396435
臺北市中正區中華路二段４５９號三樓,111/04/30,1540,48.6,31.71,華廈(10層含以下有電梯),45,三層/七層,房地(土地+建物),3房2廳2衛,0,住家用,121.5100201,25.0248546
臺北市中正區忠孝西路一段５０號十六樓之１３,111/04/29,1180,85.1,13.86,住宅大樓(11層含以上有電梯),32,十六層/二十七層,房地(土地+建物),1房0廳1衛,0,住家用,121.5157209,25.0461002
臺北市中正區詔安街８８號五樓,111/04/29,2960,80.8,41.16,住宅大樓(11層含以上有電梯),5,五層/十一層,房地(土地+建物)+車位,3房1廳2衛,200,住家用,121.5122438,25.0253611
臺北市中正區臨沂街２９巷１６號四樓之７,111/04/28,1158,110.6,10.47,華廈(10層含以下有電梯),18,四層/五層,房地(土地+建物),1房1廳1衛,0,住家用,121.5305805,25.0398445
臺北市中正區重慶南路三段３７號三樓,111/04/28,9372,140.6,75.99,住宅大樓(11層含以上有電梯),1,三層/二十一層,房地(土地+建物)+車位,3房2廳2衛,355,住家用,121.5158969,25.0282878
臺北市中正區羅斯福路二段４８巷７號五樓,111/04/28,725,122.8,5.9,住宅大樓(11層含以上有電梯),15,五層/十二層,房地(土地+建物),1房1廳1衛,0,住家用,121.5212539,25.0275577
臺北市中正區重慶南路二段１９巷６號三樓,111/04/28,4220,93.2,45.3,華廈(10層含以下有電梯),28,三層/七層,房地(土地+建物),3房2廳2衛,0,住家用,121.5148346,25.0325395
臺北市中正區臨沂街３２巷２號四樓之５,111/04/28,1350,105.6,12.78,華廈(10層含以下有電梯),7,四層/七層,房地(土地+建物),1房1廳1衛,0,住家用,121.5295506,25.0396435
臺北市中正區牯嶺街９３號八樓,111/04/26,2650,67,39.57,住宅大樓(11層含以上有電梯),35,八層/十二層,房地(土地+建物),4房2廳2衛,0,住家用,121.5190769,25.0261727
臺北市中正區廈門街１３７號十樓之３,111/04/26,2500,65.3,38.31,住宅大樓(11層含以上有電梯),4,十層/十二層,房地(土地+建物)+車位,2房2廳2衛,0,住家用,121.5174985,25.022104
臺北市中正區南昌路一段１２２巷８號,111/04/26,2038,63.5,42.4,華廈(10層含以下有電梯),2,一層/六層,建物,2房1廳1衛,220,住家用,121.5175089,25.0298315
臺北市中正區汀州路二段２７３號三樓,111/04/25,2615,93.2,38.65,華廈(10層含以下有電梯),5,三層/十層,房地(土地+建物)+車位,1房2廳1衛,260,住家用,121.5242544,25.02222
臺北市中正區汀州路三段６０巷２弄２號九樓,111/04/24,3776,80.4,46.99,住宅大樓(11層含以上有電梯),21,九層/十一層,房地(土地+建物)+車位,2房2廳2衛,0,住家用,121.5307839,25.0154708
臺北市中正區寧波西街３１號八樓,111/04/22,500,50.3,9.95,住宅大樓(11層含以上有電梯),25,八層/十二層,房地(土地+建物),1房1廳1衛,0,住家用,121.5181331,25.0311845
臺北市中正區中華路二段３０７巷５２號四樓,111/04/22,530,63.8,8.31,公寓(5樓含以下無電梯),55,四層/五層,房地(土地+建物),1房1廳1衛,0,住家用,121.5065287,25.0295446
臺北市中正區仁愛路二段１３號四樓,111/04/21,9250,94.3,98.12,住宅大樓(11層含以上有電梯),22,"四層,五層/十四層",房地(土地+建物)+車位,4房2廳4衛,0,住家用,121.526691,25.0384985
臺北市中正區羅斯福路二段１９８號九樓之１,111/04/21,1934,70,27.61,住宅大樓(11層含以上有電梯),34,九層/十二層,房地(土地+建物),3房1廳1衛,0,住家用,121.5238558,25.0248086
臺北市中正區水源路１１３號十二樓之１,111/04/21,2705,60.9,44.4,住宅大樓(11層含以上有電梯),15,十二層/十五層,房地(土地+建物)+車位,3房2廳2衛,0,住家用,121.5181751,25.0213987
臺北市中正區汀州路一段３５０號十六樓,111/04/20,3813,80,56.26,住宅大樓(11層含以上有電梯),2,十六層/二十三層,房地(土地+建物)+車位,2房2廳2衛,250,住家用,121.5127283,25.0264105
臺北市中正區金門街２４巷６之１號三樓,111/04/19,1891.2,41.8,45.22,公寓(5樓含以下無電梯),46,"三層,陽臺/四層",房地(土地+建物),4房2廳2衛,0,住家用,121.5210778,25.0225614
臺北市中正區羅斯福路三段２號十七樓之２,111/04/19,9799,82.1,119.28,住宅大樓(11層含以上有電梯),5,十七層/二十四層,房地(土地+建物)+車位,4房2廳3衛,0,住家用,121.5270828,25.0213709
臺北市中正區南昌路二段１８８號二樓之３,111/04/19,2900,87.2,33.25,住宅大樓(11層含以上有電梯),10,二層/十五層,房地(土地+建物)+車位,2房1廳1衛,0,住家用,121.5238731,25.0242787
臺北市中正區羅斯福路三段２號二十樓之２,111/04/18,9888.1,82.9,119.28,住宅大樓(11層含以上有電梯),5,二十層/二十四層,房地(土地+建物)+車位,3房1廳2衛,0,住家用,121.5270828,25.0213709
臺北市中正區廈門街１３１巷６之２號四樓,111/04/18,2480,55.9,44.4,華廈(10層含以下有電梯),29,四層/五層,房地(土地+建物)+車位,3房2廳2衛,0,住家用,121.5181542,25.0225866
臺北市中正區中華路二段３２７號三樓之１,111/04/17,1155,58.7,19.67,華廈(10層含以下有電梯),41,三層/七層,房地(土地+建物),3房2廳1衛,0,住家用,121.5065139,25.0276183
臺北市中正區重慶南路三段１６１號七樓之５,111/04/17,2300,58.6,39.24,住宅大樓(11層含以上有電梯),10,七層/十五層,房地(土地+建物)+車位,2房2廳1衛,0,住家用,121.5169923,25.0225189
臺北市中正區同安街６５號二樓之２,111/04/17,1560,84.7,18.41,華廈(10層含以下有電梯),8,二層/七層,房地(土地+建物),1房1廳1衛,0,住家用,121.5216445,25.0238266
臺北市中正區廈門街１１３巷１號十四樓之２,111/04/17,1490,82.2,18.13,住宅大樓(11層含以上有電梯),14,十四層/十五層,房地(土地+建物),1房1廳1衛,0,住家用,121.5177415,25.0235852
臺北市中正區辛亥路一段４１號七樓,111/04/17,2200,77.5,28.4,華廈(10層含以下有電梯),38,七層/七層,房地(土地+建物),3房2廳1衛,0,住家用,121.5284593,25.01954
臺北市中正區臨沂街３３巷３０號五樓,111/04/16,6300,89.6,78.14,華廈(10層含以下有電梯),32,五層/六層,房地(土地+建物)+車位,4房2廳2衛,350,住家用,121.5314026,25.0396147
臺北市中正區汀州路三段４５之５號三樓,111/04/15,1108,94.7,11.7,住宅大樓(11層含以上有電梯),23,三層/十三層,房地(土地+建物),1房1廳1衛,0,住家用,121.5271283,25.0190782
臺北市中正區羅斯福路二段８巷５號七樓之１,111/04/15,2870,118.2,24.28,華廈(10層含以下有電梯),7,七層/九層,房地(土地+建物)+車位,2房2廳1衛,0,住家用,121.5206414,25.0287098
臺北市中正區詔安街８８號二樓之２,111/04/15,2600,84.3,36.77,住宅大樓(11層含以上有電梯),5,二層/十一層,房地(土地+建物)+車位,2房2廳1衛,200,住家用,121.5122438,25.0253611
臺北市中正區羅斯福路三段１４０巷５號二樓,111/04/14,2550,77,33.1,公寓(5樓含以下無電梯),48,二層/四層,房地(土地+建物),3房2廳2衛,0,住家用,121.5280768,25.0198989
臺北市中正區齊東街２８號五樓,111/04/11,5738,114.9,49.94,華廈(10層含以下有電梯),10,五層/七層,房地(土地+建物)+車位,3房2廳2衛,400,住家用,121.5290166,25.0424355
臺北市中正區延平南路１７９巷３號三樓之８,111/04/11,1420,28.7,55.61,華廈(10層含以下有電梯),43,三層/七層,房地(土地+建物)+車位,3房2廳2衛,280,住家用,121.5077929,25.0344316
臺北市中正區和平西路一段９９號八樓,111/04/10,6698,72.2,92.76,住宅大樓(11層含以上有電梯),11,八層/十八層,房地(土地+建物)+車位,4房2廳2衛,0,住家用,121.5177908,25.0270556
臺北市中正區中華路二段４１７號七樓,111/04/09,2820,61.1,46.19,華廈(10層含以下有電梯),37,七層/七層,房地(土地+建物),4房2廳3衛,0,住家用,121.5085217,25.0257068
臺北市中正區金山南路一段１３９號四樓之１,111/04/09,5600,115.2,49.6,住宅大樓(11層含以上有電梯),12,四層/十一層,房地(土地+建物)+車位,3房2廳2衛,250,住家用,121.5276359,25.035195
臺北市中正區汀州路二段４０號十樓之１,111/04/08,1570,72.4,21.7,住宅大樓(11層含以上有電梯),26,十層/十四層,房地(土地+建物),2房2廳1衛,0,住家用,121.5176249,25.0252555
臺北市中正區仁愛路二段６１號十五樓,111/04/07,10600,118.1,89.79,住宅大樓(11層含以上有電梯),31,十五層/二十一層,房地(土地+建物)+車位,4房2廳2衛,0,住家用,121.5302125,25.0385062
臺北市中正區羅斯福路三段１３８號二十樓,111/04/06,14320,125,114.55,住宅大樓(11層含以上有電梯),1,二十層/二十二層,房地(土地+建物)+車位,3房2廳3衛,0,住家用,121.5281241,25.0203466
臺北市中正區水源路７７號十一樓之１,111/04/06,4268,100.7,45.01,住宅大樓(11層含以上有電梯),3,十一層/十五層,房地(土地+建物)+車位,3房2廳2衛,200,住家用,121.5199766,25.0211365
臺北市中正區汀州路二段２４３號三樓,111/04/06,3277,86,38.09,華廈(10層含以下有電梯),14,三層/十層,房地(土地+建物)+車位,3房2廳2衛,0,住家用,121.5231095,25.0231916
臺北市中正區南昌路一段７之１號八樓之１,111/04/05,2328,112.3,20.73,住宅大樓(11層含以上有電梯),16,八層/十三層,房地(土地+建物),2房1廳1衛,0,住家用,121.516645,25.032239
臺北市中正區金山南路一段１７號九樓,111/04/05,1830,104.6,17.5,華廈(10層含以下有電梯),45,九層/十層,房地(土地+建物),1房2廳1衛,0,住家用,121.529433,25.040683
臺北市中正區三元街２１７號四樓之６,111/04/04,800,79.1,10.11,住宅大樓(11層含以上有電梯),30,四層/十二層,房地(土地+建物),1房1廳1衛,0,住家用,121.5133825,25.0276749
臺北市中正區重慶南路三段１４６巷７號六樓,111/04/01,1726,54.7,31.56,華廈(10層含以下有電梯),12,六層/六層,房地(土地+建物)+車位,2房2廳1衛,0,住家用,121.5162086,25.0238831
臺北市中正區羅斯福路三段１３８號十八樓,111/03/29,12736,111.2,114.55,住宅大樓(11層含以上有電梯),1,十八層/二十二層,房地(土地+建物)+車位,4房2廳3衛,0,住家用,121.5281241,25.0203466
臺北市中正區汀州路一段３５０號二十樓,111/03/28,4808,86.6,72.57,住宅大樓(11層含以上有電梯),2,二十層/二十三層,房地(土地+建物)+車位,3房2廳2衛,550,住家用,121.5127283,25.0264105
臺北市中正區羅斯福路三段１３６號十八樓,111/03/28,13368,116.8,114.47,住宅大樓(11層含以上有電梯),1,十八層/二十二層,房地(土地+建物)+車位,3房2廳3衛,0,住家用,121.5282674,25.0203345
臺北市中正區臨沂街１０巷３號三樓之１,111/03/27,4526,144.8,39.35,華廈(10層含以下有電梯),2,三層/七層,房地(土地+建物)+車位,4房2廳2衛,230,住家用,121.5301174,25.0417677
臺北市中正區南昌路二段２０３號二樓,111/03/27,2350,86.2,28.09,住宅大樓(11層含以上有電梯),17,二層/十一層,房地(土地+建物)+車位,2房1廳1衛,180,住家用,121.5233726,25.0251125
臺北市中正區重慶南路三段１６１號九樓之３,111/03/27,4150,67.7,67.36,住宅大樓(11層含以上有電梯),10,九層/十五層,房地(土地+建物)+車位,4房2廳2衛,250,住家用,121.5169923,25.0225189
臺北市中正區新生南路一段１３２巷６弄８號三樓,111/03/27,3500,88.3,39.63,公寓(5樓含以下無電梯),33,三層/五層,房地(土地+建物),3房2廳2衛,0,住家用,121.5321608,25.0365352
臺北市中正區三元街２１７號七樓,111/03/26,955,71.9,13.28,住宅大樓(11層含以上有電梯),30,七層/十二層,房地(土地+建物),1房1廳1衛,0,住家用,121.5133825,25.0276749
臺北市中正區忠孝東路二段６４巷２８號九樓,111/03/26,10500,115.3,91.06,住宅大樓(11層含以上有電梯),14,九層/十四層,房地(土地+建物)+車位,3房2廳2衛,0,住家用,121.5280871,25.0424496
臺北市中正區連雲街３９之１號,111/03/25,2000,68.3,29.26,公寓(5樓含以下無電梯),51,一層/四層,房地(土地+建物),3房2廳2衛,0,住家用,121.5312288,25.0354105
臺北市中正區羅斯福路三段５８巷８號十樓,111/03/25,2188,81,27.03,住宅大樓(11層含以上有電梯),10,十層/十三層,房地(土地+建物)+車位,1房2廳1衛,0,住家用,121.5254962,25.0222955
臺北市中正區南昌路一段１２４號十四樓之１,111/03/25,1480,130,11.39,住宅大樓(11層含以上有電梯),14,十四層/十四層,房地(土地+建物),0房1廳1衛,0,住家用,121.5182424,25.0296505
臺北市中正區重慶南路三段６２號四樓之１,111/03/24,815,65.1,12.53,公寓(5樓含以下無電梯),42,四層/五層,房地(土地+建物),1房1廳1衛,0,住家用,121.5159274,25.026765
臺北市中正區臨沂街７１巷７號,111/03/23,2238,112.1,19.97,公寓(5樓含以下無電梯),51,一層/四層,房地(土地+建物),3房1廳1衛,0,住家用,121.5285314,25.035332
臺北市中正區汀州路一段２２６巷１６號三樓之１,111/03/23,1150,52.9,21.73,公寓(5樓含以下無電梯),44,三層/四層,房地(土地+建物),3房2廳1衛,0,住家用,121.5091556,25.027427
臺北市中正區汀州路一段３５０號十三樓之２,111/03/23,1031,18.2,56.54,住宅大樓(11層含以上有電梯),2,十三層/二十三層,房地(土地+建物),3房2廳1衛,0,住家用,121.5127283,25.0264105
臺北市中正區濟南路二段４８巷５之６號四樓,111/03/23,1600,87.9,18.19,公寓(5樓含以下無電梯),54,四層/四層,房地(土地+建物),2房1廳1衛,0,住家用,121.5310782,25.0394977
臺北市中正區金華街４７號五樓之１,111/03/22,800,41.7,19.17,住宅大樓(11層含以上有電梯),36,五層/十二層,房地(土地+建物),1房1廳1衛,0,住家用,121.5202463,25.0319459
臺北市中正區汀州路二段１２１號四樓之２,111/03/22,1250,84.4,14.81,華廈(10層含以下有電梯),14,四層/十層,房地(土地+建物),1房1廳1衛,0,住家用,121.5192729,25.0252866
臺北市中正區羅斯福路三段２號十八樓之２,111/03/22,9860,82.7,119.28,住宅大樓(11層含以上有電梯),5,十八層/二十四層,房地(土地+建物)+車位,4房2廳3衛,0,住家用,121.5270828,25.0213709
臺北市中正區羅斯福路三段１５０號十三樓,111/03/22,10350,115.8,89.34,住宅大樓(11層含以上有電梯),6,十三層/十九層,房地(土地+建物)+車位,3房2廳3衛,0,住家用,121.5285858,25.0200005
臺北市中正區同安街６５號五樓之１,111/03/21,2968,87.4,35.86,華廈(10層含以下有電梯),8,五層/七層,房地(土地+建物)+車位,2房2廳2衛,200,住家用,121.5216445,25.0238266
臺北市中正區汀州路二段１３３巷１４號四樓,111/03/20,2200,65.7,33.47,華廈(10層含以下有電梯),38,四層/五層,房地(土地+建物),3房2廳2衛,0,住家用,121.5196797,25.0255268
臺北市中正區南昌路一段１２２巷８號五樓,111/03/18,2500,60.6,51.51,華廈(10層含以下有電梯),2,五層/六層,建物,2房2廳2衛,210,住家用,121.5175089,25.0298315
臺北市中正區重慶南路三段１６１號十一樓,111/03/17,3258,59.6,54.62,住宅大樓(11層含以上有電梯),10,十一層/十五層,房地(土地+建物)+車位,3房2廳2衛,0,住家用,121.5169923,25.0225189
臺北市中正區南昌路二段１２８號三樓之３,111/03/17,1510,102.6,14.72,住宅大樓(11層含以上有電梯),1,三層/十四層,房地(土地+建物),1房1廳1衛,0,住家用,121.522534,25.025539
臺北市中正區泉州街３５之１號二樓,111/03/17,714.7,34.4,20.8,公寓(5樓含以下無電梯),56,二層/四層,房地(土地+建物),2房1廳1衛,0,住家用,121.5143573,25.0293296
臺北市中正區中華路二段４５７號三樓,111/03/17,602.8,19,31.71,華廈(10層含以下有電梯),45,三層/七層,房地(土地+建物),3房2廳2衛,0,住家用,121.5098525,25.024895
臺北市中正區林森南路７１號五樓,111/03/16,3000,73.8,40.67,住宅大樓(11層含以上有電梯),5,五層/十三層,房地(土地+建物),2房2廳2衛,0,住家用,121.5238922,25.0438537
臺北市中正區開封街一段４８號六樓之６,111/03/16,900,82.2,10.94,住宅大樓(11層含以上有電梯),14,六層/十四層,房地(土地+建物),1房0廳1衛,0,住家用,121.5120775,25.0458101
臺北市中正區連雲街６巷８號三樓之４,111/03/15,2400,92.7,29.49,華廈(10層含以下有電梯),17,三層/八層,房地(土地+建物)+車位,2房2廳1衛,300,住家用,121.5315503,25.0375172
臺北市中正區中華路一段９５巷７號二樓之２,111/03/15,6218,83.4,80.71,住宅大樓(11層含以上有電梯),6,二層/二十五層,房地(土地+建物)+車位,3房2廳3衛,250,住家用,121.5078706,25.0376458
臺北市中正區牯嶺街８４巷２號四樓,111/03/13,2000,76.5,26.14,公寓(5樓含以下無電梯),20,四層/五層,房地(土地+建物),3房2廳1衛,0,住家用,121.5185967,25.0260112
臺北市中正區臨沂街３２巷２號三樓,111/03/13,1500,105.9,14.17,華廈(10層含以下有電梯),7,三層/七層,房地(土地+建物),1房1廳1衛,0,住家用,121.5295506,25.0396435
臺北市中正區泉州街１８巷６號四樓,111/03/12,1340,65.1,20.57,公寓(5樓含以下無電梯),52,四層/四層,房地(土地+建物),4房0廳4衛,0,住家用,121.5137677,25.0269846
臺北市中正區羅斯福路二段１９８號八樓之２,111/03/12,1500,95.1,15.78,住宅大樓(11層含以上有電梯),34,八層/十二層,房地(土地+建物),1房1廳1衛,0,住家用,121.5238558,25.0248086
臺北市中正區和平西路二段１６巷２號二樓,111/03/11,1550,77,20.14,華廈(10層含以下有電梯),49,二層/四層,房地(土地+建物),1房1廳1衛,0,住家用,121.5135684,25.0279743
臺北市中正區仁愛路二段３８巷７弄６號二樓,111/03/10,400,78.9,5.07,華廈(10層含以下有電梯),28,二層/六層,房地(土地+建物),1房1廳1衛,0,住家用,121.5274922,25.0365634
臺北市中正區汀州路二段２７１號三樓,111/03/10,2836,73.4,38.65,華廈(10層含以下有電梯),5,三層/十層,房地(土地+建物)+車位,1房2廳1衛,0,住家用,121.5241798,25.0222336
臺北市中正區南昌路二段１８８號十二樓之１,111/03/10,3036,109.6,26.28,住宅大樓(11層含以上有電梯),10,十二層/十五層,房地(土地+建物)+車位,2房2廳1衛,200,住家用,121.5238731,25.0242787
臺北市中正區臨沂街５０之３號四樓,111/03/10,2300,80.6,28.54,公寓(5樓含以下無電梯),37,四層/五層,房地(土地+建物),3房2廳1衛,0,住家用,121.5284396,25.0362823
臺北市中正區仁愛路一段２３巷１９號六樓,111/03/08,5633,107.9,55.06,華廈(10層含以下有電梯),7,六層/六層,房地(土地+建物)+車位,1房2廳1衛,400,住家用,121.5233943,25.0398726
臺北市中正區羅斯福路三段１３６號八樓之１,111/03/07,12386,123.1,137.63,住宅大樓(11層含以上有電梯),1,八層/二十二層,房地(土地+建物)+車位,3房2廳3衛,"1,200",住家用,121.5282674,25.0203345
臺北市中正區新生南路一段１２０巷６號三樓,111/03/07,2500,55.3,45.19,公寓(5樓含以下無電梯),45,"三層,陽臺/四層",房地(土地+建物)+車位,5房2廳4衛,0,住家用,121.5319407,25.0389967
臺北市中正區汀州路三段１６０巷４之１號七樓之１,111/03/06,2288,93.9,27.01,華廈(10層含以下有電梯),15,七層/九層,房地(土地+建物)+車位,1房2廳1衛,180,住家用,121.5341902,25.0134916
臺北市中正區南昌路二段７０號七樓之３,111/03/06,2310,76,30.4,住宅大樓(11層含以上有電梯),39,七層/十二層,房地(土地+建物),3房2廳1衛,0,住家用,121.521184,25.0266569
臺北市中正區牯嶺街６１號六樓,111/03/05,8500,107.2,88.38,住宅大樓(11層含以上有電梯),17,六層/十二層,房地(土地+建物)+車位,4房2廳3衛,350,住家用,121.5171752,25.0292041
臺北市中正區汀州路二段２５２號二樓之１,111/03/04,1330,55.9,23.78,華廈(10層含以下有電梯),13,二層/七層,房地(土地+建物)+車位,1房1廳1衛,0,住家用,121.5246379,25.0215151
臺北市中正區廈門街９９巷３０號三樓,111/03/02,2150,65.4,32.86,公寓(5樓含以下無電梯),53,三層/四層,房地(土地+建物),3房2廳2衛,0,住家用,121.5204055,25.0235966
臺北市中正區杭州南路一段７７巷２９號三樓,111/03/02,3060,124.7,25.64,華廈(10層含以下有電梯),6,三層/七層,房地(土地+建物)+車位,1房2廳1衛,210,住家用,121.527536,25.0388852
臺北市中正區公園路３２號十二樓,111/03/01,2800,75.5,37.08,住宅大樓(11層含以上有電梯),35,十二層/十二層,房地(土地+建物),4房2廳2衛,0,住家用,121.5166917,25.0440807
臺北市中正區仁愛路二段３４號七樓之２,111/02/28,2750,97,28.35,住宅大樓(11層含以上有電梯),44,七層/十二層,房地(土地+建物),2房2廳2衛,0,住家用,121.5271923,25.0380601
臺北市中正區和平西路一段９９號九樓,111/02/28,6535,95.9,79.29,住宅大樓(11層含以上有電梯),11,九層/十八層,房地(土地+建物)+車位,3房2廳2衛,280,住家用,121.5177908,25.0270556
臺北市中正區三元街２１６號四樓,111/02/28,1780,60.6,29.39,華廈(10層含以下有電梯),26,四層/十層,房地(土地+建物),3房2廳2衛,0,住家用,121.5125145,25.0274491
臺北市中正區汀州路二段２４４號五樓,111/02/28,1918,69.5,27.6,公寓(5樓含以下無電梯),52,五層/五層,房地(土地+建物),5房0廳5衛,0,住家用,121.5245309,25.0216401
臺北市中正區水源路７７號十二樓,111/02/28,4438,101.7,46.3,住宅大樓(11層含以上有電梯),3,十二層/十五層,房地(土地+建物)+車位,3房2廳2衛,200,住家用,121.5199766,25.0211365
臺北市中正區重慶南路三段８８號七樓,111/02/27,1935,56.8,34.07,住宅大樓(11層含以上有電梯),49,七層/十一層,房地(土地+建物),3房2廳2衛,0,住家用,121.5161281,25.0259248
臺北市中正區信義路二段２６１號四樓之３,111/02/25,2716.5,150,18.11,住宅大樓(11層含以上有電梯),4,四層/十四層,房地(土地+建物),1房1廳1衛,0,住家用,121.531667,25.033881
臺北市中正區晉江街７５號五樓,111/02/25,1935,81.7,23.68,華廈(10層含以下有電梯),8,五層/七層,房地(土地+建物),1房1廳1衛,0,住家用,121.5237111,25.0240086
臺北市中正區銅山街３巷１號七樓之１,111/02/25,4500,90.5,49.74,華廈(10層含以下有電梯),36,七層/七層,房地(土地+建物),3房2廳1衛,0,住家用,121.5263444,25.0402648
臺北市中正區臨沂街３３巷３０號四樓,111/02/23,6300,79.3,79.49,華廈(10層含以下有電梯),32,四層/六層,房地(土地+建物)+車位,6房2廳3衛,0,住家用,121.5314026,25.0396147
臺北市中正區汀州路一段１８０號十樓之２,111/02/23,2220,57.3,38.72,華廈(10層含以下有電梯),12,十層/十層,房地(土地+建物)+車位,2房1廳1衛,0,住家用,121.5088942,25.0284012
臺北市中正區連雲街２６巷２１弄６號六樓,111/02/22,3500,96.1,36.42,華廈(10層含以下有電梯),16,六層/七層,房地(土地+建物)+車位,2房1廳1衛,0,住家用,121.5307948,25.037316
臺北市中正區中華路一段７號十三樓之２,111/02/22,1900,95.1,21.65,住宅大樓(11層含以上有電梯),6,十三層/十五層,房地(土地+建物)+車位,1房1廳1衛,180,住家用,121.5103584,25.0470535
臺北市中正區羅斯福路二段８巷８號六樓之９,111/02/21,3540,134,26.41,華廈(10層含以下有電梯),11,六層/九層,房地(土地+建物),2房1廳2衛,0,住家用,121.5203973,25.0287273
臺北市中正區臨沂街３２巷２號二樓之１,111/02/20,1538,111.4,13.81,華廈(10層含以下有電梯),7,二層/七層,房地(土地+建物),1房1廳1衛,0,住家用,121.5295506,25.0396435
臺北市中正區羅斯福路三段１２８巷２０號四樓之２,111/02/20,783,104.8,7.47,華廈(10層含以下有電梯),15,四層/八層,房地(土地+建物),1房1廳1衛,0,住家用,121.527553,25.0201153
臺北市中正區中華路二段１６５之２號六樓,111/02/20,500,26.1,19.18,華廈(10層含以下有電梯),40,六層/七層,房地(土地+建物),2房1廳1衛,0,住家用,121.5042523,25.0307704
臺北市中正區羅斯福路三段８４巷１９號四樓,111/02/20,1680,75,22.41,公寓(5樓含以下無電梯),39,四層/五層,房地(土地+建物),2房2廳1衛,0,住家用,121.525959,25.021256
臺北市中正區西藏路１００號八樓,111/02/20,2088,52.5,39.79,住宅大樓(11層含以上有電梯),32,八層/十二層,房地(土地+建物),4房2廳2衛,0,住家用,121.5052111,25.030432
臺北市中正區羅斯福路三段８８號七樓,111/02/19,1800,90.8,19.83,住宅大樓(11層含以上有電梯),14,七層/十四層,房地(土地+建物)+車位,3房2廳2衛,0,住家用,121.5265272,25.0218048
臺北市中正區南昌路二段１４２之１號二樓之７,111/02/19,870,96.3,9.03,住宅大樓(11層含以上有電梯),14,二層/十三層,房地(土地+建物),0房1廳1衛,0,住家用,121.5230416,25.0251365
臺北市中正區臨沂街３２巷２號五樓之３,111/02/18,1500,93.2,20.23,華廈(10層含以下有電梯),7,五層/七層,房地(土地+建物)+車位,1房1廳0衛,150,住家用,121.5295506,25.0396435
臺北市中正區臨沂街３２巷２號五樓之２,111/02/18,1380,99.9,13.81,華廈(10層含以下有電梯),7,五層/七層,房地(土地+建物),1房1廳1衛,0,住家用,121.5295506,25.0396435
臺北市中正區汀州路三段６０巷２弄２號八樓之１,111/02/18,3580,76.4,46.83,住宅大樓(11層含以上有電梯),21,八層/十一層,房地(土地+建物),3房2廳2衛,0,住家用,121.5307839,25.0154708
臺北市中正區臨沂街３２巷２號三樓之６,111/02/18,1450,77.7,18.67,華廈(10層含以下有電梯),7,三層/七層,房地(土地+建物)+車位,1房1廳1衛,0,住家用,121.5295506,25.0396435
臺北市中正區羅斯福路二段６６巷１９號七樓之１,111/02/17,2150,79.8,26.94,住宅大樓(11層含以上有電梯),31,七層/十一層,房地(土地+建物),3房1廳2衛,0,住家用,121.5210209,25.0273945
臺北市中正區門街１２３巷６９之１號四樓,111/02/17,1550,51.3,30.23,公寓(5樓含以下無電梯),38,四層/五層,房地(土地+建物),3房2廳2衛,0,住家用,121.5606806,25.0537644
臺北市中正區汀州路二段２７３號八樓,111/02/17,2950,105.8,38.42,華廈(10層含以下有電梯),5,八層/十層,房地(土地+建物)+車位,1房2廳1衛,300,住家用,121.5242544,25.02222
臺北市中正區門街９９巷３２號之１,111/02/17,1280,72.5,17.65,公寓(5樓含以下無電梯),44,一層/四層,房地(土地+建物),2房2廳1衛,0,住家用,121.5198716,25.0421407
臺北市中正區牯嶺街１４６號十三樓,111/02/16,6700,80.2,94.72,住宅大樓(11層含以上有電梯),2,十三層/十四層,房地(土地+建物)+車位,4房2廳4衛,540,住家用,121.5188992,25.0215501
臺北市中正區連雲街５０號二樓,111/02/15,4470,111.7,40.01,華廈(10層含以下有電梯),17,二層/五層,房地(土地+建物)+車位,4房2廳2衛,200,住家用,121.5307223,25.0352261
臺北市中正區中華路一段９５巷７號二樓,111/02/14,7960,91.4,101.06,住宅大樓(11層含以上有電梯),6,二層/二十五層,房地(土地+建物)+車位,3房2廳3衛,410,住家用,121.5078706,25.0376458
臺北市中正區仁愛路二段８巷１０號五樓,111/02/14,9350,117.5,90.43,住宅大樓(11層含以上有電梯),5,五層/十四層,房地(土地+建物)+車位,3房2廳2衛,300,住家用,121.5255127,25.0377723
臺北市中正區中華路二段３１５巷９號三樓,111/02/14,366,34.5,10.62,公寓(5樓含以下無電梯),55,三層/五層,房地(土地+建物),2房1廳1衛,0,住家用,121.5063172,25.0281592
臺北市中正區忠孝東路二段１２６號十二樓,111/02/14,6398,119.5,53.54,住宅大樓(11層含以上有電梯),12,"十二層,十三層/十三層",房地(土地+建物)+車位,3房2廳3衛,0,住家用,121.5316367,25.0423882
臺北市中正區羅斯福路三段１３６號六樓之１,111/02/12,12500,124.3,137.63,住宅大樓(11層含以上有電梯),1,六層/二十二層,房地(土地+建物)+車位,3房2廳3衛,"1,200",住家用,121.5282674,25.0203345
臺北市中正區臨沂街６５巷２之２號五樓,111/02/11,2360,84,28.11,公寓(5樓含以下無電梯),38,五層/五層,房地(土地+建物),3房1廳1衛,0,住家用,121.5300442,25.0353303
臺北市中正區水源路１１３號六樓,111/02/10,2330,54.2,43.02,住宅大樓(11層含以上有電梯),15,六層/十五層,房地(土地+建物)+車位,3房2廳2衛,160,住家用,121.5181751,25.0213987
臺北市中正區忠孝西路一段５０號二十二樓之２７,111/02/07,600,43.7,13.72,住宅大樓(11層含以上有電梯),31,二十二層/二十七層,房地(土地+建物),1房0廳1衛,0,住家用,121.51583,25.046222
臺北市中正區同安街６５號七樓,111/01/28,1810,83.8,22.79,華廈(10層含以下有電梯),8,七層/七層,房地(土地+建物)+車位,1房1廳1衛,250,住家用,121.5216445,25.0238266
臺北市中正區仁愛路二段１５巷１７號三樓,111/01/28,4050,75,53.99,華廈(10層含以下有電梯),23,三層/六層,房地(土地+建物)+車位,3房2廳2衛,250,住家用,121.5262954,25.0388384
臺北市中正區開封街一段４８號八樓之２,111/01/28,700,65.3,10.73,住宅大樓(11層含以上有電梯),14,八層/十四層,房地(土地+建物),1房1廳1衛,0,住家用,121.5120775,25.0458101
臺北市中正區汀州路三段３１號三樓,111/01/27,3500,96.8,41.01,住宅大樓(11層含以上有電梯),2,三層/十三層,房地(土地+建物)+車位,2房2廳2衛,250,住家用,121.5266898,25.0196232
臺北市中正區衡陽路２６號十四樓之１,111/01/26,3198,106.1,31.97,住宅大樓(11層含以上有電梯),6,十四層/十五層,房地(土地+建物)+車位,1房1廳1衛,250,住家用,121.512827,25.042188
臺北市中正區仁愛路二段２０巷５號五樓,111/01/26,2723,73.8,36.91,華廈(10層含以下有電梯),31,五層/五層,房地(土地+建物)+車位,3房2廳2衛,0,住家用,121.5263267,25.0370177
臺北市中正區汀州路二段９３號十樓之２,111/01/25,2358,94,25.08,住宅大樓(11層含以上有電梯),8,十層/十一層,房地(土地+建物),1房1廳1衛,0,住家用,121.5181025,25.025411
臺北市中正區新生南路一段１２巷２號五樓,111/01/23,3860,92.3,41.82,公寓(5樓含以下無電梯),34,五層/五層,房地(土地+建物),4房2廳2衛,0,住家用,121.5323899,25.0436081
臺北市中正區南海路１０３號二樓之３,111/01/23,750,56.7,13.23,華廈(10層含以下有電梯),41,二層/七層,房地(土地+建物),2房2廳1衛,0,住家用,121.5076462,25.027939
臺北市中正區西藏路９８號十一樓,111/01/23,2768,54.5,50.84,住宅大樓(11層含以上有電梯),32,"十一層,夾層/十二層",房地(土地+建物),3房2廳2衛,0,住家用,121.5052804,25.0304557
臺北市中正區水源路１１３號十四樓,111/01/23,2620,62.7,41.8,住宅大樓(11層含以上有電梯),15,十四層/十五層,房地(土地+建物)+車位,3房2廳2衛,270,住家用,121.5181751,25.0213987
臺北市中正區師大路１７０號七樓之４,111/01/23,712,76.9,9.26,住宅大樓(11層含以上有電梯),44,七層/十二層,房地(土地+建物),1房0廳1衛,0,住家用,121.5255002,25.0212124
臺北市中正區廈門街８１巷１６之５號五樓,111/01/22,2500,83.1,30.07,華廈(10層含以下有電梯),46,"五層,陽台/五層",房地(土地+建物),3房2廳2衛,0,住家用,121.5186523,25.0243252
臺北市中正區忠孝東路二段１２６號四樓之３,111/01/21,5020,109.3,45.92,住宅大樓(11層含以上有電梯),12,四層/十三層,房地(土地+建物)+車位,1房1廳1衛,0,住家用,121.5316367,25.0423882
臺北市中正區紹興北街３１巷１５弄８號,111/01/21,2300,94.7,24.29,公寓(5樓含以下無電梯),47,一層/四層,房地(土地+建物),2房2廳1衛,0,住家用,121.525908,25.044737
臺北市中正區水源路３７之６號六樓,111/01/21,2348,65.2,36.03,住宅大樓(11層含以上有電梯),4,六層/十三層,房地(土地+建物)+車位,2房1廳1衛,0,住家用,121.5238594,25.0188476
臺北市中正區信義路二段２５９號四樓之１,111/01/21,2682,150,17.88,住宅大樓(11層含以上有電梯),4,四層/十四層,房地(土地+建物),1房1廳1衛,0,住家用,121.531609,25.033883
臺北市中正區牯嶺街１４６號八樓之２,111/01/20,4700,55.1,85.23,住宅大樓(11層含以上有電梯),2,八層/十四層,房地(土地+建物)+車位,4房2廳3衛,0,住家用,121.5188992,25.0215501
臺北市中正區羅斯福路三段１３６號六樓,111/01/19,12800,127.6,137.63,住宅大樓(11層含以上有電梯),1,六層/二十二層,房地(土地+建物)+車位,3房2廳3衛,"1,200",住家用,121.5282674,25.0203345
臺北市中正區南昌路二段２０２巷５號五樓,111/01/19,1612,20.9,77.1,華廈(10層含以下有電梯),25,"五層,電梯樓梯間/八層",房地(土地+建物),4房2廳3衛,0,住家用,121.5240986,25.0240846
臺北市中正區臨沂街３３巷４號二樓,111/01/19,3280,92,35.63,公寓(5樓含以下無電梯),49,"二層,陽臺/四層",房地(土地+建物),3房2廳2衛,0,住家用,121.5300646,25.0395202
臺北市中正區臨沂街６１巷５之５號五樓,111/01/18,2150,71.7,30,公寓(5樓含以下無電梯),53,五層/五層,房地(土地+建物),3房2廳1衛,0,住家用,121.5294421,25.037
臺北市中正區杭州南路一段２１巷１６號三樓,111/01/18,2400,72.9,32.94,公寓(5樓含以下無電梯),46,三層/四層,房地(土地+建物),3房2廳2衛,0,住家用,121.5270423,25.0422969
臺北市中正區臨沂街６１巷２８之２號二樓,111/01/17,1100,79.9,13.77,華廈(10層含以下有電梯),49,"二層,陽台/六層",房地(土地+建物),3房2廳2衛,0,住家用,121.5307527,25.0358707
臺北市中正區臨沂街６１巷２８之２號二樓,111/01/17,1200,87.2,13.77,華廈(10層含以下有電梯),49,"二層,陽台/六層",房地(土地+建物),3房2廳2衛,0,住家用,121.5307527,25.0358707
臺北市中正區晉江街７３號七樓,111/01/17,1830,90.2,20.28,華廈(10層含以下有電梯),8,七層/七層,房地(土地+建物),1房1廳1衛,0,住家用,121.5236993,25.0239615
臺北市中正區羅斯福路四段１５６號二樓,111/01/17,5998,85.8,69.92,住宅大樓(11層含以上有電梯),7,二層/十五層,房地(土地+建物)+車位,3房2廳2衛,0,住家用,121.5360921,25.0125089
臺北市中正區臨沂街７５巷１９號四樓之１,111/01/17,1750,114.8,18.51,華廈(10層含以下有電梯),25,四層/九層,房地(土地+建物)+車位,1房1廳1衛,150,住家用,121.5291485,25.0347598
臺北市中正區信義路二段２６１號八樓之５,111/01/15,2143,154.9,13.84,住宅大樓(11層含以上有電梯),4,八層/十四層,房地(土地+建物),1房1廳1衛,0,住家用,121.531667,25.033881
臺北市中正區南昌路一段１２２巷２之１號五樓,111/01/15,3000,104.2,30.97,華廈(10層含以下有電梯),9,五層/六層,房地(土地+建物)+車位,2房2廳2衛,150,住家用,121.5177109,25.0295137
臺北市中正區林森南路１０號十樓之２,111/01/15,3900,78.5,49.68,住宅大樓(11層含以上有電梯),44,十層/十二層,房地(土地+建物),3房2廳2衛,0,住家用,121.5226073,25.0429136
臺北市中正區南昌路二段１４２之１號四樓之２,111/01/14,1000,92.2,10.85,住宅大樓(11層含以上有電梯),14,四層/十三層,房地(土地+建物),1房1廳1衛,0,住家用,121.5230416,25.0251365
臺北市中正區和平西路一段６６號十樓,111/01/13,3398,72.9,46.6,住宅大樓(11層含以上有電梯),35,十層/十二層,房地(土地+建物),4房2廳2衛,0,住家用,121.5192602,25.026294
臺北市中正區仁愛路二段８４號二樓之１,111/01/13,5700,124.4,44.6,住宅大樓(11層含以上有電梯),13,二層/十五層,房地(土地+建物)+車位,2房2廳2衛,200,住家用,121.5307159,25.0379996
臺北市中正區臨沂街６３巷１３之３號,111/01/12,3200,130.4,24.55,公寓(5樓含以下無電梯),50,一層/五層,房地(土地+建物),3房2廳2衛,0,住家用,121.5297761,25.0362188
臺北市中正區重慶南路三段６３號六樓之２,111/01/11,1600,75.4,21.23,住宅大樓(11層含以上有電梯),9,六層/十一層,房地(土地+建物),1房1廳1衛,0,住家用,121.5163166,25.0266523
臺北市中正區信義路二段１號十四樓之１,111/01/11,6160,107.2,65.72,住宅大樓(11層含以上有電梯),34,十四層/十七層,房地(土地+建物)+車位,3房2廳2衛,350,住家用,121.524589,25.0356534
臺北市中正區牯嶺街２８號七樓,111/01/10,1300,37.8,34.37,華廈(10層含以下有電梯),35,七層/七層,房地(土地+建物),3房2廳2衛,0,住家用,121.5161864,25.0302809
臺北市中正區和平西路一段５９號十二樓之１８,111/01/10,1650,112.8,14.62,住宅大樓(11層含以上有電梯),14,十二層/十四層,房地(土地+建物),1房1廳1衛,0,住家用,121.5197456,25.026788
臺北市中正區臨沂街７１巷１９弄３號二樓之１,111/01/09,2150,90.9,23.66,華廈(10層含以下有電梯),20,二層/七層,房地(土地+建物)+車位,1房1廳1衛,120,住家用,121.5295729,25.0354355
臺北市中正區惠安街７號五樓,111/01/08,1150,53.8,21.37,華廈(10層含以下有電梯),41,五層/七層,房地(土地+建物),3房2廳1衛,0,住家用,121.5074812,25.028335
臺北市中正區信義路二段７號九樓之１,111/01/08,3900,97,40.21,住宅大樓(11層含以上有電梯),37,九層/十二層,房地(土地+建物),3房2廳2衛,0,住家用,121.5252111,25.0352806
臺北市中正區仁愛路二段７１號三樓之３,111/01/07,3445,107.4,32.07,住宅大樓(11層含以上有電梯),45,"三層,陽台/十二層",房地(土地+建物)+車位,2房2廳2衛,0,住家用,121.5310378,25.0385382
臺北市中正區忠孝西路一段５０號二十二樓之４,111/01/07,6099,78,78.24,住宅大樓(11層含以上有電梯),31,二十二層/二十七層,房地(土地+建物),1房1廳1衛,0,住家用,121.51583,25.046222
臺北市中正區重慶南路三段１８０號五樓之２,111/01/07,1564,48.8,32.06,住宅大樓(11層含以上有電梯),32,五層/十二層,房地(土地+建物),3房2廳2衛,0,住家用,121.516559,25.022891
臺北市中正區南昌路一段１０８巷９號六樓,111/01/07,1438,114.1,12.61,華廈(10層含以下有電梯),21,六層/六層,房地(土地+建物),1房1廳1衛,0,住家用,121.5170275,25.0298626
臺北市中正區臨沂街３３巷２號五樓,111/01/07,210,4.9,43.02,華廈(10層含以下有電梯),11,五層/七層,建物,2房2廳2衛,0,住家用,121.5299512,25.0395315
臺北市中正區忠孝西路一段５０號二十二樓之８,111/01/06,1117,77,14.51,住宅大樓(11層含以上有電梯),31,二十二層/二十七層,房地(土地+建物),1房1廳1衛,0,住家用,121.51583,25.046222
臺北市中正區門街１３７號二樓,111/01/04,2680,76.4,35.06,住宅大樓(11層含以上有電梯),3,二層/十二層,房地(土地+建物)+車位,2房1廳1衛,0,住家用,121.517044,25.047749
臺北市中正區濟南路二段６２巷１０號四樓之１,111/01/03,2000,68.5,29.19,華廈(10層含以下有電梯),40,四層/六層,房地(土地+建物),3房2廳2衛,0,住家用,121.5320828,25.0393244
臺北市中正區南海路１７號四樓,111/01/03,3780,89.2,42.37,華廈(10層含以下有電梯),27,四層/八層,房地(土地+建物),3房2廳2衛,0,住家用,121.5146947,25.0321619
臺北市中正區汀州路一段３５０號十五樓之２,111/01/02,4425,92,56.54,住宅大樓(11層含以上有電梯),2,十五層/二十三層,房地(土地+建物)+車位,3房2廳2衛,300,住家用,121.5127283,25.0264105
