add,date,amount,price,area,type,age,floor.height,subject,pattern,car,use,lon,lat,section
臺北市萬華區康定路１０３號十三樓之１３,111/10/25,1080,68.5,15.76,住宅大樓(11層含以上有電梯),7,十三層/二十六層,房地(土地+建物),1房1廳1衛,0,住家用,121.5021082,25.0394235,萬華區
臺北市萬華區康定路１０５號十七樓之１,111/10/14,1000,61.6,16.24,住宅大樓(11層含以上有電梯),7,十七層/二十六層,房地(土地+建物),1房1廳1衛,0,住家用,121.502326,25.03923,萬華區
臺北市萬華區漢中街１６０號九樓之１１,111/10/12,1620,83.6,19.38,住宅大樓(11層含以上有電梯),1,九層/十五層,房地(土地+建物),1房2廳1衛,0,住家用,121.5065795,25.0412152,萬華區
臺北市萬華區萬大路１８７巷１弄４２號五樓,111/10/11,680,61.1,11.12,公寓(5樓含以下無電梯),47,五層/五層,房地(土地+建物),2房1廳1衛,0,住家用,121.5018345,25.0284674,萬華區
臺北市萬華區長順街９９巷１１號四樓,111/10/09,1180,39.4,29.96,公寓(5樓含以下無電梯),57,四層/四層,房地(土地+建物),5房2廳2衛,0,住家用,121.4903006,25.0321178,萬華區
臺北市萬華區康定路１０５號十四樓之８,111/10/07,1755,54.6,32.17,住宅大樓(11層含以上有電梯),7,十四層/二十六層,房地(土地+建物)+車位,2房1廳1衛,0,住家用,121.502326,25.03923,萬華區
臺北市萬華區富民路８９號三樓,111/10/05,1600,44.7,35.82,公寓(5樓含以下無電梯),45,三層/五層,房地(土地+建物),3房2廳2衛,0,住家用,121.4988867,25.0187173,萬華區
臺北市萬華區西園路二段２７９之１號四樓,111/10/05,1055,37.1,28.43,公寓(5樓含以下無電梯),43,四層/五層,房地(土地+建物),3房2廳1衛,0,住家用,121.4921773,25.0252463,萬華區
臺北市萬華區昆明街３１８號六樓,111/10/05,1860,53.7,34.62,華廈(10層含以下有電梯),34,六層/七層,房地(土地+建物),3房2廳2衛,0,住家用,121.503255,25.0357208,萬華區
臺北市萬華區西園路二段２８１巷２８號五樓之２,111/10/04,1639,40.5,40.51,住宅大樓(11層含以上有電梯),22,五層/十三層,房地(土地+建物)+車位,3房2廳2衛,0,住家用,121.492271,25.0240842,萬華區
臺北市萬華區桂林路１０９號二十三樓之６,111/10/04,2188,73.3,37.64,住宅大樓(11層含以上有電梯),3,二十三層/二十四層,房地(土地+建物)+車位,2房2廳1衛,250,住家用,121.5008431,25.0385533,萬華區
臺北市萬華區康定路１６６號九樓之１,111/10/02,2860,66.9,44.2,住宅大樓(11層含以上有電梯),15,九層/十三層,房地(土地+建物)+車位,3房2廳2衛,150,住家用,121.5017855,25.0394543,萬華區
臺北市萬華區漢中街１６０號七樓之１０,111/10/02,1740,89.8,19.38,住宅大樓(11層含以上有電梯),1,七層/十五層,房地(土地+建物),1房1廳1衛,0,住家用,121.5065795,25.0412152,萬華區
臺北市萬華區成都路１０２號六樓之２,111/10/02,1390,67.3,20.65,住宅大樓(11層含以上有電梯),5,六層/二十二層,房地(土地+建物),1房1廳1衛,0,住家用,121.5022943,25.0434622,萬華區
臺北市萬華區國興路６６號五樓,111/10/01,901,64.6,13.94,住宅大樓(11層含以上有電梯),43,五層/十二層,房地(土地+建物),1房1廳1衛,0,住家用,121.5069248,25.0260771,萬華區
臺北市萬華區康定路１０３號六樓之１５,111/10/01,1020,65.8,15.5,住宅大樓(11層含以上有電梯),7,六層/二十六層,房地(土地+建物),1房0廳1衛,0,住家用,121.5021082,25.0394235,萬華區
臺北市萬華區國興路１９號十二樓之３,111/09/30,1700,55.4,30.69,住宅大樓(11層含以上有電梯),36,十二層/十二層,房地(土地+建物),3房2廳2衛,0,住家用,121.5053475,25.0267576,萬華區
臺北市萬華區國興路５２號八樓,111/09/29,1100,60.8,18.1,住宅大樓(11層含以上有電梯),43,八層/十二層,房地(土地+建物),2房1廳1衛,0,住家用,121.5073032,25.0256529,萬華區
臺北市萬華區武昌街二段７２號八樓之１５,111/09/29,550,60.5,9.08,住宅大樓(11層含以上有電梯),40,八層/十一層,房地(土地+建物),1房0廳1衛,0,住家用,121.5061696,25.0447933,萬華區
臺北市萬華區西園路二段３７２巷１５弄１２號四樓,111/09/29,448,29.4,15.22,公寓(5樓含以下無電梯),46,四層/五層,房地(土地+建物),2房1廳1衛,0,住家用,121.4910654,25.0265098,萬華區
臺北市萬華區康定路７４巷３弄６號二樓,111/09/29,898,42,21.38,公寓(5樓含以下無電梯),49,二層/四層,房地(土地+建物),2房2廳2衛,0,住家用,121.502024,25.042403,萬華區
臺北市萬華區貴陽街二段８２巷１號四樓,111/09/28,1470,50.5,29.13,公寓(5樓含以下無電梯),43,四層/五層,房地(土地+建物),4房1廳4衛,0,住家用,121.5037375,25.0395051,萬華區
臺北市萬華區長泰街２８２巷１１弄８號,111/09/27,1250,61.4,20.37,公寓(5樓含以下無電梯),53,一層/四層,房地(土地+建物),2房2廳1衛,0,住家用,121.493364,25.021645,萬華區
臺北市萬華區康定路１０３號十四樓之５,111/09/25,2020,59.9,33.73,住宅大樓(11層含以上有電梯),6,十四層/二十六層,房地(土地+建物)+車位,2房1廳1衛,0,住家用,121.5021082,25.0394235,萬華區
臺北市萬華區中華路二段５０４巷１８號三樓之２,111/09/25,1268,66.4,19.08,住宅大樓(11層含以上有電梯),43,三層/十二層,房地(土地+建物),3房1廳1衛,0,住家用,121.5078769,25.0253398,萬華區
臺北市萬華區武昌街二段１２４之２號六樓之２４,111/09/25,280,39.9,7.02,華廈(10層含以下有電梯),48,六層/九層,房地(土地+建物),1房1廳1衛,0,住家用,121.5038373,25.0453457,萬華區
臺北市萬華區德昌街１３４號三樓,111/09/25,620,38.2,16.24,公寓(5樓含以下無電梯),41,三層/五層,房地(土地+建物),2房1廳1衛,0,住家用,121.4965275,25.0242996,萬華區
臺北市萬華區大理街３０號三樓,111/09/24,1760,69.7,24.9,住宅大樓(11層含以上有電梯),7,三層/十四層,房地(土地+建物)+車位,2房2廳1衛,180,住家用,121.5016021,25.0345587,萬華區
臺北市萬華區萬大路４８６巷４８號四樓之８,111/09/24,1208,41.9,28.8,公寓(5樓含以下無電梯),36,四層/五層,房地(土地+建物),3房2廳2衛,0,住家用,121.495583,25.0207186,萬華區
臺北市萬華區桂林路２６號十一樓之３,111/09/23,3550,76.1,49.49,住宅大樓(11層含以上有電梯),8,十一層/十九層,房地(土地+建物)+車位,3房2廳2衛,130,住家用,121.5052812,25.0375835,萬華區
臺北市萬華區德昌街１８５巷７７號四樓,111/09/22,1230,43,28.63,公寓(5樓含以下無電梯),48,四層/四層,房地(土地+建物),2房2廳1衛,0,住家用,121.4929359,25.0221846,萬華區
臺北市萬華區寶興街１３６號四樓,111/09/22,1208,41.6,29.01,公寓(5樓含以下無電梯),41,四層/五層,房地(土地+建物),3房2廳1衛,0,住家用,121.4947488,25.0249061,萬華區
臺北市萬華區康定路１０３號五樓之１６,111/09/21,1265,63.2,20,住宅大樓(11層含以上有電梯),6,五層/二十六層,房地(土地+建物),1房1廳1衛,0,住家用,121.5021082,25.0394235,萬華區
臺北市萬華區艋舺大道４０５巷１４號,111/09/21,930,64.6,14.4,公寓(5樓含以下無電梯),55,一層/三層,房地(土地+建物),2房2廳1衛,0,住家用,121.4927333,25.0305034,萬華區
臺北市萬華區西藏路１９９巷２３號,111/09/20,510,32.7,15.59,公寓(5樓含以下無電梯),34,一層/五層,房地(土地+建物),1房1廳1衛,0,住家用,121.4999103,25.0285841,萬華區
臺北市萬華區大理街３０號三樓之２,111/09/20,1580,69.7,22.66,住宅大樓(11層含以上有電梯),7,三層/十四層,房地(土地+建物),2房2廳1衛,0,住家用,121.5015581,25.0345285,萬華區
臺北市萬華區寶興街３８巷１５號三樓,111/09/20,500,22.3,22.41,公寓(5樓含以下無電梯),50,三層/四層,房地(土地+建物),3房2廳1衛,0,住家用,121.4929162,25.0268495,萬華區
臺北市萬華區西寧南路１２５號九樓之３,111/09/19,3860,64.7,59.68,住宅大樓(11層含以上有電梯),10,九層/二十七層,房地(土地+建物)+車位,3房2廳2衛,0,住家用,121.506635,25.0444397,萬華區
臺北市萬華區桂林路１４９號六樓,111/09/19,2950,53.4,55.22,住宅大樓(11層含以上有電梯),13,六層/十九層,房地(土地+建物)+車位,3房2廳2衛,0,住家用,121.4981225,25.0386435,萬華區
臺北市萬華區萬大路４９３巷５０號三樓,111/09/19,1558,45.6,34.14,公寓(5樓含以下無電梯),36,三層/五層,房地(土地+建物),3房2廳2衛,0,住家用,121.4993928,25.0198553,萬華區
臺北市萬華區青年路６８巷３弄９之１號,111/09/19,1980,65.9,30.03,住宅大樓(11層含以上有電梯),40,一層/十二層,房地(土地+建物),3房2廳1衛,0,住家用,121.5020766,25.0243287,萬華區
臺北市萬華區環河南路一段６１號八樓之４,111/09/19,450,51.3,8.76,住宅大樓(11層含以上有電梯),27,八層/十二層,房地(土地+建物),1房1廳1衛,0,住家用,121.5023915,25.0452812,萬華區
臺北市萬華區萬大路３２２巷２１號、２１號二樓,111/09/18,452.3,0,10.19,透天厝,53,全/二層,房地(土地+建物),3房3廳2衛,0,住家用,121.4995408,25.0245641,萬華區
臺北市萬華區長順街１４巷１弄９號四樓,111/09/18,635,39.2,16.18,公寓(5樓含以下無電梯),55,四層/五層,房地(土地+建物),2房1廳1衛,0,住家用,121.4899725,25.0313797,萬華區
臺北市萬華區康定路１０５號二十四樓之１３,111/09/17,1500,66,25.1,住宅大樓(11層含以上有電梯),6,二十四層/二十六層,房地(土地+建物)+車位,1房1廳1衛,180,住家用,121.502326,25.03923,萬華區
臺北市萬華區環河南路二段３１號十八樓,111/09/16,1668,73,22.86,住宅大樓(11層含以上有電梯),2,十八層/二十四層,房地(土地+建物),2房2廳1衛,0,住家用,121.4976359,25.0390048,萬華區
臺北市萬華區康定路１０５號五樓之９,111/09/15,1970,62,37.95,住宅大樓(11層含以上有電梯),6,五層/二十六層,房地(土地+建物)+車位,3房2廳1衛,250,住家用,121.502326,25.03923,萬華區
臺北市萬華區寶興街１７７號二樓,111/09/15,970,50.5,19.22,公寓(5樓含以下無電梯),37,二層/五層,房地(土地+建物),2房2廳1衛,0,住家用,121.4957119,25.0232567,萬華區
臺北市萬華區國興路４號五樓,111/09/14,725,52,13.94,住宅大樓(11層含以上有電梯),43,五層/十二層,房地(土地+建物),2房1廳1衛,0,住家用,121.5088892,25.0249946,萬華區
臺北市萬華區永福街７５巷４號二樓,111/09/14,700,44,15.9,公寓(5樓含以下無電梯),52,二層/四層,房地(土地+建物),1房1廳1衛,0,住家用,121.5027569,25.0389054,萬華區
臺北市萬華區康定路１０５號二十四樓之１１,111/09/14,1050,66.6,15.76,住宅大樓(11層含以上有電梯),6,二十四層/二十六層,房地(土地+建物),0房1廳1衛,0,住家用,121.502326,25.03923,萬華區
臺北市萬華區萬大路４２３巷１１０號九樓,111/09/14,2650,61.3,43.23,住宅大樓(11層含以上有電梯),25,九層/十二層,房地(土地+建物)+車位,3房2廳2衛,0,住家用,121.502019,25.0219014,萬華區
臺北市萬華區康定路１０５號十七樓之６,111/09/14,1968,60.6,32.47,住宅大樓(11層含以上有電梯),6,十七層/二十六層,房地(土地+建物)+車位,2房1廳1衛,0,住家用,121.502326,25.03923,萬華區
臺北市萬華區昆明街４６號七樓之２９,111/09/13,598,63.2,9.46,華廈(10層含以下有電梯),35,七層/八層,房地(土地+建物),1房0廳1衛,0,住家用,121.505607,25.0463964,萬華區
臺北市萬華區華西街２１巷５之３號二樓,111/09/13,600,45.7,13.12,公寓(5樓含以下無電梯),51,二層/五層,房地(土地+建物),1房1廳1衛,0,住家用,121.4987309,25.038904,萬華區
臺北市萬華區康定路４６巷９號六樓之１,111/09/12,350,53.1,6.6,華廈(10層含以下有電梯),51,六層/七層,房地(土地+建物),1房0廳1衛,0,住家用,121.5020196,25.0432438,萬華區
臺北市萬華區環河南路二段３１號二十三樓,111/09/12,1692,74,22.86,住宅大樓(11層含以上有電梯),2,二十三層/二十四層,房地(土地+建物),2房2廳1衛,0,住家用,121.4976359,25.0390048,萬華區
臺北市萬華區中華路二段４１６巷８２號五樓之１,111/09/11,3550,64.2,55.28,住宅大樓(11層含以上有電梯),10,五層/十四層,房地(土地+建物)+車位,3房2廳2衛,0,住家用,121.5034408,25.0270513,萬華區
臺北市萬華區萬大路３３１號十三樓之１,111/09/11,3160,55,57.49,住宅大樓(11層含以上有電梯),26,十三層/十四層,房地(土地+建物)+車位,4房2廳2衛,250,住家用,121.5003867,25.0239617,萬華區
臺北市萬華區和平西路三段３０２巷３弄２１號三樓,111/09/10,800,39.9,20.04,公寓(5樓含以下無電梯),51,三層/四層,房地(土地+建物),3房1廳1衛,0,住家用,121.4923069,25.0350193,萬華區
臺北市萬華區中華路二段４號四樓之１,111/09/07,600,63.6,9.43,華廈(10層含以下有電梯),42,四層/七層,房地(土地+建物),1房1廳1衛,0,住家用,121.505548,25.0340754,萬華區
臺北市萬華區國興路１巷１５號十樓之４,111/09/06,500,16.5,30.22,住宅大樓(11層含以上有電梯),40,十層/十二層,房地(土地+建物),3房2廳1衛,0,住家用,121.5086519,25.023186,萬華區
臺北市萬華區萬大路４２３巷４２號十一樓,111/09/06,3030,52.9,57.26,住宅大樓(11層含以上有電梯),15,十一層/十四層,房地(土地+建物)+車位,3房2廳2衛,0,住家用,121.5012091,25.0215523,萬華區
臺北市萬華區長泰街２２８號二樓,111/09/04,1350,44.9,30.06,公寓(5樓含以下無電梯),44,二層/四層,房地(土地+建物),2房2廳1衛,0,住家用,121.4953504,25.0217376,萬華區
臺北市萬華區長泰街３１６巷２２號四樓,111/09/03,800,38.4,20.83,公寓(5樓含以下無電梯),53,四層/四層,房地(土地+建物),3房1廳1衛,0,住家用,121.4925085,25.0215953,萬華區
臺北市萬華區西寧南路２９３號三樓之１,111/09/02,1450,79,18.35,住宅大樓(11層含以上有電梯),6,三層/十三層,房地(土地+建物),1房1廳1衛,0,住家用,121.5064219,25.0387006,萬華區
臺北市萬華區廣州街８１巷１２號三樓,111/09/01,354,23.8,14.88,公寓(5樓含以下無電梯),50,三層/四層,房地(土地+建物),2房1廳1衛,0,住家用,121.5039067,25.0372633,萬華區
臺北市萬華區環河南路二段３１號二十一樓,111/08/31,1646,72,22.86,住宅大樓(11層含以上有電梯),2,二十一層/二十四層,房地(土地+建物),2房2廳1衛,0,住家用,121.4976359,25.0390048,萬華區
臺北市萬華區西園路二段２８１巷２７號二樓,111/08/31,1120,49.8,22.48,公寓(5樓含以下無電梯),53,二層/四層,房地(土地+建物),3房2廳2衛,0,住家用,121.4928027,25.0236331,萬華區
臺北市萬華區康定路２５９號九樓,111/08/31,2007,70,30.49,住宅大樓(11層含以上有電梯),1,九層/十五層,房地(土地+建物)+車位,1房1廳1衛,170,住家用,121.501288,25.0347022,萬華區
臺北市萬華區東園街３０號三樓之２,111/08/30,1700,63.2,28.83,華廈(10層含以下有電梯),3,三層/九層,房地(土地+建物)+車位,2房2廳1衛,180,住家用,121.495833,25.027052,萬華區
臺北市萬華區國興路９８號二樓,111/08/30,2118,56.9,37.22,華廈(10層含以下有電梯),32,二層/十層,房地(土地+建物),1房1廳2衛,0,住家用,121.5056823,25.0272338,萬華區
臺北市萬華區青年路１７８巷３０號二樓,111/08/30,250,36.9,6.78,公寓(5樓含以下無電梯),47,"二層,陽臺/五層",房地(土地+建物),1房1廳1衛,0,住家用,121.5021748,25.020096,萬華區
臺北市萬華區環河南路二段１９號二十樓,111/08/29,1960,71.7,27.32,住宅大樓(11層含以上有電梯),2,二十層/二十四層,房地(土地+建物),2房2廳1衛,0,住家用,121.497721,25.0392249,萬華區
臺北市萬華區西園路二段３２０巷３６弄３３號五樓,111/08/28,390,39.5,9.89,公寓(5樓含以下無電梯),51,五層/五層,房地(土地+建物),1房1廳1衛,0,住家用,121.4910785,25.0274038,萬華區
臺北市萬華區國興路１０２號九樓之３,111/08/28,2650,57.7,45.89,華廈(10層含以下有電梯),32,九層/十層,房地(土地+建物),4房2廳2衛,0,住家用,121.5054934,25.0273951,萬華區
臺北市萬華區國興路８６號八樓之１,111/08/27,2710,58.5,46.29,華廈(10層含以下有電梯),32,八層/十層,房地(土地+建物),4房2廳2衛,0,住家用,121.5060708,25.0267634,萬華區
臺北市萬華區環河南路二段２５號十八樓,111/08/27,2190,72.3,33.4,住宅大樓(11層含以上有電梯),2,十八層/二十四層,房地(土地+建物)+車位,2房2廳1衛,210,住家用,121.4976442,25.0390819,萬華區
臺北市萬華區萬大路９０巷５弄３號三樓,111/08/27,1300,39.4,33.03,公寓(5樓含以下無電梯),45,三層/四層,房地(土地+建物),2房2廳1衛,0,住家用,121.4997488,25.0302649,萬華區
臺北市萬華區青年路６８巷１４號四樓,111/08/27,538,57,9.43,公寓(5樓含以下無電梯),47,四層/五層,房地(土地+建物),2房1廳1衛,0,住家用,121.5021296,25.0234643,萬華區
臺北市萬華區康定路１０３號十八樓之１０,111/08/26,1100,69.7,15.77,住宅大樓(11層含以上有電梯),6,十八層/二十六層,房地(土地+建物),1房0廳1衛,0,住家用,121.5021082,25.0394235,萬華區
臺北市萬華區中華路二段４１６巷８２號六樓,111/08/26,3300,59.5,55.45,住宅大樓(11層含以上有電梯),10,六層/十四層,房地(土地+建物)+車位,3房2廳2衛,0,住家用,121.5034408,25.0270513,萬華區
臺北市萬華區青年路１６８巷２弄４２號四樓之１,111/08/26,800,52.4,15.27,公寓(5樓含以下無電梯),47,"四層,陽臺/五層",房地(土地+建物),2房1廳1衛,0,住家用,121.5018088,25.0203651,萬華區
臺北市萬華區大理街１７號三樓之２,111/08/26,960,67,14.34,華廈(10層含以下有電梯),13,三層/七層,房地(土地+建物),1房1廳1衛,0,住家用,121.5025819,25.0347541,萬華區
臺北市萬華區環河南路二段２５號五樓,111/08/25,1810,66.1,27.37,住宅大樓(11層含以上有電梯),2,五層/二十四層,房地(土地+建物),2房1廳1衛,0,住家用,121.4976442,25.0390819,萬華區
臺北市萬華區漢口街二段５５號七樓之１,111/08/24,340,45.6,7.45,住宅大樓(11層含以上有電梯),42,七層/十一層,房地(土地+建物),1房0廳1衛,0,住家用,121.5061691,25.0461263,萬華區
臺北市萬華區桂林路２４６巷４６號三樓,111/08/24,700,34.8,20.14,公寓(5樓含以下無電梯),48,三層/四層,房地(土地+建物),2房1廳1衛,0,住家用,121.4926646,25.0368306,萬華區
臺北市萬華區漢中街１７６號十三樓之６,111/08/23,1656,63.1,27.69,住宅大樓(11層含以上有電梯),18,十三層/十三層,房地(土地+建物)+車位,1房1廳1衛,150,住家用,121.506362,25.040967,萬華區
臺北市萬華區內江街９０號七樓,111/08/23,780,56.9,13.7,華廈(10層含以下有電梯),37,七層/九層,房地(土地+建物),1房1廳1衛,0,住家用,121.50385,25.041487,萬華區
臺北市萬華區長沙街二段１１６號十一樓,111/08/22,1880,50.8,36.98,住宅大樓(11層含以上有電梯),34,十一層/十一層,房地(土地+建物),3房2廳2衛,0,住家用,121.5038254,25.0403072,萬華區
臺北市萬華區廣州街６０號三樓,111/08/22,800,32.5,24.64,公寓(5樓含以下無電梯),50,"三層,陽臺/四層",房地(土地+建物),2房2廳1衛,0,住家用,121.503338,25.036402,萬華區
臺北市萬華區萬大路４２３巷２８弄５號六樓,111/08/21,2488,55.5,44.85,住宅大樓(11層含以上有電梯),24,六層/十四層,房地(土地+建物)+車位,3房2廳2衛,0,住家用,121.5004538,25.0202683,萬華區
臺北市萬華區康定路１０３號十三樓之１,111/08/21,1200,73.9,16.24,住宅大樓(11層含以上有電梯),6,十三層/二十六層,房地(土地+建物),1房1廳1衛,0,住家用,121.5021082,25.0394235,萬華區
臺北市萬華區環河南路一段２３號十一樓之１７,111/08/19,580,47.6,12.18,住宅大樓(11層含以上有電梯),39,十一層/十二層,房地(土地+建物),0房0廳1衛,0,住家用,121.5042303,25.046835,萬華區
臺北市萬華區環河南路三段１９號二樓,111/08/18,860,31.6,27.2,公寓(5樓含以下無電梯),52,二層/四層,房地(土地+建物),3房1廳1衛,0,住家用,121.4898184,25.027017,萬華區
臺北市萬華區大理街１６１之３號二樓,111/08/18,820,29.4,27.88,公寓(5樓含以下無電梯),41,二層/五層,房地(土地+建物),3房2廳1衛,0,住家用,121.495738,25.0340854,萬華區
臺北市萬華區武昌街二段１２４之２號七樓之１１,111/08/18,350,41.7,8.4,華廈(10層含以下有電梯),48,七層/九層,房地(土地+建物),1房0廳1衛,0,住家用,121.5038373,25.0453457,萬華區
臺北市萬華區西園路一段１６３號四樓,111/08/18,1150,51.1,22.5,公寓(5樓含以下無電梯),48,四層/四層,房地(土地+建物),2房1廳1衛,0,住家用,121.4994754,25.0349241,萬華區
臺北市萬華區西寧南路３０７號十一樓,111/08/17,1535,70.9,21.66,住宅大樓(11層含以上有電梯),6,十一層/十三層,房地(土地+建物),1房1廳1衛,0,住家用,121.5065246,25.038186,萬華區
臺北市萬華區康定路１０５號二十一樓之１２,111/08/16,1066,68.8,15.5,住宅大樓(11層含以上有電梯),6,二十一層/二十六層,房地(土地+建物),1房1廳1衛,0,住家用,121.502326,25.03923,萬華區
臺北市萬華區西園路二段３７２巷３弄５４號二樓,111/08/16,345.6,14.7,23.53,公寓(5樓含以下無電梯),44,二層/五層,房地(土地+建物),3房1廳1衛,0,住家用,121.4920202,25.0261384,萬華區
臺北市萬華區成都路１０６號八樓之１,111/08/16,1300,68.2,19.06,住宅大樓(11層含以上有電梯),15,八層/十四層,房地(土地+建物)+車位,1房1廳1衛,0,住家用,121.502096,25.0435909,萬華區
臺北市萬華區萬大路１８７巷４５號二樓,111/08/16,500,36,13.88,公寓(5樓含以下無電梯),47,二層/五層,房地(土地+建物),2房1廳1衛,0,住家用,121.5018316,25.0283039,萬華區
臺北市萬華區長泰街２８２巷１３弄９號二樓,111/08/15,650,28.9,22.47,公寓(5樓含以下無電梯),53,二層/四層,房地(土地+建物),2房1廳1衛,0,住家用,121.4932417,25.0217154,萬華區
臺北市萬華區長沙街二段６１號十樓,111/08/15,2280,58,41.52,住宅大樓(11層含以上有電梯),11,十層/十五層,房地(土地+建物)+車位,5房2廳2衛,150,住家用,121.5054609,25.0406829,萬華區
臺北市萬華區寶興街１６２號三樓,111/08/15,1030,43.4,23.73,公寓(5樓含以下無電梯),45,三層/五層,房地(土地+建物),3房2廳1衛,0,住家用,121.4950362,25.024237,萬華區
臺北市萬華區康定路１０５號二十一樓之５,111/08/13,1868,57.1,32.7,住宅大樓(11層含以上有電梯),6,二十一層/二十六層,房地(土地+建物)+車位,2房1廳1衛,0,住家用,121.502326,25.03923,萬華區
臺北市萬華區萬大路４２４巷１０８號四樓,111/08/13,1650,48.4,34.06,公寓(5樓含以下無電梯),43,四層/五層,房地(土地+建物),4房2廳3衛,0,住家用,121.4954695,25.0212661,萬華區
臺北市萬華區東園街６６巷７弄１４之３號三樓,111/08/12,1000,44.1,22.67,公寓(5樓含以下無電梯),26,三層/五層,房地(土地+建物),3房1廳1衛,0,住家用,121.4957814,25.0262076,萬華區
臺北市萬華區中華路二段４１６巷１９號八樓之２,111/08/12,426,11.2,37.9,住宅大樓(11層含以上有電梯),35,八層/十二層,房地(土地+建物),3房2廳1衛,0,住家用,121.503621,25.02655,萬華區
臺北市萬華區萬大路３４４巷３８號八樓之５,111/08/12,3090,60.5,51.06,住宅大樓(11層含以上有電梯),8,八層/二十六層,房地(土地+建物)+車位,3房2廳2衛,0,住家用,121.498431,25.0240402,萬華區
臺北市萬華區長順街１４巷１弄１９號四樓,111/08/12,510,31.5,16.18,公寓(5樓含以下無電梯),55,四層/五層,房地(土地+建物),2房1廳1衛,0,住家用,121.4897282,25.0315174,萬華區
臺北市萬華區環河南路二段１９號二十一樓,111/08/11,2200,72.5,33.36,住宅大樓(11層含以上有電梯),2,二十一層/二十四層,房地(土地+建物)+車位,2房2廳1衛,218,住家用,121.497721,25.0392249,萬華區
臺北市萬華區昆明街４６號八樓之３２,111/08/11,620,55.6,11.15,華廈(10層含以下有電梯),35,八層/八層,房地(土地+建物),1房0廳1衛,0,住家用,121.505607,25.0463964,萬華區
臺北市萬華區環河南路二段２９號二十一樓,111/08/10,1981,73,27.14,住宅大樓(11層含以上有電梯),2,二十一層/二十四層,房地(土地+建物),2房2廳1衛,0,住家用,121.4976373,25.0390378,萬華區
臺北市萬華區昆明街４６號五樓之５２,111/08/10,980,58.8,16.68,華廈(10層含以下有電梯),35,五層/八層,房地(土地+建物),1房1廳1衛,0,住家用,121.505607,25.0463964,萬華區
臺北市萬華區德昌街２７２巷７號五樓,111/08/10,92,14.3,6.42,公寓(5樓含以下無電梯),36,五層/五層,房地(土地+建物),2房2廳2衛,0,住家用,121.4918643,25.0234025,萬華區
臺北市萬華區莒光路３３７號十二樓,111/08/09,5121,75,78.48,住宅大樓(11層含以上有電梯),5,十二層/十五層,房地(土地+建物)+車位,4房2廳2衛,490,住家用,121.4972481,25.0309253,萬華區
臺北市萬華區莒光路１５３巷２３號四樓,111/08/09,630,26.8,23.49,公寓(5樓含以下無電梯),46,四層/五層,房地(土地+建物),2房1廳1衛,0,住家用,121.5030829,25.0304652,萬華區
臺北市萬華區環河南路二段１６１號四樓之３,111/08/09,1145,41.8,27.41,住宅大樓(11層含以上有電梯),42,四層/十二層,房地(土地+建物),2房1廳1衛,0,住家用,121.4926265,25.0331713,萬華區
臺北市萬華區康定路１０５號十三樓之１３,111/08/09,1030,65.3,15.76,住宅大樓(11層含以上有電梯),6,十三層/二十六層,房地(土地+建物),1房1廳1衛,0,住家用,121.502326,25.03923,萬華區
臺北市萬華區康定路１０３號十九樓之３,111/08/08,2280,58.4,39.05,住宅大樓(11層含以上有電梯),6,十九層/二十六層,房地(土地+建物)+車位,2房2廳1衛,0,住家用,121.5021082,25.0394235,萬華區
臺北市萬華區環河南路二段１５７號九樓,111/08/07,1430,54.6,26.2,住宅大樓(11層含以上有電梯),42,九層/十二層,房地(土地+建物),3房2廳1衛,0,住家用,121.4929364,25.0334696,萬華區
臺北市萬華區西昌街１４２號十一樓,111/08/07,1200,47.7,26.83,住宅大樓(11層含以上有電梯),28,十一層/十一層,房地(土地+建物)+車位,2房2廳1衛,150,住家用,121.500517,25.038972,萬華區
臺北市萬華區環河南路一段７１號九樓之２７,111/08/07,225,38.9,5.78,住宅大樓(11層含以上有電梯),45,九層/十二層,房地(土地+建物),1房0廳1衛,0,住家用,121.5019162,25.0450001,萬華區
臺北市萬華區康定路１０５號二十樓之７,111/08/06,1700,67,31.84,住宅大樓(11層含以上有電梯),6,二十層/二十六層,房地(土地+建物)+車位,2房1廳1衛,250,住家用,121.502326,25.03923,萬華區
臺北市萬華區中華路二段５２０號十樓,111/08/06,1225,67.7,18.1,住宅大樓(11層含以上有電梯),43,十層/十二層,房地(土地+建物),2房1廳1衛,0,住家用,121.508206,25.025521,萬華區
臺北市萬華區武成街５６巷１０號四樓,111/08/05,900,46.1,19.53,公寓(5樓含以下無電梯),46,四層/四層,房地(土地+建物),4房1廳2衛,0,住家用,121.4951118,25.0191101,萬華區
臺北市萬華區昆明街４６號五樓之３９,111/08/05,1210,56.3,21.5,華廈(10層含以下有電梯),35,五層/八層,房地(土地+建物),2房2廳1衛,0,住家用,121.505607,25.0463964,萬華區
臺北市萬華區萬大路４２３巷７１號五樓,111/08/05,650,19,34.21,公寓(5樓含以下無電梯),37,五層/五層,房地(土地+建物),2房2廳2衛,0,住家用,121.5009372,25.0216756,萬華區
臺北市萬華區和平西路三段３８２巷２弄３號五樓,111/08/04,560,43,13.03,公寓(5樓含以下無電梯),46,五層/五層,房地(土地+建物),3房0廳3衛,0,住家用,121.4913214,25.035031,萬華區
臺北市萬華區環河南路一段７１號二樓之１２,111/08/03,480,36,13.34,住宅大樓(11層含以上有電梯),45,二層/十二層,房地(土地+建物),1房1廳1衛,0,住家用,121.5019162,25.0450001,萬華區
臺北市萬華區萬大路４８６巷１１弄７號四樓,111/08/03,1300,44.6,29.14,公寓(5樓含以下無電梯),44,四層/五層,房地(土地+建物),4房0廳2衛,0,住家用,121.4967808,25.0195105,萬華區
臺北市萬華區中華路二段４１６巷５２號十四樓,111/08/02,3360,63.9,52.56,住宅大樓(11層含以上有電梯),9,十四層/十四層,房地(土地+建物)+車位,3房2廳2衛,0,住家用,121.5043292,25.0272593,萬華區
臺北市萬華區萬大路１５３號五樓,111/08/02,536,57.3,9.36,公寓(5樓含以下無電梯),47,五層/五層,房地(土地+建物),1房1廳1衛,0,住家用,121.500728,25.0286355,萬華區
臺北市萬華區長沙街二段１１４號十一樓,111/08/02,1880,50.9,36.92,住宅大樓(11層含以上有電梯),34,十一層/十一層,房地(土地+建物),3房2廳2衛,0,住家用,121.5038944,25.0403021,萬華區
臺北市萬華區萬大路３４４巷３６號二十六樓之２,111/08/01,4800,56.6,84.76,住宅大樓(11層含以上有電梯),7,二十六層/二十六層,房地(土地+建物)+車位,4房3廳3衛,0,住家用,121.4984773,25.0239961,萬華區
臺北市萬華區萬大路４２３巷２０弄６號二樓,111/08/01,1200,48.8,24.59,公寓(5樓含以下無電梯),44,二層/四層,房地(土地+建物),3房2廳1衛,0,住家用,121.4993439,25.0210215,萬華區
臺北市萬華區桂林路１４７號十五樓,111/07/31,3020,62,53.3,住宅大樓(11層含以上有電梯),12,十五層/十九層,房地(土地+建物)+車位,3房2廳2衛,180,住家用,121.4980361,25.0386306,萬華區
臺北市萬華區國興路１９號二樓之１,111/07/31,1668,64.4,25.91,住宅大樓(11層含以上有電梯),35,二層/十二層,房地(土地+建物),3房2廳1衛,0,住家用,121.5053475,25.0267576,萬華區
臺北市萬華區中華路二段４１６巷１３號十二樓之４,111/07/30,1300,42.1,30.87,住宅大樓(11層含以上有電梯),35,十二層/十二層,房地(土地+建物),2房1廳1衛,0,住家用,121.5040525,25.0269677,萬華區
臺北市萬華區中華路二段５０４巷５５號三樓,111/07/30,780,56,13.94,住宅大樓(11層含以上有電梯),43,三層/十二層,房地(土地+建物),2房1廳1衛,0,住家用,121.508044,25.024768,萬華區
臺北市萬華區萬大路１３７巷４５號二樓,111/07/30,660,59.3,11.12,公寓(5樓含以下無電梯),47,二層/五層,房地(土地+建物),1房1廳1衛,0,住家用,121.5016317,25.0292237,萬華區
臺北市萬華區環河南路二段２９號二十樓,111/07/30,2120,71.3,33.17,住宅大樓(11層含以上有電梯),2,二十層/二十四層,房地(土地+建物)+車位,2房2廳1衛,185,住家用,121.4976373,25.0390378,萬華區
臺北市萬華區長泰街７５號三樓,111/07/30,350,43.4,8.07,公寓(5樓含以下無電梯),46,三層/五層,房地(土地+建物),4房2廳1衛,0,住家用,121.4997272,25.0226551,萬華區
臺北市萬華區雙園街１２２巷１３號,111/07/29,800,63,12.71,公寓(5樓含以下無電梯),53,一層/二層,房地(土地+建物),1房2廳1衛,0,住家用,121.4922961,25.0309385,萬華區
臺北市萬華區長沙街二段７０號七樓,111/07/29,2230,51.8,43.06,住宅大樓(11層含以上有電梯),29,七層/十一層,房地(土地+建物),3房2廳2衛,0,住家用,121.5054,25.040461,萬華區
臺北市萬華區西園路二段２８１巷２８號四樓,111/07/28,1100,24.3,45.3,住宅大樓(11層含以上有電梯),22,四層/十三層,房地(土地+建物)+車位,3房2廳2衛,0,住家用,121.492271,25.0240842,萬華區
臺北市萬華區和平西路三段３８４號八樓之２,111/07/28,395,44.2,8.94,華廈(10層含以下有電梯),41,八層/八層,房地(土地+建物),1房0廳1衛,0,住家用,121.4913711,25.0353259,萬華區
臺北市萬華區成都路１０６號六樓之２,111/07/28,1250,65.6,19.06,住宅大樓(11層含以上有電梯),15,六層/十四層,房地(土地+建物)+車位,2房1廳1衛,0,住家用,121.502096,25.0435909,萬華區
臺北市萬華區桂林路２４６巷１６號三樓,111/07/28,630,43.2,14.6,公寓(5樓含以下無電梯),43,三層/四層,房地(土地+建物),1房1廳1衛,0,住家用,121.4935315,25.0372645,萬華區
臺北市萬華區康定路５６巷３弄１號二樓,111/07/27,700,44.6,15.71,公寓(5樓含以下無電梯),53,二層/四層,房地(土地+建物),2房1廳1衛,0,住家用,121.5020639,25.0427736,萬華區
臺北市萬華區桂林路１０９號七樓之６,111/07/27,3380,66.7,57.67,住宅大樓(11層含以上有電梯),3,七層/二十四層,房地(土地+建物)+車位,3房2廳2衛,280,住家用,121.5008431,25.0385533,萬華區
臺北市萬華區西園路二段１４７號九樓,111/07/27,3390,46.3,73.15,住宅大樓(11層含以上有電梯),11,九層/十一層,房地(土地+建物)+車位,4房2廳2衛,270,住家用,121.4961929,25.0294569,萬華區
臺北市萬華區萬青街２０２號十樓,111/07/26,3908,62.5,62.53,住宅大樓(11層含以上有電梯),18,十層/十二層,房地(土地+建物)+車位,4房2廳2衛,0,住家用,121.5013883,25.0224264,萬華區
臺北市萬華區西寧南路３０７號十二樓,111/07/26,1600,81.5,19.63,住宅大樓(11層含以上有電梯),6,十二層/十三層,房地(土地+建物),1房1廳1衛,0,住家用,121.5065246,25.038186,萬華區
臺北市萬華區東園街３０號二樓,111/07/25,1000,42.3,23.65,華廈(10層含以下有電梯),2,二層/九層,房地(土地+建物),2房1廳1衛,0,住家用,121.495833,25.027052,萬華區
臺北市萬華區康定路１０３號十二樓之６,111/07/25,1290,49.7,25.96,住宅大樓(11層含以上有電梯),6,十二層/二十六層,房地(土地+建物)+車位,1房1廳1衛,0,住家用,121.5021082,25.0394235,萬華區
臺北市萬華區國興路８號六樓,111/07/25,1100,57.6,19.08,住宅大樓(11層含以上有電梯),43,六層/十二層,房地(土地+建物),3房2廳1衛,0,住家用,121.508824,25.024968,萬華區
臺北市萬華區中華路二段３６４巷１弄４號六樓,111/07/25,2550,62.8,40.63,華廈(10層含以下有電梯),31,六層/十層,房地(土地+建物),3房2廳2衛,0,住家用,121.5046543,25.0286514,萬華區
臺北市萬華區桂林路１０９號十九樓之７,111/07/24,2072,68.7,30.16,住宅大樓(11層含以上有電梯),3,十九層/二十四層,房地(土地+建物)+車位,2房1廳1衛,0,住家用,121.5008431,25.0385533,萬華區
臺北市萬華區長泰街７３巷２７弄１號二樓,111/07/24,1158,40.6,28.55,公寓(5樓含以下無電梯),41,二層/五層,房地(土地+建物),3房1廳2衛,0,住家用,121.5003469,25.0219528,萬華區
臺北市萬華區康定路１０５號五樓之２,111/07/23,1500,65.7,22.85,住宅大樓(11層含以上有電梯),6,五層/二十六層,房地(土地+建物),2房1廳1衛,0,住家用,121.502326,25.03923,萬華區
臺北市萬華區桂林路１２８號三樓之６,111/07/23,1820,72.3,25.16,住宅大樓(11層含以上有電梯),6,三層/二十一層,房地(土地+建物),2房1廳1衛,0,住家用,121.4990209,25.0383801,萬華區
臺北市萬華區漢口街二段５１號九樓之８,111/07/23,2080,62.9,33.08,住宅大樓(11層含以上有電梯),10,九層/十五層,房地(土地+建物)+車位,2房1廳1衛,0,住家用,121.5064086,25.0458997,萬華區
臺北市萬華區環河南路二段１４９巷１號二樓,111/07/23,920,48.4,18.99,住宅大樓(11層含以上有電梯),42,二層/十二層,房地(土地+建物),2房2廳1衛,0,住家用,121.4930932,25.0335956,萬華區
臺北市萬華區青年路３０巷２號三樓,111/07/22,680,67.6,10.06,住宅大樓(11層含以上有電梯),35,三層/十二層,房地(土地+建物),3房2廳2衛,0,住家用,121.504539,25.026091,萬華區
臺北市萬華區萬大路２７７巷１４弄１６號二樓,111/07/22,3055,62.3,57.23,華廈(10層含以下有電梯),14,二層/九層,房地(土地+建物)+車位,3房2廳2衛,250,住家用,121.5009201,25.0248765,萬華區
臺北市萬華區桂林路２６號十一樓,111/07/21,2145,74,28.99,住宅大樓(11層含以上有電梯),8,十一層/十九層,房地(土地+建物),2房2廳1衛,0,住家用,121.5052812,25.0375835,萬華區
臺北市萬華區漢口街二段５１號十一樓之５,111/07/20,1950,71.2,27.4,住宅大樓(11層含以上有電梯),10,十一層/十五層,房地(土地+建物),2房1廳1衛,0,住家用,121.5064086,25.0458997,萬華區
臺北市萬華區國興路１巷７號八樓之１,111/07/20,630,40.9,15.39,住宅大樓(11層含以上有電梯),40,八層/十二層,房地(土地+建物),3房2廳1衛,0,住家用,121.5093329,25.0239818,萬華區
臺北市萬華區西園路二段２８１巷６弄４３號,111/07/20,1950,0,22.78,透天厝,54,全/二層,房地(土地+建物),3房1廳1衛,0,住家用,121.4915895,25.0240382,萬華區
臺北市萬華區康定路１０３號七樓之２,111/07/19,1720,65.2,29.03,住宅大樓(11層含以上有電梯),6,七層/二十六層,房地(土地+建物)+車位,1房1廳1衛,160,住家用,121.5021082,25.0394235,萬華區
臺北市萬華區康定路１０３號六樓之１３,111/07/19,1038,65.8,15.76,住宅大樓(11層含以上有電梯),6,六層/二十六層,房地(土地+建物),1房1廳1衛,0,住家用,121.5021082,25.0394235,萬華區
臺北市萬華區貴陽街二段８２巷６之２號,111/07/18,1725,40.6,42.5,公寓(5樓含以下無電梯),52,三層/四層,房地(土地+建物),3房1廳3衛,0,住家用,121.5034746,25.0393336,萬華區
臺北市萬華區環河南路二段２４０之１號五樓,111/07/18,294,18.5,15.89,華廈(10層含以下有電梯),39,五層/七層,房地(土地+建物),2房1廳1衛,0,住家用,121.4923104,25.0334131,萬華區
臺北市萬華區萬大路４４９巷２７之１號四樓,111/07/17,554,33.4,16.6,公寓(5樓含以下無電梯),41,四層/五層,房地(土地+建物),3房1廳2衛,0,住家用,121.499389,25.020461,萬華區
臺北市萬華區青年路３０巷４號十二樓之２,111/07/16,1860,58.5,31.8,住宅大樓(11層含以上有電梯),35,十二層/十二層,房地(土地+建物),2房2廳2衛,0,住家用,121.504222,25.026338,萬華區
臺北市萬華區國興路１巷７號八樓之４,111/07/16,1720,56.9,30.22,住宅大樓(11層含以上有電梯),40,八層/十二層,房地(土地+建物),3房2廳1衛,0,住家用,121.5093329,25.0239818,萬華區
臺北市萬華區西藏路１２５巷５號十一樓之２,111/07/15,1950,66.4,29.37,住宅大樓(11層含以上有電梯),42,十一層/十二層,房地(土地+建物),3房2廳2衛,0,住家用,121.5023442,25.0290632,萬華區
臺北市萬華區武成街１０１巷１４號四樓,111/07/15,1110,45.5,24.37,公寓(5樓含以下無電梯),53,四層/四層,房地(土地+建物),2房1廳1衛,0,住家用,121.4938208,25.0191137,萬華區
臺北市萬華區漢口街二段５１號十四樓之２,111/07/14,2050,62,33.08,住宅大樓(11層含以上有電梯),10,十四層/十五層,房地(土地+建物)+車位,2房2廳1衛,0,住家用,121.5064086,25.0458997,萬華區
臺北市萬華區雅江街２３巷４號四樓,111/07/14,620,45,13.79,公寓(5樓含以下無電梯),50,四層/四層,房地(土地+建物),2房1廳1衛,0,住家用,121.5016694,25.0429442,萬華區
臺北市萬華區康定路１０３號十二樓之５,111/07/13,1800,76.4,23.56,住宅大樓(11層含以上有電梯),6,十二層/二十六層,房地(土地+建物),2房2廳1衛,0,住家用,121.5021082,25.0394235,萬華區
臺北市萬華區青年路１７８巷５２號四樓,111/07/13,100,25.3,3.96,公寓(5樓含以下無電梯),47,四層/五層,房地(土地+建物),1房1廳1衛,0,住家用,121.501872,25.01954,萬華區
臺北市萬華區青年路１６８巷４９弄５９號五樓,111/07/13,550,47,11.69,公寓(5樓含以下無電梯),47,五層/五層,房地(土地+建物),1房1廳1衛,0,住家用,121.5023751,25.019545,萬華區
臺北市萬華區中華路二段４１６巷７號三樓之３,111/07/12,1758,64.7,27.15,住宅大樓(11層含以上有電梯),35,三層/十二層,房地(土地+建物),3房1廳1衛,0,住家用,121.5048016,25.0268433,萬華區
臺北市萬華區國興路５８號十二樓,111/07/10,1260,69.6,18.1,住宅大樓(11層含以上有電梯),43,十二層/十二層,房地(土地+建物),2房1廳1衛,0,住家用,121.5071442,25.0257969,萬華區
臺北市萬華區國興路１６號九樓,111/07/10,1040,57.5,18.1,住宅大樓(11層含以上有電梯),43,九層/十二層,房地(土地+建物),2房2廳1衛,0,住家用,121.5085427,25.0246715,萬華區
臺北市萬華區環河南路二段１２５巷１５弄２號五樓,111/07/10,930,37.7,24.66,公寓(5樓含以下無電梯),36,五層/五層,房地(土地+建物),2房1廳1衛,0,住家用,121.4941376,25.0339755,萬華區
臺北市萬華區康定路１０３號九樓之８,111/07/10,1400,72,19.43,住宅大樓(11層含以上有電梯),6,九層/二十六層,房地(土地+建物),2房1廳1衛,0,住家用,121.5021082,25.0394235,萬華區
臺北市萬華區華西街１７之４號六樓之４,111/07/10,323,35.9,9.01,華廈(10層含以下有電梯),40,六層/八層,房地(土地+建物),1房1廳1衛,0,住家用,121.4983825,25.0370335,萬華區
臺北市萬華區開封街二段１２號四樓之１,111/07/09,2850,80.3,35.51,住宅大樓(11層含以上有電梯),14,四層/十四層,房地(土地+建物)+車位,3房2廳2衛,200,住家用,121.5086999,25.0460288,萬華區
臺北市萬華區西園路二段２８１巷２８號五樓,111/07/09,2408,53.2,45.3,住宅大樓(11層含以上有電梯),22,五層/十三層,房地(土地+建物)+車位,3房2廳2衛,0,住家用,121.492271,25.0240842,萬華區
臺北市萬華區民和街８１巷７號八樓,111/07/09,2610,67.4,45.66,住宅大樓(11層含以上有電梯),4,八層/十三層,房地(土地+建物)+車位,3房1廳2衛,250,住家用,121.4983556,25.0254577,萬華區
臺北市萬華區和平西路三段２６１號四樓之９,111/07/09,910,35.5,25.62,公寓(5樓含以下無電梯),50,四層/四層,房地(土地+建物),3房2廳1衛,0,住家用,121.494432,25.035785,萬華區
臺北市萬華區萬大路１９０號三樓,111/07/08,1700,50.5,33.69,華廈(10層含以下有電梯),37,三層/七層,房地(土地+建物),3房2廳2衛,0,住家用,121.5003264,25.0276563,萬華區
臺北市萬華區西寧南路２９１號十樓,111/07/08,1470,79.9,18.4,住宅大樓(11層含以上有電梯),5,十層/十三層,房地(土地+建物),1房1廳1衛,0,住家用,121.5064319,25.0387907,萬華區
臺北市萬華區國興路１巷２號九樓之１,111/07/07,1718,55.8,30.78,住宅大樓(11層含以上有電梯),40,九層/十二層,房地(土地+建物),3房2廳1衛,0,住家用,121.5088074,25.0242964,萬華區
臺北市萬華區漢口街二段５５號九樓,111/07/06,532,58.4,9.11,住宅大樓(11層含以上有電梯),42,九層/十一層,房地(土地+建物),1房0廳1衛,0,住家用,121.5061256,25.0459376,萬華區
臺北市萬華區青年路１５２巷４７號五樓,111/07/06,350,30.2,11.59,公寓(5樓含以下無電梯),47,五層/五層,房地(土地+建物),1房1廳1衛,0,住家用,121.5012347,25.0200015,萬華區
臺北市萬華區中華路二段４１６巷７號五樓之１,111/07/05,2200,61.6,35.69,住宅大樓(11層含以上有電梯),35,五層/十二層,房地(土地+建物),3房2廳2衛,0,住家用,121.5048016,25.0268433,萬華區
臺北市萬華區和平西路三段３８４號八樓之１７,111/07/05,285,36.9,7.72,華廈(10層含以下有電梯),41,八層/八層,房地(土地+建物),1房0廳1衛,0,住家用,121.4913711,25.0353259,萬華區
臺北市萬華區萬大路２７７巷３３弄２號二樓之３,111/07/04,1800,53.6,33.6,華廈(10層含以下有電梯),38,二層/七層,房地(土地+建物),3房2廳1衛,0,住家用,121.5019148,25.0255668,萬華區
臺北市萬華區西園路一段１３６巷１６弄１５號四樓,111/07/04,1300,34.5,37.66,公寓(5樓含以下無電梯),36,四層/五層,房地(土地+建物),3房2廳2衛,0,住家用,121.498722,25.0377329,萬華區
臺北市萬華區和平西路三段３４３號四樓,111/07/03,1126,46.8,24.04,公寓(5樓含以下無電梯),46,四層/四層,房地(土地+建物),1房2廳1衛,0,住家用,121.4924209,25.0356623,萬華區
臺北市萬華區環河南路二段１５７號七樓之２,111/07/02,990,48.6,20.35,住宅大樓(11層含以上有電梯),42,七層/十二層,房地(土地+建物),2房2廳1衛,0,住家用,121.4929364,25.0334696,萬華區
臺北市萬華區開封街二段６６之４號十一樓,111/07/02,1350,57.1,23.63,住宅大樓(11層含以上有電梯),27,十一層/十六層,房地(土地+建物),2房1廳1衛,0,住家用,121.5061591,25.0466878,萬華區
臺北市萬華區康定路４６巷９號三樓之１,111/07/02,320,50.6,6.33,華廈(10層含以下有電梯),51,三層/七層,房地(土地+建物),1房1廳1衛,0,住家用,121.5020196,25.0432438,萬華區
臺北市萬華區和平西路三段２９２號四樓,111/07/02,1388,42.7,32.47,公寓(5樓含以下無電梯),47,四層/四層,房地(土地+建物),4房2廳2衛,0,住家用,121.4945124,25.0351961,萬華區
臺北市萬華區中華路二段３６４巷１５號十樓之３,111/07/01,3217.9,66.5,48.36,住宅大樓(11層含以上有電梯),9,十層/十四層,房地(土地+建物)+車位,3房2廳2衛,0,住家用,121.5040653,25.0283541,萬華區
臺北市萬華區青年路１６８巷４９弄４３號二樓,111/07/01,530,39.1,13.56,公寓(5樓含以下無電梯),47,"二層,陽臺/五層",房地(土地+建物),1房0廳1衛,0,住家用,121.5014402,25.0195478,萬華區
臺北市萬華區青年路６８巷１６號五樓,111/06/30,580,52.1,11.12,公寓(5樓含以下無電梯),47,五層/五層,房地(土地+建物),2房1廳1衛,0,住家用,121.5021326,25.0234034,萬華區
臺北市萬華區梧州街２１號七樓之４,111/06/30,1060,39.7,26.72,華廈(10層含以下有電梯),28,七層/十層,房地(土地+建物),3房1廳1衛,0,住家用,121.4977699,25.0378039,萬華區
臺北市萬華區環河南路二段２７號二十一樓,111/06/30,3500,73.8,55.41,住宅大樓(11層含以上有電梯),2,二十一層/二十四層,房地(土地+建物)+車位,3房2廳2衛,300,住家用,121.4976387,25.0390718,萬華區
臺北市萬華區莒光路２９９巷９號二樓,111/06/30,600,23.5,25.51,公寓(5樓含以下無電梯),39,二層/五層,房地(土地+建物),3房1廳1衛,0,住家用,121.4992658,25.0305673,萬華區
臺北市萬華區桂林路１０９號二十樓之２,111/06/29,1847,70.9,26.05,住宅大樓(11層含以上有電梯),3,二十層/二十四層,房地(土地+建物),2房1廳1衛,0,住家用,121.5008431,25.0385533,萬華區
臺北市萬華區康定路８２號十五樓之３,111/06/29,2988,69.7,42.88,住宅大樓(11層含以上有電梯),9,十五層/十五層,房地(土地+建物),2房2廳2衛,0,住家用,121.502224,25.0420629,萬華區
臺北市萬華區中華路二段５０４巷４７號四樓,111/06/27,1200,66.3,18.1,住宅大樓(11層含以上有電梯),43,四層/十二層,房地(土地+建物),2房2廳2衛,0,住家用,121.508348,25.0246459,萬華區
臺北市萬華區西園路二段３２６號二樓,111/06/27,1000,42.2,23.69,公寓(5樓含以下無電梯),45,二層/五層,房地(土地+建物),3房2廳2衛,0,住家用,121.4921589,25.0258908,萬華區
臺北市萬華區西園路一段８０號十五樓之３,111/06/27,2460,50,49.23,住宅大樓(11層含以上有電梯),15,十五層/十五層,房地(土地+建物),1房2廳1衛,0,住家用,121.4997304,25.0392181,萬華區
臺北市萬華區華西街１７之４號六樓之３,111/06/26,375,34.6,10.84,華廈(10層含以下有電梯),40,六層/八層,房地(土地+建物),1房1廳1衛,0,住家用,121.4983825,25.0370335,萬華區
臺北市萬華區大理街３０號七樓之１,111/06/26,1428,78.8,18.12,住宅大樓(11層含以上有電梯),7,七層/十四層,房地(土地+建物),2房1廳1衛,0,住家用,121.5016021,25.0345587,萬華區
臺北市萬華區寶興街１４０巷１９之２號四樓,111/06/26,918,41.6,22.08,公寓(5樓含以下無電梯),44,四層/五層,房地(土地+建物),2房2廳1衛,0,住家用,121.4939191,25.0239942,萬華區
臺北市萬華區康定路１０３號六樓之１６,111/06/26,1480,63,30.2,住宅大樓(11層含以上有電梯),6,六層/二十六層,房地(土地+建物)+車位,1房1廳1衛,220,住家用,121.5021082,25.0394235,萬華區
臺北市萬華區中華路二段５０４巷１４號二樓,111/06/26,1140,64.5,17.66,住宅大樓(11層含以上有電梯),43,二層/十二層,房地(土地+建物),2房1廳1衛,0,住家用,121.5075121,25.0256487,萬華區
臺北市萬華區隆昌街３６號四樓之３,111/06/25,420,43.8,9.58,公寓(5樓含以下無電梯),45,四層/五層,房地(土地+建物),1房0廳1衛,0,住家用,121.5051686,25.0411769,萬華區
臺北市萬華區康定路１０３號十一樓之３,111/06/25,2250,70.8,39.14,住宅大樓(11層含以上有電梯),6,十一層/二十六層,房地(土地+建物)+車位,2房2廳1衛,200,住家用,121.5021082,25.0394235,萬華區
臺北市萬華區萬大路２７７巷３７弄１號五樓之１,111/06/24,2200,58.3,37.73,華廈(10層含以下有電梯),38,五層/七層,房地(土地+建物),3房2廳2衛,0,住家用,121.5023569,25.0256641,萬華區
臺北市萬華區興義街４９號四樓,111/06/24,1220,42.9,28.45,公寓(5樓含以下無電梯),52,四層/四層,房地(土地+建物),3房2廳1衛,0,住家用,121.4915976,25.0263834,萬華區
臺北市萬華區西寧南路１２５號十二樓之３,111/06/24,4080,78.2,57.64,住宅大樓(11層含以上有電梯),10,十二層/二十七層,房地(土地+建物)+車位,3房2廳2衛,400,住家用,121.506635,25.0444397,萬華區
臺北市萬華區大理街２０巷１４號二樓,111/06/23,952,42.9,22.18,公寓(5樓含以下無電梯),38,二層/五層,房地(土地+建物),3房2廳2衛,0,住家用,121.502184,25.0338423,萬華區
臺北市萬華區桂林路１２８號三樓,111/06/23,3100,59,61.25,住宅大樓(11層含以上有電梯),6,三層/二十一層,房地(土地+建物)+車位,3房2廳2衛,250,住家用,121.4990209,25.0383801,萬華區
臺北市萬華區漢中街５０巷６號六樓之３,111/06/22,515,65.7,7.84,華廈(10層含以下有電梯),41,六層/六層,房地(土地+建物),1房1廳1衛,0,住家用,121.506693,25.0440845,萬華區
臺北市萬華區德昌街１８５巷２９號,111/06/22,700,59.3,11.81,公寓(5樓含以下無電梯),49,一層/四層,房地(土地+建物),2房1廳1衛,0,住家用,121.494317,25.0224465,萬華區
臺北市萬華區康定路１０３號四樓之５,111/06/21,1880,55.7,33.75,住宅大樓(11層含以上有電梯),6,四層/二十六層,房地(土地+建物)+車位,2房2廳1衛,0,住家用,121.5021082,25.0394235,萬華區
臺北市萬華區華西街１７之４號六樓之６,111/06/21,400,32.5,12.31,華廈(10層含以下有電梯),40,六層/八層,房地(土地+建物),1房1廳1衛,0,住家用,121.4983825,25.0370335,萬華區
臺北市萬華區康定路１０３號十三樓,111/06/21,1255,71.2,17.64,住宅大樓(11層含以上有電梯),6,十三層/二十六層,房地(土地+建物),1房1廳1衛,0,住家用,121.5021082,25.0394235,萬華區
臺北市萬華區大理街１０１號六樓,111/06/21,4800,65.9,89.08,住宅大樓(11層含以上有電梯),15,六層/十二層,房地(土地+建物)+車位,4房2廳2衛,450,住家用,121.4980426,25.0344384,萬華區
臺北市萬華區富民路１４５巷１０號四樓,111/06/20,500,23.3,21.42,公寓(5樓含以下無電梯),47,四層/四層,房地(土地+建物),3房1廳1衛,0,住家用,121.500245,25.018309,萬華區
臺北市萬華區環河南路二段２５號二十四樓,111/06/20,2370,79.6,33.4,住宅大樓(11層含以上有電梯),2,二十四層/二十四層,房地(土地+建物)+車位,2房2廳1衛,190,住家用,121.4976442,25.0390819,萬華區
臺北市萬華區萬大路４２４巷１０８號二樓,111/06/20,1585,46.5,34.06,公寓(5樓含以下無電梯),43,二層/五層,房地(土地+建物),4房2廳1衛,0,住家用,121.4954695,25.0212661,萬華區
臺北市萬華區西寧南路１２５號十三樓之１,111/06/20,2200,73.6,33,住宅大樓(11層含以上有電梯),10,十三層/二十七層,房地(土地+建物)+車位,2房1廳1衛,160,住家用,121.506635,25.0444397,萬華區
臺北市萬華區西寧南路１５號九樓,111/06/19,1666,60.1,27.71,華廈(10層含以下有電梯),28,九層/九層,房地(土地+建物),3房0廳3衛,0,住家用,121.507601,25.048092,萬華區
臺北市萬華區中華路二段４１６巷９號十二樓之５,111/06/19,2230,53.7,41.51,住宅大樓(11層含以上有電梯),35,十二層/十二層,房地(土地+建物),4房2廳2衛,0,住家用,121.5044075,25.0267565,萬華區
臺北市萬華區寶興街２２２巷３號四樓,111/06/19,1618,44.1,36.65,公寓(5樓含以下無電梯),36,四層/五層,房地(土地+建物),3房2廳2衛,0,住家用,121.4954716,25.0221612,萬華區
臺北市萬華區環河南路二段１１９號四樓之１,111/06/18,1180,39.5,29.86,公寓(5樓含以下無電梯),48,四層/五層,房地(土地+建物),3房2廳2衛,0,住家用,121.4938027,25.0345917,萬華區
臺北市萬華區漢口街二段７３號九樓之１,111/06/18,730,57.7,12.65,住宅大樓(11層含以上有電梯),26,九層/十二層,房地(土地+建物),1房1廳1衛,0,住家用,121.5050502,25.0461408,萬華區
臺北市萬華區西園路二段２８１巷６弄６７號,111/06/18,1980,0,20.65,透天厝,54,全/二層,房地(土地+建物),3房2廳2衛,0,住家用,121.4913895,25.0238515,萬華區
臺北市萬華區內江街６３號十一樓之１,111/06/18,1200,55.6,21.58,住宅大樓(11層含以上有電梯),19,十一層/十四層,房地(土地+建物)+車位,2房1廳1衛,150,住家用,121.5048272,25.0416613,萬華區
臺北市萬華區國興路４８號十一樓之１,111/06/18,1035,57.2,18.1,住宅大樓(11層含以上有電梯),43,十一層/十二層,房地(土地+建物),2房1廳1衛,0,住家用,121.5073838,25.0254192,萬華區
臺北市萬華區西園路二段３７２巷２３弄８號四樓,111/06/17,635,41.4,15.33,公寓(5樓含以下無電梯),46,四層/五層,房地(土地+建物),2房2廳1衛,0,住家用,121.4905404,25.0266627,萬華區
臺北市萬華區環河南路二段２７號十八樓,111/06/16,3314,70.5,55.4,住宅大樓(11層含以上有電梯),2,十八層/二十四層,房地(土地+建物)+車位,3房2廳2衛,258,住家用,121.4976387,25.0390718,萬華區
臺北市萬華區和平西路三段２６１之８號一樓,111/06/16,1500,30.7,48.84,公寓(5樓含以下無電梯),50,"一層,騎樓,夾層/四層",房地(土地+建物),3房2廳1衛,0,住家用,121.4942476,25.0357729,萬華區
臺北市萬華區西寧南路２４１號九樓之２,111/06/15,3468,59,66.97,住宅大樓(11層含以上有電梯),17,九層/十四層,房地(土地+建物)+車位,4房2廳2衛,300,住家用,121.506237,25.040121,萬華區
臺北市萬華區長泰街７３巷１號二樓,111/06/15,1030,39.8,25.86,公寓(5樓含以下無電梯),48,二層/四層,房地(土地+建物),3房2廳1衛,0,住家用,121.4999704,25.0225911,萬華區
臺北市萬華區康定路１０３號二十五樓之６,111/06/14,1350,52,25.96,住宅大樓(11層含以上有電梯),6,二十五層/二十六層,房地(土地+建物)+車位,1房1廳1衛,0,住家用,121.5021082,25.0394235,萬華區
臺北市萬華區西園路二段２３７號四樓,111/06/14,1300,43.6,29.79,公寓(5樓含以下無電梯),51,四層/四層,房地(土地+建物),2房1廳1衛,0,住家用,121.4936847,25.0266562,萬華區
臺北市萬華區青年路１６８巷２弄２５號四樓之１,111/06/13,840,47.2,17.81,公寓(5樓含以下無電梯),47,"四層,陽臺/五層",房地(土地+建物),2房2廳1衛,0,住家用,121.5017568,25.0202029,萬華區
臺北市萬華區大理街３０號七樓之５,111/06/12,1398,71.1,19.65,住宅大樓(11層含以上有電梯),7,七層/十四層,房地(土地+建物),1房1廳1衛,0,住家用,121.5016021,25.0345587,萬華區
臺北市萬華區康定路１０５號十一樓之１２,111/06/12,960,71.1,13.5,住宅大樓(11層含以上有電梯),6,十一層/二十六層,房地(土地+建物),1房1廳1衛,0,住家用,121.502326,25.03923,萬華區
臺北市萬華區萬大路１８１號五樓,111/06/12,875,60,14.58,公寓(5樓含以下無電梯),47,五層/五層,房地(土地+建物),2房2廳1衛,0,住家用,121.5006792,25.0281675,萬華區
臺北市萬華區東園街６７巷２８號三樓,111/06/12,800,36.9,21.67,公寓(5樓含以下無電梯),52,三層/四層,房地(土地+建物),3房1廳1衛,0,住家用,121.4973448,25.026625,萬華區
臺北市萬華區莒光路２６０號四樓,111/06/12,1900,53,35.85,華廈(10層含以下有電梯),22,四層/七層,房地(土地+建物),3房2廳1衛,0,住家用,121.4991726,25.0312956,萬華區
臺北市萬華區漢口街二段５１號六樓之１０,111/06/11,886,65.7,13.49,住宅大樓(11層含以上有電梯),10,六層/十五層,房地(土地+建物),1房1廳1衛,0,住家用,121.5064086,25.0458997,萬華區
臺北市萬華區環河南路二段２５０巷１７弄１號五樓,111/06/11,1145,41.1,27.87,公寓(5樓含以下無電梯),44,五層/五層,房地(土地+建物),4房2廳1衛,0,住家用,121.4909766,25.0333483,萬華區
臺北市萬華區和平西路三段３８２巷１２弄４０號五樓,111/06/11,500,39.8,12.55,公寓(5樓含以下無電梯),46,五層/五層,房地(土地+建物),2房1廳1衛,0,住家用,121.4905526,25.0346995,萬華區
臺北市萬華區環河南路二段２９號十九樓,111/06/11,1908,70.3,27.14,住宅大樓(11層含以上有電梯),2,十九層/二十四層,房地(土地+建物),2房2廳1衛,0,住家用,121.4976373,25.0390378,萬華區
臺北市萬華區中華路一段１６０號九樓之３,111/06/10,3350,90.9,39.75,住宅大樓(11層含以上有電梯),9,九層/十五層,房地(土地+建物)+車位,2房2廳2衛,200,住家用,121.5077808,25.0418646,萬華區
臺北市萬華區中華路二段５０４巷６號七樓,111/06/10,1138,62.9,18.1,住宅大樓(11層含以上有電梯),43,七層/十二層,房地(土地+建物),3房1廳1衛,0,住家用,121.5076312,25.0258989,萬華區
臺北市萬華區康定路１０５號五樓之１２,111/06/10,960,71,13.52,住宅大樓(11層含以上有電梯),6,五層/二十六層,房地(土地+建物),1房1廳1衛,0,住家用,121.502326,25.03923,萬華區
臺北市萬華區康定路８２號二樓之２,111/06/09,1325,71.1,18.62,住宅大樓(11層含以上有電梯),9,二層/十五層,房地(土地+建物),1房2廳1衛,0,住家用,121.502224,25.0420629,萬華區
臺北市萬華區莒光路２９９巷１７號八樓,111/06/09,600,46.3,12.97,住宅大樓(11層含以上有電梯),12,八層/十三層,房地(土地+建物)+車位,3房2廳2衛,0,住家用,121.4992763,25.0300874,萬華區
臺北市萬華區忠孝西路二段３８號七樓之６,111/06/09,998,78,12.79,住宅大樓(11層含以上有電梯),14,七層/十三層,房地(土地+建物),1房1廳1衛,0,住家用,121.5078437,25.0483329,萬華區
臺北市萬華區環河南路二段２３號十三樓,111/06/07,2000,65,33.4,住宅大樓(11層含以上有電梯),2,十三層/二十四層,房地(土地+建物)+車位,2房2廳1衛,220,住家用,121.4976439,25.0390819,萬華區
臺北市萬華區青年路１０６巷３０弄１６號四樓,111/06/07,650,46.8,13.88,公寓(5樓含以下無電梯),47,四層/五層,房地(土地+建物),2房2廳1衛,0,住家用,121.5021135,25.0231138,萬華區
臺北市萬華區長沙街二段１４８號五樓之１,111/06/07,2408,62.5,47.62,住宅大樓(11層含以上有電梯),3,五層/十八層,房地(土地+建物)+車位,3房2廳2衛,250,住家用,121.5013227,25.0406374,萬華區
臺北市萬華區艋舺大道３８６巷７號四樓,111/06/07,760,34.1,22.27,公寓(5樓含以下無電梯),51,"四層,陽臺/四層",房地(土地+建物),2房1廳1衛,0,住家用,121.4947002,25.0310438,萬華區
臺北市萬華區長沙街二段９３號十四樓之２,111/06/07,4250,60.7,70.05,住宅大樓(11層含以上有電梯),25,十四層/二十二層,房地(土地+建物)+車位,4房2廳3衛,0,住家用,121.5045362,25.0407411,萬華區
臺北市萬華區長泰街２４８號三樓,111/06/07,500,20.6,24.22,公寓(5樓含以下無電梯),53,三層/四層,房地(土地+建物),3房1廳1衛,0,住家用,121.4947909,25.0216463,萬華區
臺北市萬華區中華路一段１６０號八樓之２,111/06/07,4399,88.1,56.89,住宅大樓(11層含以上有電梯),9,八層/十五層,房地(土地+建物)+車位,3房2廳2衛,280,住家用,121.5077808,25.0418646,萬華區
臺北市萬華區康定路８２號七樓之３,111/06/06,3150,65.5,55.02,住宅大樓(11層含以上有電梯),9,七層/十五層,房地(土地+建物)+車位,3房2廳2衛,200,住家用,121.502224,25.0420629,萬華區
臺北市萬華區西園路二段３７２巷３１號四樓,111/06/06,660,43,15.33,公寓(5樓含以下無電梯),46,四層/五層,房地(土地+建物),2房2廳1衛,0,住家用,121.490517,25.026545,萬華區
臺北市萬華區德昌街１６０號二樓,111/06/06,434,19.4,22.34,公寓(5樓含以下無電梯),51,二層/四層,房地(土地+建物),3房1廳1衛,0,住家用,121.4959667,25.0239863,萬華區
臺北市萬華區雙園街１２２巷１３號,111/06/05,670,52.7,12.71,公寓(5樓含以下無電梯),52,一層/二層,房地(土地+建物),2房2廳1衛,0,住家用,121.4922961,25.0309385,萬華區
臺北市萬華區環河南路一段２３號十樓之１０,111/06/05,560,51.1,10.97,住宅大樓(11層含以上有電梯),39,十層/十二層,房地(土地+建物),2房1廳1衛,0,住家用,121.5042303,25.046835,萬華區
臺北市萬華區寶興街８０巷１７弄１號三樓,111/06/04,1288,53.8,23.92,公寓(5樓含以下無電梯),49,三層/四層,房地(土地+建物),3房2廳1衛,0,住家用,121.494163,25.0256509,萬華區
臺北市萬華區康定路１６６號十三樓,111/06/04,1875,69.5,26.99,住宅大樓(11層含以上有電梯),15,十三層/十三層,房地(土地+建物),2房2廳1衛,0,住家用,121.5017855,25.0394543,萬華區
臺北市萬華區桂林路１０９號三樓之２,111/06/02,2986,65,45.9,住宅大樓(11層含以上有電梯),3,三層/二十四層,房地(土地+建物),3房2廳2衛,0,住家用,121.5008431,25.0385533,萬華區
臺北市萬華區中華路二段３６４巷７號二樓之３,111/06/02,3968,63.3,62.67,住宅大樓(11層含以上有電梯),9,二層/十四層,房地(土地+建物),2房2廳2衛,0,住家用,121.5043353,25.0287133,萬華區
臺北市萬華區武昌街二段１２４之２號五樓之６,111/06/02,160,26.7,6,華廈(10層含以下有電梯),48,五層/九層,房地(土地+建物),1房0廳1衛,0,住家用,121.5038373,25.0453457,萬華區
臺北市萬華區武成街２５號,111/06/02,1000,55.8,17.92,公寓(5樓含以下無電梯),55,一層/二層,房地(土地+建物),3房1廳1衛,0,住家用,121.4955238,25.018386,萬華區
臺北市萬華區康定路１０５號十二樓之２,111/05/30,1700,60.8,27.94,住宅大樓(11層含以上有電梯),6,十二層/二十六層,房地(土地+建物)+車位,2房1廳1衛,0,住家用,121.502326,25.03923,萬華區
臺北市萬華區漢口街二段２７號七樓,111/05/30,2580,74.2,34.76,住宅大樓(11層含以上有電梯),11,七層/十四層,房地(土地+建物)+車位,2房1廳1衛,0,住家用,121.5076765,25.0455864,萬華區
臺北市萬華區康定路１１６號八樓之５,111/05/29,850,36.8,23.09,住宅大樓(11層含以上有電梯),39,八層/十一層,房地(土地+建物),2房1廳2衛,0,住家用,121.5020392,25.0409821,萬華區
臺北市萬華區西昌街４９號五樓之１,111/05/29,470,40.9,11.49,華廈(10層含以下有電梯),26,五層/七層,房地(土地+建物),1房0廳1衛,0,住家用,121.5008032,25.0422751,萬華區
臺北市萬華區西寧南路２９３號六樓,111/05/29,1838,69.1,26.61,住宅大樓(11層含以上有電梯),5,六層/十三層,房地(土地+建物),2房1廳2衛,0,住家用,121.5064219,25.0387006,萬華區
臺北市萬華區武成街８０巷３０號,111/05/29,2000,0,37.64,透天厝,59,全/三層,房地(土地+建物),3房3廳1衛,0,住家用,121.4948411,25.0198308,萬華區
臺北市萬華區西寧南路１１號五樓之４,111/05/28,458,56.5,8.11,住宅大樓(11層含以上有電梯),40,五層/十一層,房地(土地+建物),0房1廳1衛,0,住家用,121.507629,25.0481859,萬華區
臺北市萬華區萬大路２７７巷４０號三樓,111/05/28,2100,59.6,35.25,公寓(5樓含以下無電梯),40,三層/五層,房地(土地+建物),3房2廳2衛,0,住家用,121.5021869,25.0253382,萬華區
臺北市萬華區大理街３０號十三樓之１,111/05/28,2168,68.7,31.29,住宅大樓(11層含以上有電梯),7,十三層/十四層,房地(土地+建物)+車位,0房2廳1衛,170,住家用,121.5016021,25.0345587,萬華區
臺北市萬華區中華路二段５０４巷１６號十樓,111/05/28,896,64.3,13.94,住宅大樓(11層含以上有電梯),43,十層/十二層,房地(土地+建物),2房1廳1衛,0,住家用,121.5076276,25.0256073,萬華區
臺北市萬華區萬大路４８６巷４４號四樓,111/05/27,845,45.5,18.56,公寓(5樓含以下無電梯),51,四層/四層,房地(土地+建物),4房4廳2衛,0,住家用,121.4959709,25.0204937,萬華區
臺北市萬華區萬大路４２３巷６３弄８號四樓,111/05/27,1200,41.8,28.67,公寓(5樓含以下無電梯),37,四層/五層,房地(土地+建物),3房2廳1衛,0,住家用,121.5010456,25.0219108,萬華區
臺北市萬華區萬大路４２３巷３０弄１７號二樓,111/05/27,2100,46.7,44.97,住宅大樓(11層含以上有電梯),24,二層/十六層,房地(土地+建物)+車位,3房2廳2衛,0,住家用,121.5005702,25.0208188,萬華區
臺北市萬華區大理街１６０巷２６弄１０號二樓之１,111/05/27,850,53.3,15.93,華廈(10層含以下有電梯),41,二層/七層,房地(土地+建物),2房2廳1衛,0,住家用,121.4942358,25.0319531,萬華區
臺北市萬華區環河南路三段１３５號十三樓,111/05/26,3700,61,60.64,住宅大樓(11層含以上有電梯),6,十三層/十三層,房地(土地+建物)+車位,3房2廳2衛,0,住家用,121.491388,25.023625,萬華區
臺北市萬華區桂林路１０９號二十四樓,111/05/26,4100,60.7,67.55,住宅大樓(11層含以上有電梯),3,"二十四層,見其他登記事項/二十四層",房地(土地+建物)+車位,1房2廳2衛,0,住家用,121.5008431,25.0385533,萬華區
臺北市萬華區國興路１巷７號八樓之１,111/05/24,210,40.9,5.13,住宅大樓(11層含以上有電梯),40,八層/十二層,房地(土地+建物),3房1廳1衛,0,住家用,121.5093329,25.0239818,萬華區
臺北市萬華區國興路１巷７號八樓之１,111/05/24,210,40.9,5.13,住宅大樓(11層含以上有電梯),40,八層/十二層,房地(土地+建物),3房2廳1衛,0,住家用,121.5093329,25.0239818,萬華區
臺北市萬華區萬大路７１巷８號六樓之１,111/05/22,2850,70.2,43.46,住宅大樓(11層含以上有電梯),15,六層/十一層,房地(土地+建物)+車位,2房2廳2衛,250,住家用,121.500931,25.0305924,萬華區
臺北市萬華區環河南路三段３７號二樓,111/05/22,811,30.9,26.28,公寓(5樓含以下無電梯),52,二層/四層,房地(土地+建物),4房2廳2衛,0,住家用,121.4900201,25.0266416,萬華區
臺北市萬華區青年路５６號六樓之２,111/05/21,1120,61.3,18.27,住宅大樓(11層含以上有電梯),40,六層/十二層,房地(土地+建物),2房1廳1衛,0,住家用,121.5028982,25.0246522,萬華區
臺北市萬華區國興路８４號二樓之１,111/05/21,2650,57.3,46.29,華廈(10層含以下有電梯),31,二層/十層,房地(土地+建物),4房2廳2衛,0,住家用,121.5061429,25.0266693,萬華區
臺北市萬華區隆昌街５１巷３號三樓,111/05/21,1110,46.1,24.1,公寓(5樓含以下無電梯),47,三層/四層,房地(土地+建物),3房2廳1衛,0,住家用,121.5040457,25.0410818,萬華區
臺北市萬華區昆明街１２３號六樓,111/05/21,2300,62.3,36.91,住宅大樓(11層含以上有電梯),18,六層/十四層,房地(土地+建物),3房2廳2衛,0,住家用,121.504705,25.04173,萬華區
臺北市萬華區康定路１０５號十六樓,111/05/20,1155,65.5,17.64,住宅大樓(11層含以上有電梯),6,十六層/二十六層,房地(土地+建物),1房1廳1衛,0,住家用,121.502326,25.03923,萬華區
臺北市萬華區西園路一段２７號四樓,111/05/20,1650,46.3,35.61,公寓(5樓含以下無電梯),43,四層/五層,房地(土地+建物),6房0廳6衛,0,住家用,121.5001059,25.0408756,萬華區
臺北市萬華區華西街１７之４號八樓之６,111/05/20,635,41.7,15.22,華廈(10層含以下有電梯),40,八層/八層,房地(土地+建物),2房1廳2衛,0,住家用,121.4983825,25.0370335,萬華區
臺北市萬華區柳州街８１號八樓之１,111/05/19,1800,43.1,41.78,住宅大樓(11層含以上有電梯),36,八層/十二層,房地(土地+建物),4房2廳2衛,0,住家用,121.5051365,25.0369586,萬華區
臺北市萬華區德昌街７巷６號二樓,111/05/19,1400,44.7,31.35,公寓(5樓含以下無電梯),37,二層/五層,房地(土地+建物),3房2廳1衛,0,住家用,121.4996309,25.025024,萬華區
臺北市萬華區環河南路一段７１號五樓之３０,111/05/18,275,47.6,5.78,住宅大樓(11層含以上有電梯),45,五層/十二層,房地(土地+建物),1房0廳1衛,0,住家用,121.5019162,25.0450001,萬華區
臺北市萬華區國興路２號五樓,111/05/18,1060,58.6,18.1,住宅大樓(11層含以上有電梯),43,五層/十二層,房地(土地+建物),2房1廳1衛,0,住家用,121.508882,25.025028,萬華區
臺北市萬華區萬青街１９５號四樓,111/05/18,680,49,13.88,公寓(5樓含以下無電梯),47,四層/五層,房地(土地+建物),2房1廳1衛,0,住家用,121.5017318,25.0222633,萬華區
臺北市萬華區中華路二段４１６巷５２號十四樓之３,111/05/18,3850,61.4,62.75,住宅大樓(11層含以上有電梯),9,十四層/十四層,房地(土地+建物)+車位,4房2廳2衛,0,住家用,121.5043292,25.0272593,萬華區
臺北市萬華區西園路二段２８１巷２９號三樓,111/05/17,1260,45.3,27.84,公寓(5樓含以下無電梯),48,三層/四層,房地(土地+建物),3房2廳2衛,0,住家用,121.4928057,25.0235467,萬華區
臺北市萬華區環河南路二段６２巷４號三樓,111/05/17,920,38.9,23.62,公寓(5樓含以下無電梯),39,三層/五層,房地(土地+建物),3房2廳1衛,0,住家用,121.4960287,25.0377085,萬華區
臺北市萬華區華西街２６巷１３號,111/05/16,1400,21.8,64.08,公寓(5樓含以下無電梯),53,"一層,騎樓/四層",建物,5房2廳3衛,0,住家用,121.4979052,25.0379581,萬華區
臺北市萬華區華西街２６巷１３號,111/05/16,300,9.4,32.04,公寓(5樓含以下無電梯),53,三層/四層,建物,2房2廳2衛,0,住家用,121.4979052,25.0379581,萬華區
臺北市萬華區華西街２６巷１３號,111/05/16,300,9.8,30.5,公寓(5樓含以下無電梯),53,四層/四層,建物,2房2廳2衛,0,住家用,121.4979052,25.0379581,萬華區
臺北市萬華區和平西路三段３８４號三樓之１２,111/05/16,310,47,6.6,華廈(10層含以下有電梯),41,三層/八層,房地(土地+建物),1房0廳1衛,0,住家用,121.4913711,25.0353259,萬華區
臺北市萬華區成都路１０６號五樓,111/05/15,1180,54.2,21.75,住宅大樓(11層含以上有電梯),15,五層/十四層,房地(土地+建物)+車位,2房1廳1衛,0,住家用,121.502096,25.0435909,萬華區
臺北市萬華區桂林路１２８號八樓之６,111/05/15,1790,71.1,25.16,住宅大樓(11層含以上有電梯),6,八層/二十一層,房地(土地+建物),2房2廳1衛,0,住家用,121.4990209,25.0383801,萬華區
臺北市萬華區長泰街１４８號二樓,111/05/15,2490,55.6,45.16,住宅大樓(11層含以上有電梯),10,二層/十一層,房地(土地+建物)+車位,3房2廳2衛,180,住家用,121.4986134,25.0222033,萬華區
臺北市萬華區萬大路９０巷７號九樓之５,111/05/15,1908,72.1,26.47,華廈(10層含以下有電梯),13,九層/十層,房地(土地+建物),2房2廳1衛,0,住家用,121.4997477,25.0302648,萬華區
臺北市萬華區康定路１０５號十七樓之１１,111/05/15,1165,55.9,20.84,住宅大樓(11層含以上有電梯),6,十七層/二十六層,房地(土地+建物)+車位,1房1廳1衛,0,住家用,121.502326,25.03923,萬華區
臺北市萬華區莒光路１２３號三樓,111/05/14,2920,47.5,61.52,華廈(10層含以下有電梯),34,三層/七層,房地(土地+建物)+車位,3房2廳2衛,0,住家用,121.5038466,25.0310808,萬華區
臺北市萬華區青年路１６８巷２１號四樓,111/05/14,560,42.1,13.31,公寓(5樓含以下無電梯),47,"四層,陽台/五層",房地(土地+建物),1房1廳1衛,0,住家用,121.5021859,25.020261,萬華區
臺北市萬華區雙和街１１０號二樓,111/05/14,510,54.5,9.36,公寓(5樓含以下無電梯),47,二層/五層,房地(土地+建物),1房1廳1衛,0,住家用,121.5009417,25.0277699,萬華區
臺北市萬華區莒光路２９９巷３號二樓,111/05/12,1860,63.1,29.47,華廈(10層含以下有電梯),38,二層/七層,房地(土地+建物),3房2廳2衛,0,住家用,121.4992555,25.0307792,萬華區
臺北市萬華區西園路二段２７８號三樓,111/05/12,1450,43.7,33.15,公寓(5樓含以下無電梯),49,三層/四層,房地(土地+建物),3房2廳2衛,0,住家用,121.4942848,25.0275755,萬華區
臺北市萬華區東園街７３巷３７號三樓之３,111/05/12,400,45,8.88,公寓(5樓含以下無電梯),29,三層/五層,房地(土地+建物),1房1廳1衛,0,住家用,121.4975135,25.0265628,萬華區
臺北市萬華區環河南路二段２５０巷４２弄１號四樓,111/05/11,950,31.7,29.97,公寓(5樓含以下無電梯),39,四層/五層,房地(土地+建物),3房2廳1衛,0,住家用,121.4908274,25.0339642,萬華區
臺北市萬華區艋舺大道２７５巷１８號十樓,111/05/11,3700,64.3,64.18,住宅大樓(11層含以上有電梯),3,十層/十五層,房地(土地+建物)+車位,3房2廳2衛,250,住家用,121.4975104,25.0335516,萬華區
臺北市萬華區西藏路１２５巷１７號七樓之３,111/05/10,1330,68.4,19.44,住宅大樓(11層含以上有電梯),42,七層/十二層,房地(土地+建物),2房1廳1衛,0,住家用,121.5025134,25.0281436,萬華區
臺北市萬華區西藏路１２７號十一樓,111/05/10,1990,60.9,32.65,住宅大樓(11層含以上有電梯),42,十一層/十二層,房地(土地+建物),3房2廳2衛,0,住家用,121.502062,25.029338,萬華區
臺北市萬華區萬大路２７７巷２９號五樓,111/05/09,2094,54,47.18,華廈(10層含以下有電梯),4,五層/七層,房地(土地+建物)+車位,2房1廳1衛,280,住家用,121.5016146,25.025479,萬華區
臺北市萬華區梧州街２１號六樓之１,111/05/08,1380,40.7,33.9,華廈(10層含以下有電梯),28,六層/十層,房地(土地+建物),3房2廳2衛,0,住家用,121.4977699,25.0378039,萬華區
臺北市萬華區康定路１０５號十六樓之１,111/05/08,1370,51.8,26.43,住宅大樓(11層含以上有電梯),6,十六層/二十六層,房地(土地+建物)+車位,1房1廳1衛,0,住家用,121.502326,25.03923,萬華區
臺北市萬華區莒光路３００巷６弄３之３號四樓,111/05/08,1630,52.6,30.97,公寓(5樓含以下無電梯),33,四層/五層,房地(土地+建物),3房2廳1衛,0,住家用,121.4985157,25.0317285,萬華區
臺北市萬華區萬大路４９３巷５８弄１８號四樓,111/05/07,1600,38.1,42.03,公寓(5樓含以下無電梯),45,四層/四層,房地(土地+建物),4房2廳2衛,0,住家用,121.5003894,25.0199441,萬華區
臺北市萬華區富民路１５５巷２３號四樓,111/05/07,715,28.6,25.03,公寓(5樓含以下無電梯),47,四層/四層,房地(土地+建物),3房1廳1衛,0,住家用,121.5006379,25.0182611,萬華區
臺北市萬華區大理街３０號六樓之５,111/05/07,1405,71.9,19.53,住宅大樓(11層含以上有電梯),7,六層/十四層,房地(土地+建物),1房2廳1衛,0,住家用,121.5016021,25.0345587,萬華區
臺北市萬華區青年路３０巷５號七樓之１,111/05/07,2088,62.6,33.35,住宅大樓(11層含以上有電梯),35,七層/十二層,房地(土地+建物),3房2廳2衛,0,住家用,121.5049565,25.0265156,萬華區
臺北市萬華區環河南路三段１３５號七樓,111/05/07,3340,50.8,69.96,住宅大樓(11層含以上有電梯),6,七層/十三層,房地(土地+建物)+車位,3房2廳3衛,200,住家用,121.491388,25.023625,萬華區
臺北市萬華區西昌街２９巷１３號二樓,111/05/06,1000,35.5,28.15,公寓(5樓含以下無電梯),38,二層/五層,房地(土地+建物),3房2廳1衛,0,住家用,121.5011479,25.0427468,萬華區
臺北市萬華區國興路２０號三樓,111/05/05,860,61.7,13.94,住宅大樓(11層含以上有電梯),43,三層/十二層,房地(土地+建物),1房1廳1衛,0,住家用,121.508286,25.024568,萬華區
臺北市萬華區康定路１２６號三樓,111/05/02,1310,52.9,24.78,公寓(5樓含以下無電梯),48,三層/四層,房地(土地+建物),2房2廳1衛,0,住家用,121.5019685,25.0407483,萬華區
臺北市萬華區中華路二段４８４巷８號十樓,111/05/02,2380,64.6,36.84,華廈(10層含以下有電梯),31,十層/十層,房地(土地+建物),3房2廳2衛,0,住家用,121.5066898,25.026503,萬華區
臺北市萬華區大理街２５號四樓,111/05/02,710,47.1,15.06,公寓(5樓含以下無電梯),42,四層/五層,房地(土地+建物),2房1廳1衛,0,住家用,121.5023906,25.0347945,萬華區
臺北市萬華區萬大路１８６巷２弄９號四樓,111/05/01,1400,53.9,25.95,公寓(5樓含以下無電梯),50,四層/四層,房地(土地+建物),3房2廳1衛,0,住家用,121.5000991,25.0281784,萬華區
臺北市萬華區萬大路１８６巷２弄９號三樓,111/05/01,1200,46.2,25.95,公寓(5樓含以下無電梯),50,三層/四層,房地(土地+建物),3房2廳1衛,0,住家用,121.5000991,25.0281784,萬華區
臺北市萬華區雙園街１２２巷８之３號,111/04/30,777,40.5,19.21,公寓(5樓含以下無電梯),52,四層/四層,房地(土地+建物),2房2廳1衛,0,住家用,121.4921796,25.0310707,萬華區
臺北市萬華區大理街１４７號四樓,111/04/30,2380,49.6,47.96,住宅大樓(11層含以上有電梯),18,四層/十二層,房地(土地+建物)+車位,3房2廳2衛,0,住家用,121.4969662,25.0342911,萬華區
臺北市萬華區萬大路１４４號四樓,111/04/30,950,49.7,19.1,公寓(5樓含以下無電梯),46,四層/四層,房地(土地+建物),4房2廳2衛,0,住家用,121.5003665,25.0288895,萬華區
臺北市萬華區環河南路二段２５０巷３弄１０號二樓,111/04/29,504,19.3,26.14,公寓(5樓含以下無電梯),43,二層/五層,房地(土地+建物),4房1廳1衛,0,住家用,121.4911347,25.0329829,萬華區
臺北市萬華區康定路１０３號二十四樓之５,111/04/29,1760,75.2,23.41,住宅大樓(11層含以上有電梯),6,二十四層/二十六層,房地(土地+建物),2房2廳1衛,0,住家用,121.5021082,25.0394235,萬華區
臺北市萬華區長順街１４巷２９弄７號二樓,111/04/28,985,42.7,23.07,公寓(5樓含以下無電梯),50,二層/四層,房地(土地+建物),4房1廳1衛,0,住家用,121.4894773,25.0312385,萬華區
臺北市萬華區武成街１２５巷６弄３號,111/04/28,1440,58.5,24.6,公寓(5樓含以下無電梯),53,一層/四層,房地(土地+建物),3房1廳1衛,0,住家用,121.4935877,25.0196372,萬華區
臺北市萬華區萬大路５０６巷２４號四樓,111/04/28,940,45.2,20.81,公寓(5樓含以下無電梯),35,四層/五層,房地(土地+建物),2房1廳1衛,0,住家用,121.4964293,25.0192056,萬華區
臺北市萬華區環河南路一段７１號六樓之１３,111/04/26,580,53,10.95,住宅大樓(11層含以上有電梯),45,六層/十二層,房地(土地+建物),1房1廳1衛,0,住家用,121.5019162,25.0450001,萬華區
臺北市萬華區康定路１０５號十六樓之９,111/04/25,2194,58,37.81,住宅大樓(11層含以上有電梯),6,十六層/二十六層,房地(土地+建物)+車位,3房2廳1衛,0,住家用,121.502326,25.03923,萬華區
臺北市萬華區青年路１４４號十樓,111/04/25,2650,49.2,53.87,住宅大樓(11層含以上有電梯),25,十層/十二層,房地(土地+建物),3房2廳2衛,0,住家用,121.5024097,25.0215916,萬華區
臺北市萬華區環河南路二段２５０巷５６弄１０號四樓,111/04/25,1000,39,25.66,公寓(5樓含以下無電梯),38,四層/五層,房地(土地+建物),3房1廳1衛,0,住家用,121.4909026,25.0343954,萬華區
臺北市萬華區環河南路二段２７號二十二樓,111/04/24,3375,71.4,55.4,住宅大樓(11層含以上有電梯),2,二十二層/二十四層,房地(土地+建物)+車位,3房2廳2衛,280,住家用,121.4976387,25.0390718,萬華區
臺北市萬華區環河南路二段４６巷９號三樓,111/04/24,1076,38,28.28,公寓(5樓含以下無電梯),39,三層/五層,房地(土地+建物),3房2廳2衛,0,住家用,121.4964865,25.0382387,萬華區
臺北市萬華區和平西路三段３０９巷１５弄３號四樓,111/04/23,900,38.6,23.3,公寓(5樓含以下無電梯),45,四層/五層,房地(土地+建物),3房2廳1衛,0,住家用,121.4931144,25.0359224,萬華區
臺北市萬華區內江街４９號十樓,111/04/22,2000,61.2,32.66,住宅大樓(11層含以上有電梯),9,十層/十三層,房地(土地+建物)+車位,2房1廳1衛,180,住家用,121.50537,25.0416829,萬華區
臺北市萬華區德昌街２７２巷７號二樓,111/04/21,580,15.5,37.35,公寓(5樓含以下無電梯),36,二層/五層,房地(土地+建物),3房1廳1衛,0,住家用,121.4918643,25.0234025,萬華區
臺北市萬華區德昌街２７２巷９號二樓,111/04/21,370,19.8,18.68,公寓(5樓含以下無電梯),36,二層/五層,房地(土地+建物),3房1廳1衛,0,住家用,121.4918121,25.0235563,萬華區
臺北市萬華區環河南路二段２５０巷３３弄１號七樓,111/04/21,1550,38.2,40.59,住宅大樓(11層含以上有電梯),34,七層/十六層,房地(土地+建物),3房2廳2衛,0,住家用,121.489811,25.033962,萬華區
臺北市萬華區莒光路１８７之１號三樓,111/04/20,710.5,30.8,23.1,公寓(5樓含以下無電梯),46,三層/四層,房地(土地+建物),4房2廳1衛,0,住家用,121.5021168,25.0310711,萬華區
臺北市萬華區中華路二段１５８號二樓,111/04/19,1165,54.2,21.48,公寓(5樓含以下無電梯),47,二層/四層,房地(土地+建物),4房1廳1衛,0,住家用,121.5040216,25.0301828,萬華區
臺北市萬華區中華路一段２１６號十一樓,111/04/19,4180,63.9,65.37,住宅大樓(11層含以上有電梯),10,十一層/十五層,房地(土地+建物)+車位,3房2廳2衛,150,住家用,121.5061921,25.0372487,萬華區
臺北市萬華區寶興街１０７號二樓,111/04/19,624,31.4,19.9,公寓(5樓含以下無電梯),53,二層/四層,房地(土地+建物),2房1廳1衛,0,住家用,121.4947069,25.0255428,萬華區
臺北市萬華區中華路二段１５０巷２１號四樓,111/04/19,750,27,27.8,公寓(5樓含以下無電梯),35,四層/五層,房地(土地+建物),3房1廳1衛,0,住家用,121.5033721,25.0303304,萬華區
臺北市萬華區西園路二段３２０巷３６弄８號三樓,111/04/19,390,42.7,9.14,公寓(5樓含以下無電梯),51,三層/五層,房地(土地+建物),2房1廳1衛,0,住家用,121.4914034,25.0270578,萬華區
臺北市萬華區雙園街６０巷７４弄１２號二樓,111/04/18,400,32.1,12.45,公寓(5樓含以下無電梯),52,二層/四層,房地(土地+建物),2房1廳1衛,0,住家用,121.4923828,25.0292054,萬華區
臺北市萬華區國興路１巷１１號四樓之３,111/04/18,850,60.7,14,住宅大樓(11層含以上有電梯),40,四層/十二層,房地(土地+建物),1房1廳1衛,0,住家用,121.5091429,25.0235317,萬華區
臺北市萬華區康定路１０５號十九樓之１２,111/04/17,964,73.1,13.19,住宅大樓(11層含以上有電梯),6,十九層/二十六層,房地(土地+建物),1房1廳1衛,0,住家用,121.502326,25.03923,萬華區
臺北市萬華區大理街１７０巷５８號八樓,111/04/16,1000,42.8,23.34,住宅大樓(11層含以上有電梯),42,八層/十二層,房地(土地+建物),2房2廳1衛,0,住家用,121.4927732,25.0328213,萬華區
臺北市萬華區德昌街２７２巷１號四樓,111/04/16,1456,38,38.29,公寓(5樓含以下無電梯),36,四層/五層,房地(土地+建物),4房2廳2衛,0,住家用,121.4919478,25.0232412,萬華區
臺北市萬華區環河南路一段６３號九樓之７,111/04/15,640,50.1,12.77,住宅大樓(11層含以上有電梯),31,九層/十二層,房地(土地+建物),1房1廳1衛,0,住家用,121.5023459,25.0452453,萬華區
臺北市萬華區長順街１４巷２９弄５號四樓,111/04/15,460,20.3,22.66,公寓(5樓含以下無電梯),50,四層/四層,房地(土地+建物),2房1廳1衛,0,住家用,121.4895281,25.0312056,萬華區
臺北市萬華區西寧南路１２８號十二樓之１,111/04/15,1070,72.8,14.7,住宅大樓(11層含以上有電梯),15,十二層/十三層,房地(土地+建物),1房1廳1衛,0,住家用,121.50592,25.041129,萬華區
臺北市萬華區寶興街１３６號五樓,111/04/15,1075,37.1,29.01,公寓(5樓含以下無電梯),40,五層/五層,房地(土地+建物),3房2廳1衛,0,住家用,121.4947488,25.0249061,萬華區
臺北市萬華區環河南路二段１５５巷２號八樓,111/04/15,830,43.7,18.99,住宅大樓(11層含以上有電梯),42,八層/十二層,房地(土地+建物),2房1廳1衛,0,住家用,121.4931207,25.0333312,萬華區
臺北市萬華區大理街１７０巷５２號八樓,111/04/15,187.5,37.5,5.01,住宅大樓(11層含以上有電梯),42,八層/十二層,房地(土地+建物),2房2廳1衛,0,住家用,121.4930835,25.0329851,萬華區
臺北市萬華區康定路１０５號二十樓之８,111/04/14,1780,55.3,32.17,住宅大樓(11層含以上有電梯),6,二十層/二十六層,房地(土地+建物)+車位,2房1廳1衛,0,住家用,121.502326,25.03923,萬華區
臺北市萬華區長泰街１５號二樓,111/04/14,1080,45.6,23.67,公寓(5樓含以下無電梯),44,二層/四層,房地(土地+建物),3房2廳1衛,0,住家用,121.5009938,25.0230687,萬華區
臺北市萬華區艋舺大道２７５巷１８號十一樓,111/04/14,3800,67.5,64.08,住宅大樓(11層含以上有電梯),3,十一層/十五層,房地(土地+建物)+車位,3房2廳2衛,185,住家用,121.4975104,25.0335516,萬華區
臺北市萬華區漢口街二段５１號五樓之７,111/04/13,1018,68.5,14.86,住宅大樓(11層含以上有電梯),10,五層/十五層,房地(土地+建物),0房1廳1衛,0,住家用,121.5064086,25.0458997,萬華區
臺北市萬華區環河南路二段１９號十九樓,111/04/13,1920,70.3,27.32,住宅大樓(11層含以上有電梯),2,十九層/二十四層,房地(土地+建物),2房2廳1衛,0,住家用,121.497721,25.0392249,萬華區
臺北市萬華區西園路二段２８１巷１４號四樓,111/04/13,680,31.1,21.85,公寓(5樓含以下無電梯),52,四層/四層,房地(土地+建物),3房1廳1衛,0,住家用,121.4920051,25.0243535,萬華區
臺北市萬華區青年路１６８巷５號五樓,111/04/13,542,40.7,13.31,公寓(5樓含以下無電梯),47,"五層,陽臺/五層",房地(土地+建物),2房1廳1衛,0,住家用,121.5024901,25.0205743,萬華區
臺北市萬華區西園路二段１５３號八樓,111/04/13,1544,41.4,37.26,住宅大樓(11層含以上有電梯),32,八層/十二層,房地(土地+建物),4房2廳2衛,0,住家用,121.496058,25.0292092,萬華區
臺北市萬華區廣州街９５之２號四樓,111/04/13,359,17.6,20.42,公寓(5樓含以下無電梯),50,四層/五層,房地(土地+建物),3房2廳1衛,0,住家用,121.5038417,25.0366301,萬華區
臺北市萬華區萬大路４８６巷１號,111/04/12,1966,87,22.6,公寓(5樓含以下無電梯),44,一層/五層,房地(土地+建物),1房1廳1衛,0,住家用,121.497061,25.01975,萬華區
臺北市萬華區昆明街２２５號四樓,111/04/12,3595,64.7,59.33,住宅大樓(11層含以上有電梯),14,四層/十四層,房地(土地+建物)+車位,4房2廳2衛,160,住家用,121.5040286,25.0385525,萬華區
臺北市萬華區環河南路二段２７號十七樓,111/04/12,3270,69.7,55.41,住宅大樓(11層含以上有電梯),2,十七層/二十四層,房地(土地+建物)+車位,3房2廳2衛,250,住家用,121.4976387,25.0390718,萬華區
臺北市萬華區西園路二段８１巷７號五樓,111/04/12,2420,66.5,36.38,住宅大樓(11層含以上有電梯),2,五層/十二層,房地(土地+建物),3房2廳2衛,0,住家用,121.4972267,25.0304671,萬華區
臺北市萬華區萬大路１８７巷３弄３３號二樓,111/04/12,605,43.6,13.88,公寓(5樓含以下無電梯),47,二層/五層,房地(土地+建物),3房2廳1衛,0,住家用,121.5016946,25.0288885,萬華區
臺北市萬華區東園街１３６號六樓,111/04/11,2170,66.1,33.49,華廈(10層含以下有電梯),10,六層/七層,房地(土地+建物)+車位,2房2廳1衛,180,住家用,121.497444,25.023635,萬華區
臺北市萬華區峨眉街８８號七樓之６,111/04/11,340,34.8,9.77,華廈(10層含以下有電梯),45,七層/九層,房地(土地+建物),2房1廳1衛,0,住家用,121.503805,25.044035,萬華區
臺北市萬華區國興路１巷１１號十一樓之１,111/04/11,1700,55.2,30.78,住宅大樓(11層含以上有電梯),40,十一層/十二層,房地(土地+建物),2房2廳1衛,0,住家用,121.5091429,25.0235317,萬華區
臺北市萬華區環河南路二段２７號十六樓,111/04/10,2930,67.6,43.34,住宅大樓(11層含以上有電梯),2,十六層/二十四層,房地(土地+建物),3房2廳2衛,0,住家用,121.4976387,25.0390718,萬華區
臺北市萬華區西園路一段３４巷１６號五樓之１,111/04/10,800,38.9,20.57,公寓(5樓含以下無電梯),44,五層/五層,房地(土地+建物),2房2廳1衛,0,住家用,121.4994983,25.0406461,萬華區
臺北市萬華區和平西路三段３８２巷１２弄５０號,111/04/10,930,59.9,15.53,公寓(5樓含以下無電梯),46,一層/五層,房地(土地+建物),3房1廳1衛,0,住家用,121.490409,25.0347069,萬華區
臺北市萬華區青年路６８巷２號,111/04/10,1350,84.7,15.94,公寓(5樓含以下無電梯),47,"一層,騎樓/五層",房地(土地+建物),2房2廳1衛,0,住家用,121.502358,25.0234156,萬華區
臺北市萬華區萬大路９０巷７號三樓之７,111/04/09,1975,62,34.04,華廈(10層含以下有電梯),13,三層/十層,房地(土地+建物)+車位,2房2廳1衛,250,住家用,121.4997477,25.0302648,萬華區
臺北市萬華區西園路二段２６１巷２０弄１０號三樓,111/04/09,1062,39.9,26.6,公寓(5樓含以下無電梯),50,三層/四層,房地(土地+建物),3房2廳1衛,0,住家用,121.4929436,25.0249247,萬華區
臺北市萬華區康定路１０５號三樓之１,111/04/08,1064,65.5,16.24,住宅大樓(11層含以上有電梯),6,三層/二十六層,房地(土地+建物),1房1廳1衛,0,住家用,121.502326,25.03923,萬華區
臺北市萬華區環河南路二段３１號二十樓,111/04/07,1840,71,28.89,住宅大樓(11層含以上有電梯),2,二十層/二十四層,房地(土地+建物)+車位,2房2廳1衛,216,住家用,121.4976359,25.0390048,萬華區
臺北市萬華區大理街３０號五樓之１,111/04/05,1410,70.8,19.91,住宅大樓(11層含以上有電梯),6,五層/十四層,房地(土地+建物),1房2廳1衛,0,住家用,121.5016021,25.0345587,萬華區
臺北市萬華區環河南路一段１３９號三樓,111/04/04,920,39.2,23.49,公寓(5樓含以下無電梯),47,三層/四層,房地(土地+建物),0房1廳1衛,0,住家用,121.5005922,25.0423928,萬華區
臺北市萬華區成都路１０６號七樓之７,111/04/04,1080,66.7,16.18,住宅大樓(11層含以上有電梯),14,七層/十四層,房地(土地+建物),2房1廳1衛,0,住家用,121.502096,25.0435909,萬華區
臺北市萬華區南寧路７０號七樓之１,111/04/04,1520,52.2,29.14,住宅大樓(11層含以上有電梯),33,七層/十二層,房地(土地+建物),3房2廳2衛,0,住家用,121.5038627,25.0351605,萬華區
臺北市萬華區萬大路１８７巷１弄３４號四樓,111/04/04,556,50,11.12,公寓(5樓含以下無電梯),47,四層/五層,房地(土地+建物),1房0廳1衛,0,住家用,121.5016818,25.0284433,萬華區
臺北市萬華區德昌街１３１號九樓之３,111/04/03,4000,58.4,68.45,住宅大樓(11層含以上有電梯),11,九層/二十三層,房地(土地+建物)+車位,2房2廳2衛,0,住家用,121.4966215,25.023579,萬華區
臺北市萬華區環河南路二段２５號二十二樓,111/04/02,2218,73,33.4,住宅大樓(11層含以上有電梯),2,二十二層/二十四層,房地(土地+建物)+車位,2房2廳1衛,220,住家用,121.4976442,25.0390819,萬華區
臺北市萬華區長沙街二段１５１號十樓,111/04/02,2370,54.8,43.28,住宅大樓(11層含以上有電梯),31,十層/十一層,房地(土地+建物),3房2廳2衛,0,住家用,121.50268,25.0406356,萬華區
臺北市萬華區中華路一段１７０號七樓之３,111/04/02,1800,80.4,29.7,住宅大樓(11層含以上有電梯),16,七層/十四層,房地(土地+建物)+車位,2房2廳1衛,200,住家用,121.5075464,25.0410877,萬華區
臺北市萬華區長泰街７７號二樓,111/04/02,1288,40.4,31.87,公寓(5樓含以下無電梯),46,二層/五層,房地(土地+建物),3房2廳1衛,0,住家用,121.4996841,25.0226369,萬華區
臺北市萬華區康定路６０號十二樓之２,111/04/02,5532,55,100.58,住宅大樓(11層含以上有電梯),11,十二層/十五層,房地(土地+建物)+車位,5房2廳3衛,0,住家用,121.5022114,25.0425399,萬華區
臺北市萬華區昆明街４６號八樓之３０,111/04/01,610,62,9.84,華廈(10層含以下有電梯),34,八層/八層,房地(土地+建物),1房0廳1衛,0,住家用,121.505607,25.0463964,萬華區
臺北市萬華區西藏路２６５號,111/04/01,2300,86.2,26.67,公寓(5樓含以下無電梯),46,"一層,騎樓/四層",房地(土地+建物),1房1廳1衛,0,住家用,121.4935603,25.0284374,萬華區
臺北市萬華區中華路二段６６６之８號六樓之３,111/04/01,3120,59.5,52.42,住宅大樓(11層含以上有電梯),33,六層/十四層,房地(土地+建物),4房2廳2衛,0,住家用,121.5111646,25.0241452,萬華區
臺北市萬華區康定路１０５號四樓之１２,111/04/01,950,70.3,13.52,住宅大樓(11層含以上有電梯),6,四層/二十六層,房地(土地+建物),1房1廳1衛,0,住家用,121.502326,25.03923,萬華區
臺北市萬華區漢口街二段２７號三樓之３,111/04/01,2550,71.4,35.73,住宅大樓(11層含以上有電梯),10,三層/十四層,房地(土地+建物)+車位,2房1廳1衛,0,住家用,121.5076765,25.0455864,萬華區
臺北市萬華區大理街１７０巷１弄６號六樓,111/04/01,410,66,6.21,華廈(10層含以下有電梯),40,六層/七層,房地(土地+建物),2房1廳1衛,0,住家用,121.4936294,25.0337934,萬華區
臺北市萬華區武成街７號三樓,111/03/31,525,36.4,14.43,公寓(5樓含以下無電梯),53,三層/三層,房地(土地+建物),3房2廳2衛,0,住家用,121.4959663,25.0181502,萬華區
臺北市萬華區桂林路１２８號五樓之５,111/03/31,1755,55.5,31.61,住宅大樓(11層含以上有電梯),6,五層/二十一層,房地(土地+建物)+車位,2房2廳1衛,0,住家用,121.4990209,25.0383801,萬華區
臺北市萬華區漢口街二段５１號九樓之７,111/03/31,1000,67.3,14.86,住宅大樓(11層含以上有電梯),10,九層/十五層,房地(土地+建物),1房1廳1衛,0,住家用,121.5064086,25.0458997,萬華區
臺北市萬華區富民路１４５巷１１號二樓,111/03/30,870,33.4,26.01,公寓(5樓含以下無電梯),48,二層/四層,房地(土地+建物),3房1廳1衛,0,住家用,121.500168,25.0184259,萬華區
臺北市萬華區西園路二段２８１巷６弄５９號,111/03/29,1730,0,21.32,透天厝,54,全/二層,房地(土地+建物),4房1廳4衛,0,住家用,121.491455,25.023985,萬華區
臺北市萬華區西園路二段３７２巷３３號四樓,111/03/29,500,32.6,15.33,公寓(5樓含以下無電梯),46,四層/五層,房地(土地+建物),2房1廳1衛,0,住家用,121.4904879,25.0266174,萬華區
臺北市萬華區長泰街２０７號二樓,111/03/29,421,22.7,18.51,公寓(5樓含以下無電梯),53,二層/四層,房地(土地+建物),4房2廳1衛,0,住家用,121.4955004,25.0216158,萬華區
臺北市萬華區桂林路２４６巷６０號,111/03/27,1630,55,29.63,公寓(5樓含以下無電梯),53,一層/四層,房地(土地+建物),0房1廳1衛,0,住家用,121.4922013,25.0365381,萬華區
臺北市萬華區和平西路三段３８２巷２弄２５號四樓,111/03/27,935,48.1,19.43,公寓(5樓含以下無電梯),46,四層/四層,房地(土地+建物),1房2廳2衛,0,住家用,121.4906784,25.034885,萬華區
臺北市萬華區東園街７３巷４０弄１４號四樓,111/03/27,1610,44.3,36.34,公寓(5樓含以下無電梯),44,四層/四層,房地(土地+建物),4房1廳2衛,0,住家用,121.497444,25.0259715,萬華區
臺北市萬華區萬大路３４４巷３８號七樓之１,111/03/26,3650,64.4,81.12,住宅大樓(11層含以上有電梯),7,七層/二十六層,房地(土地+建物)+車位,3房2廳2衛,690,住家用,121.498431,25.0240402,萬華區
臺北市萬華區和平西路三段８５號十樓,111/03/26,1260,63.5,19.84,住宅大樓(11層含以上有電梯),11,十層/十三層,房地(土地+建物),1房1廳1衛,0,住家用,121.5015906,25.0353965,萬華區
臺北市萬華區寶興街１７４號三樓,111/03/25,550,24.8,22.19,公寓(5樓含以下無電梯),45,三層/五層,房地(土地+建物),2房2廳2衛,0,住家用,121.4951512,25.0239886,萬華區
臺北市萬華區康定路２５巷２號十樓之１,111/03/25,1330,56.9,23.36,住宅大樓(11層含以上有電梯),37,十層/十一層,房地(土地+建物),2房2廳1衛,0,住家用,121.5030962,25.0439127,萬華區
臺北市萬華區萬大路９０巷７號三樓之５,111/03/25,2600,54.9,71.57,華廈(10層含以下有電梯),13,三層/十層,房地(土地+建物)+車位,2房2廳1衛,"1,088",住家用,121.4997477,25.0302648,萬華區
臺北市萬華區萬大路１３８號四樓之１,111/03/24,2100,50.6,41.49,華廈(10層含以下有電梯),41,四層/七層,房地(土地+建物),6房0廳6衛,0,住家用,121.5003502,25.0290719,萬華區
臺北市萬華區西園路一段３４巷３２號四樓,111/03/24,1030,44.8,22.97,公寓(5樓含以下無電梯),50,四層/四層,房地(土地+建物),2房1廳1衛,0,住家用,121.4990948,25.040671,萬華區
臺北市萬華區和平西路三段１８７之５號五樓,111/03/24,1220,39.5,30.9,公寓(5樓含以下無電梯),41,五層/五層,房地(土地+建物),4房0廳4衛,0,住家用,121.4977997,25.0354679,萬華區
臺北市萬華區萬大路４２３巷１０１弄３號二樓,111/03/24,303.2,23.4,12.97,公寓(5樓含以下無電梯),47,二層/五層,房地(土地+建物),2房1廳1衛,0,住家用,121.501872,25.022471,萬華區
臺北市萬華區西園路二段１４０巷７３號四樓,111/03/23,800,34.9,22.9,公寓(5樓含以下無電梯),52,四層/四層,房地(土地+建物),6房3廳2衛,0,住家用,121.4953832,25.0314632,萬華區
臺北市萬華區環河南路二段２５號十三樓,111/03/23,2030,60.8,33.4,住宅大樓(11層含以上有電梯),2,十三層/二十四層,房地(土地+建物)+車位,1房2廳1衛,0,住家用,121.4976442,25.0390819,萬華區
臺北市萬華區中華路一段１７０號十三樓之２,111/03/23,3172,74.1,42.82,住宅大樓(11層含以上有電梯),16,十三層/十四層,房地(土地+建物)+車位,3房2廳2衛,0,住家用,121.5075052,25.0410081,萬華區
臺北市萬華區中華路二段４１６巷８０號五樓,111/03/23,3380,61.5,54.96,住宅大樓(11層含以上有電梯),10,五層/十四層,房地(土地+建物)+車位,3房2廳2衛,0,住家用,121.503495,25.027004,萬華區
臺北市萬華區環河南路二段２００號三樓,111/03/22,1536,38.1,40.35,華廈(10層含以下有電梯),39,三層/七層,房地(土地+建物),5房2廳2衛,0,住家用,121.4930107,25.0341432,萬華區
臺北市萬華區青年路１０６巷３０弄４號四樓,111/03/22,500,53,9.43,公寓(5樓含以下無電梯),47,四層/五層,房地(土地+建物),2房1廳1衛,0,住家用,121.5018563,25.0230196,萬華區
臺北市萬華區峨眉街１２２號四樓之９,111/03/21,820,50.4,16.27,華廈(10層含以下有電梯),45,四層/九層,房地(土地+建物),2房1廳1衛,0,住家用,121.502306,25.044526,萬華區
臺北市萬華區和平西路三段３８４號三樓之１０,111/03/21,460,38.6,11.91,華廈(10層含以下有電梯),41,三層/八層,房地(土地+建物),1房1廳1衛,0,住家用,121.4913711,25.0353259,萬華區
臺北市萬華區東園街２８巷２７號二樓,111/03/21,1020,39.1,26.11,公寓(5樓含以下無電梯),37,二層/五層,房地(土地+建物),3房1廳2衛,0,住家用,121.4948524,25.02641,萬華區
臺北市萬華區康定路１０３號十五樓之６,111/03/20,1380,69.8,25.96,住宅大樓(11層含以上有電梯),6,十五層/二十六層,房地(土地+建物)+車位,1房1廳1衛,280,住家用,121.5021082,25.0394235,萬華區
臺北市萬華區康定路１０３號二十二樓之１０,111/03/20,1062,67.4,15.76,住宅大樓(11層含以上有電梯),6,二十二層/二十六層,房地(土地+建物),1房1廳1衛,0,住家用,121.5021082,25.0394235,萬華區
臺北市萬華區環河南路二段２１號十九樓,111/03/20,1930,70.5,27.37,住宅大樓(11層含以上有電梯),2,十九層/二十四層,房地(土地+建物),2房2廳1衛,0,住家用,121.497709,25.039194,萬華區
臺北市萬華區長順街１２３巷２３號五樓,111/03/19,1250,34.9,35.81,公寓(5樓含以下無電梯),38,五層/五層,房地(土地+建物),3房2廳2衛,0,住家用,121.4893797,25.033217,萬華區
臺北市萬華區和平西路三段８５號六樓,111/03/18,1170,59,19.84,住宅大樓(11層含以上有電梯),11,六層/十三層,房地(土地+建物),1房1廳1衛,0,住家用,121.5015906,25.0353965,萬華區
臺北市萬華區華西街４７號六樓,111/03/18,1070,39.9,26.81,華廈(10層含以下有電梯),40,六層/七層,房地(土地+建物),4房0廳4衛,0,住家用,121.498413,25.0375211,萬華區
臺北市萬華區環河南路三段１３５號八樓,111/03/18,3400,51.8,69.96,住宅大樓(11層含以上有電梯),6,八層/十三層,房地(土地+建物)+車位,3房2廳3衛,200,住家用,121.491388,25.023625,萬華區
臺北市萬華區西園路一段１３６巷１６弄４號八樓,111/03/18,1063,52.3,20.32,住宅大樓(11層含以上有電梯),32,八層/十二層,房地(土地+建物),2房1廳1衛,0,住家用,121.4991306,25.0377433,萬華區
臺北市萬華區康定路１０３號十九樓之１,111/03/18,1320,67.8,26.43,住宅大樓(11層含以上有電梯),6,十九層/二十六層,房地(土地+建物)+車位,1房1廳1衛,220,住家用,121.5021082,25.0394235,萬華區
臺北市萬華區中華路一段１８２號九樓,111/03/18,5350,62.2,85.95,住宅大樓(11層含以上有電梯),11,九層/十五層,房地(土地+建物)+車位,3房2廳2衛,0,住家用,121.5067135,25.0390206,萬華區
臺北市萬華區成都路１０５巷４號二樓,111/03/17,828,54.3,15.26,公寓(5樓含以下無電梯),53,二層/四層,房地(土地+建物),1房1廳1衛,0,住家用,121.504291,25.043528,萬華區
臺北市萬華區國興路１巷３號十樓之４,111/03/17,1680,55.6,30.22,住宅大樓(11層含以上有電梯),40,十層/十二層,房地(土地+建物),3房2廳1衛,0,住家用,121.5091398,25.0244029,萬華區
臺北市萬華區國興路１０號十樓,111/03/17,260,18.7,13.94,住宅大樓(11層含以上有電梯),43,十層/十二層,房地(土地+建物),2房1廳1衛,0,住家用,121.5086936,25.0247263,萬華區
臺北市萬華區成都路１０２號二十樓之１,111/03/17,1750,74.8,30.03,住宅大樓(11層含以上有電梯),5,二十層/二十二層,房地(土地+建物)+車位,1房1廳1衛,300,住家用,121.5022943,25.0434622,萬華區
臺北市萬華區艋舺大道２７５巷２２號九樓,111/03/16,4230,59.1,92.93,住宅大樓(11層含以上有電梯),3,九層/十五層,房地(土地+建物)+車位,3房2廳2衛,630,住家用,121.4974672,25.0335771,萬華區
臺北市萬華區艋舺大道２７５巷２２號三樓,111/03/16,3600,55.1,72.91,住宅大樓(11層含以上有電梯),3,三層/十五層,房地(土地+建物)+車位,3房2廳2衛,170,住家用,121.4974672,25.0335771,萬華區
臺北市萬華區康定路１０５號二十一樓之１１,111/03/16,1000,63.4,15.76,住宅大樓(11層含以上有電梯),6,二十一層/二十六層,房地(土地+建物),1房1廳1衛,0,住家用,121.502326,25.03923,萬華區
臺北市萬華區西園路二段１４０巷２２弄３８號三樓,111/03/16,1085,46.3,23.43,公寓(5樓含以下無電梯),47,三層/四層,房地(土地+建物),2房1廳1衛,0,住家用,121.4952127,25.0294049,萬華區
臺北市萬華區東園街７３巷４２號四樓,111/03/16,870,38.9,22.36,公寓(5樓含以下無電梯),45,四層/五層,房地(土地+建物),2房1廳1衛,0,住家用,121.4977642,25.0263397,萬華區
臺北市萬華區漢口街二段５１號十一樓之３,111/03/15,1100,53.6,20.52,住宅大樓(11層含以上有電梯),10,十一層/十五層,房地(土地+建物)+車位,1房1廳1衛,0,住家用,121.5064086,25.0458997,萬華區
臺北市萬華區萬大路４９３巷６０號二樓,111/03/15,1500,48.6,30.89,公寓(5樓含以下無電梯),48,二層/四層,房地(土地+建物),3房1廳1衛,0,住家用,121.4998642,25.0201776,萬華區
臺北市萬華區貴陽街二段５號十一樓之２,111/03/15,1508,64.2,23.47,住宅大樓(11層含以上有電梯),3,十一層/十三層,房地(土地+建物)+車位,2房1廳1衛,0,住家用,121.506366,25.0394966,萬華區
臺北市萬華區西藏路１１３號八樓,111/03/15,3960,61.6,64.26,住宅大樓(11層含以上有電梯),11,八層/十五層,房地(土地+建物)+車位,4房2廳2衛,0,住家用,121.5030185,25.029609,萬華區
臺北市萬華區長沙街二段６１號九樓,111/03/14,2330,59.3,41.52,住宅大樓(11層含以上有電梯),10,九層/十五層,房地(土地+建物)+車位,4房1廳2衛,150,住家用,121.5054609,25.0406829,萬華區
臺北市萬華區武成街１０４巷１９號,111/03/14,580,0,8.24,透天厝,58,全/二層,房地(土地+建物),1房1廳1衛,0,住家用,121.4944155,25.0203668,萬華區
臺北市萬華區中華路一段１６０號三樓,111/03/14,4240,76,68.19,住宅大樓(11層含以上有電梯),9,三層/十五層,房地(土地+建物)+車位,3房2廳2衛,600,住家用,121.5077808,25.0418646,萬華區
臺北市萬華區中華路一段１６０號九樓之１,111/03/14,3538,91.1,45.7,住宅大樓(11層含以上有電梯),9,九層/十五層,房地(土地+建物)+車位,2房2廳2衛,300,住家用,121.5077808,25.0418646,萬華區
臺北市萬華區西寧南路２２５號二樓,111/03/14,1680,48.3,34.76,公寓(5樓含以下無電梯),44,二層/五層,房地(土地+建物),4房2廳2衛,0,住家用,121.506164,25.0404938,萬華區
臺北市萬華區大理街１０５號五樓之１,111/03/13,2050,71.9,28.51,住宅大樓(11層含以上有電梯),15,五層/十二層,房地(土地+建物),2房2廳1衛,0,住家用,121.4980356,25.0343968,萬華區
臺北市萬華區環河南路二段２３號二十樓,111/03/13,1957,71.5,27.37,住宅大樓(11層含以上有電梯),2,二十層/二十四層,房地(土地+建物),2房2廳1衛,0,住家用,121.4976439,25.0390819,萬華區
臺北市萬華區西園路二段１４０巷１２號三樓,111/03/13,1155,48.1,23.99,公寓(5樓含以下無電梯),44,三層/四層,房地(土地+建物),3房1廳1衛,0,住家用,121.495866,25.030545,萬華區
臺北市萬華區國興路１巷８號七樓之３,111/03/13,900,64.3,14,住宅大樓(11層含以上有電梯),40,七層/十二層,房地(土地+建物),2房1廳1衛,0,住家用,121.5085539,25.0236172,萬華區
臺北市萬華區西園路二段３２０巷３６弄３４號二樓,111/03/12,510,55.8,9.14,公寓(5樓含以下無電梯),50,二層/五層,房地(土地+建物),2房0廳2衛,0,住家用,121.4910637,25.0274195,萬華區
臺北市萬華區德昌街２６１巷２２號四樓,111/03/12,1130,44.8,25.23,公寓(5樓含以下無電梯),41,四層/五層,房地(土地+建物),2房2廳1衛,0,住家用,121.492244,25.0222583,萬華區
臺北市萬華區環河南路二段２７號二十樓,111/03/12,3348,72,55.4,住宅大樓(11層含以上有電梯),2,二十層/二十四層,房地(土地+建物)+車位,3房2廳2衛,227,住家用,121.4976387,25.0390718,萬華區
臺北市萬華區中華路二段５１０號十一樓,111/03/11,947,52.3,18.1,住宅大樓(11層含以上有電梯),43,十一層/十二層,房地(土地+建物),2房2廳1衛,0,住家用,121.507971,25.025725,萬華區
臺北市萬華區萬大路５３４巷２８號二樓,111/03/11,900,44.5,20.24,公寓(5樓含以下無電梯),58,二層/二層,房地(土地+建物),2房1廳1衛,0,住家用,121.4958793,25.0191576,萬華區
臺北市萬華區環河南路二段２５號十七樓,111/03/11,2200,55.8,39.43,住宅大樓(11層含以上有電梯),2,十七層/二十四層,房地(土地+建物)+車位,1房2廳1衛,0,住家用,121.4976442,25.0390819,萬華區
臺北市萬華區寶興街２２２號,111/03/11,4300,0,79.98,透天厝,10,全/五層,房地(土地+建物),7房0廳7衛,0,住家用,121.4957236,25.0221677,萬華區
臺北市萬華區國興路５８號十樓,111/03/10,1188,65.6,18.1,住宅大樓(11層含以上有電梯),43,十層/十二層,房地(土地+建物),2房2廳1衛,0,住家用,121.5071442,25.0257969,萬華區
臺北市萬華區中華路二段１３０巷４８號三樓,111/03/10,818,51.4,15.92,公寓(5樓含以下無電梯),52,三層/四層,房地(土地+建物),1房2廳1衛,0,住家用,121.5028403,25.0307824,萬華區
臺北市萬華區西藏路２６１號二樓,111/03/10,1060,33.5,31.66,公寓(5樓含以下無電梯),44,二層/四層,房地(土地+建物),3房1廳1衛,0,住家用,121.4937549,25.0284561,萬華區
臺北市萬華區康定路６０號八樓,111/03/09,3250,67.7,51.56,住宅大樓(11層含以上有電梯),11,八層/十五層,房地(土地+建物)+車位,2房2廳2衛,250,住家用,121.5022114,25.0425399,萬華區
臺北市萬華區長順街２１號五樓,111/03/07,1960,43,45.58,華廈(10層含以下有電梯),37,五層/七層,房地(土地+建物),3房2廳2衛,0,住家用,121.4922969,25.0306493,萬華區
臺北市萬華區西昌街１４９號六樓之１２,111/03/07,135,25.4,5.31,套房(1房(1廳)1衛),41,六層/七層,房地(土地+建物),1房1廳1衛,0,住家用,121.5007659,25.0395131,萬華區
臺北市萬華區西園路二段３７２巷１０１弄２３號三樓,111/03/06,330,36.3,9.09,公寓(5樓含以下無電梯),51,三層/五層,房地(土地+建物),1房2廳1衛,0,住家用,121.4900434,25.0275443,萬華區
臺北市萬華區環河南路二段２５０巷３３弄７號十三樓,111/03/06,1472,39.9,36.9,住宅大樓(11層含以上有電梯),34,十三層/十六層,房地(土地+建物),3房2廳2衛,0,住家用,121.4898,25.0336889,萬華區
臺北市萬華區成都路１０２號十九樓之３,111/03/06,4268,64.3,66.41,住宅大樓(11層含以上有電梯),5,十九層/二十二層,房地(土地+建物),3房2廳2衛,0,住家用,121.5022943,25.0434622,萬華區
臺北市萬華區德昌街１８５巷１２弄１０號,111/03/06,3001,0,69.55,透天厝,54,全/三層,房地(土地+建物),7房2廳7衛,0,住家用,121.4939711,25.0231929,萬華區
臺北市萬華區萬大路６２８號十四樓之３,111/03/05,1550,38.5,40.29,住宅大樓(11層含以上有電梯),12,十四層/十四層,房地(土地+建物)+車位,2房1廳1衛,0,住家用,121.4955842,25.0170717,萬華區
臺北市萬華區東園街６６巷２４弄１０號四樓之１,111/03/05,2115,51.8,40.82,住宅大樓(11層含以上有電梯),5,四層/十二層,房地(土地+建物),3房2廳2衛,0,住家用,121.4955213,25.0248005,萬華區
臺北市萬華區西藏路２５１巷１４號三樓,111/03/05,998,38.4,25.96,公寓(5樓含以下無電梯),47,三層/四層,房地(土地+建物),3房2廳1衛,0,住家用,121.4940915,25.0281498,萬華區
臺北市萬華區昆明街２１１號十樓,111/03/05,2850,69.8,40.84,華廈(10層含以下有電梯),31,十層/十層,房地(土地+建物),4房2廳2衛,0,住家用,121.5041103,25.0388957,萬華區
臺北市萬華區青年路６８巷３０號五樓,111/03/04,520,55.1,9.43,公寓(5樓含以下無電梯),47,五層/五層,房地(土地+建物),2房1廳1衛,0,住家用,121.5018392,25.0234573,萬華區
臺北市萬華區西園路二段２６１巷３４弄２號三樓,111/03/03,650,41.9,15.5,公寓(5樓含以下無電梯),50,三層/三層,房地(土地+建物),3房1廳1衛,0,住家用,121.4932896,25.0245312,萬華區
臺北市萬華區青年路６８巷３弄９號二樓之１,111/03/03,1756,58.5,30.03,住宅大樓(11層含以上有電梯),39,二層/十二層,房地(土地+建物),3房1廳1衛,0,住家用,121.5020766,25.0243287,萬華區
臺北市萬華區西園路一段１１５號二樓,111/03/03,2980,51,66.26,住宅大樓(11層含以上有電梯),3,二層/十二層,房地(土地+建物)+車位,4房2廳2衛,275,住家用,121.4998451,25.0381461,萬華區
臺北市萬華區環河南路二段２５號七樓,111/03/03,2100,53.3,39.43,住宅大樓(11層含以上有電梯),2,七層/二十四層,房地(土地+建物)+車位,1房2廳1衛,0,住家用,121.4976442,25.0390819,萬華區
臺北市萬華區西藏路２７１號五樓,111/03/03,2220,39.6,56.11,公寓(5樓含以下無電梯),40,五層/五層,房地(土地+建物),4房2廳2衛,0,住家用,121.4933036,25.0283858,萬華區
臺北市萬華區西園路一段８０號十二樓之２,111/03/02,2970,48.1,65.87,住宅大樓(11層含以上有電梯),14,十二層/十五層,房地(土地+建物)+車位,4房2廳2衛,220,住家用,121.4997304,25.0392181,萬華區
臺北市萬華區環河南路三段１５３號四樓,111/03/01,2100,45.7,45.96,華廈(10層含以下有電梯),39,四層/七層,房地(土地+建物),4房2廳2衛,0,住家用,121.491624,25.0231,萬華區
臺北市萬華區雙園街６０巷７４弄１２號二樓,111/03/01,200,32.1,6.22,公寓(5樓含以下無電梯),52,二層/四層,房地(土地+建物),2房1廳1衛,0,住家用,121.4923828,25.0292054,萬華區
臺北市萬華區柳州街２號十樓,111/02/28,2900,57.9,50.12,住宅大樓(11層含以上有電梯),14,十層/十二層,房地(土地+建物)+車位,3房2廳2衛,0,住家用,121.5053738,25.0393453,萬華區
臺北市萬華區康定路６０號四樓之２,111/02/28,2200,49.9,44.1,住宅大樓(11層含以上有電梯),11,四層/十五層,房地(土地+建物)+車位,2房2廳2衛,0,住家用,121.5022114,25.0425399,萬華區
臺北市萬華區環河南路一段７１號五樓之４,111/02/28,340,51.3,6.63,住宅大樓(11層含以上有電梯),44,五層/十二層,房地(土地+建物),0房0廳1衛,0,住家用,121.5019162,25.0450001,萬華區
臺北市萬華區環河南路二段１６１號五樓之１,111/02/28,740,44.7,16.57,住宅大樓(11層含以上有電梯),42,五層/十二層,房地(土地+建物),2房2廳1衛,0,住家用,121.4925718,25.0331857,萬華區
臺北市萬華區萬青街１７３號四樓,111/02/28,550,58.3,9.43,公寓(5樓含以下無電梯),47,四層/五層,房地(土地+建物),1房1廳1衛,0,住家用,121.5016253,25.0226568,萬華區
臺北市萬華區昆明街４６號六樓之４９,111/02/28,1277,55.8,22.9,華廈(10層含以下有電梯),34,六層/八層,房地(土地+建物),2房2廳1衛,0,住家用,121.505607,25.0463964,萬華區
臺北市萬華區富民路５７巷２７號,111/02/27,1620,61.9,26.17,公寓(5樓含以下無電梯),54,一層/二層,房地(土地+建物),5房0廳5衛,0,住家用,121.4981932,25.019137,萬華區
臺北市萬華區西園路二段３２０巷３６弄１１號四樓,111/02/26,489,50.2,9.74,公寓(5樓含以下無電梯),50,四層/五層,房地(土地+建物),1房2廳1衛,0,住家用,121.4913543,25.0271101,萬華區
臺北市萬華區青年路５６號十樓之１,111/02/25,870,61.3,14.18,住宅大樓(11層含以上有電梯),39,十層/十二層,房地(土地+建物),1房1廳1衛,0,住家用,121.5028982,25.0246522,萬華區
臺北市萬華區雙園街６７巷１８號,111/02/25,1458,63.7,22.9,公寓(5樓含以下無電梯),48,一層/四層,房地(土地+建物),0房2廳1衛,0,住家用,121.4947153,25.0308417,萬華區
臺北市萬華區昆明街１７６號二樓,111/02/25,1500,48.9,30.69,華廈(10層含以下有電梯),50,二層/七層,房地(土地+建物),3房2廳1衛,0,住家用,121.5045028,25.0418857,萬華區
臺北市萬華區西藏路５１２號五樓,111/02/24,1668,44.8,37.21,公寓(5樓含以下無電梯),45,五層/五層,房地(土地+建物),3房2廳2衛,0,住家用,121.4934978,25.0287798,萬華區
臺北市萬華區環河南路二段２５號二十樓,111/02/24,1950,71.2,27.37,住宅大樓(11層含以上有電梯),2,二十層/二十四層,房地(土地+建物),2房2廳1衛,0,住家用,121.4976442,25.0390819,萬華區
臺北市萬華區國興路２８號五樓,111/02/24,880,63.1,13.94,住宅大樓(11層含以上有電梯),43,五層/十二層,房地(土地+建物),1房1廳1衛,0,住家用,121.508245,25.0245519,萬華區
臺北市萬華區環河南路二段２２７號三樓,111/02/23,600,21.1,28.43,公寓(5樓含以下無電梯),46,三層/四層,房地(土地+建物),3房1廳1衛,0,住家用,121.4912501,25.0316084,萬華區
臺北市萬華區西園路二段１４７號三樓,111/02/23,3550,49.7,71.48,住宅大樓(11層含以上有電梯),10,三層/十一層,房地(土地+建物)+車位,4房2廳2衛,0,住家用,121.4961929,25.0294569,萬華區
臺北市萬華區華西街１７之４號八樓之５,111/02/23,440,40.8,10.8,華廈(10層含以下有電梯),39,八層/八層,房地(土地+建物),1房1廳1衛,0,住家用,121.4983825,25.0370335,萬華區
臺北市萬華區萬大路３４４巷３６號十一樓之１,111/02/22,1380,28.3,48.7,住宅大樓(11層含以上有電梯),7,十一層/二十六層,房地(土地+建物)+車位,4房2廳2衛,0,住家用,121.4984773,25.0239961,萬華區
臺北市萬華區長泰街１５１號四樓,111/02/22,1635,39.7,41.18,公寓(5樓含以下無電梯),44,四層/四層,房地(土地+建物),3房2廳2衛,0,住家用,121.4971925,25.0220527,萬華區
臺北市萬華區青年路３０巷４號二樓之４,111/02/22,2180,61.7,35.36,住宅大樓(11層含以上有電梯),35,二層/十二層,房地(土地+建物),4房2廳2衛,0,住家用,121.504222,25.026338,萬華區
臺北市萬華區民和街５５巷１７號二樓,111/02/22,1000,34.2,29.22,公寓(5樓含以下無電梯),44,二層/五層,房地(土地+建物),3房2廳1衛,0,住家用,121.499017,25.0252815,萬華區
臺北市萬華區漢中街１７６號十一樓之１,111/02/22,750,69.2,10.84,套房(1房(1廳)1衛),17,十一層/十三層,房地(土地+建物),1房1廳1衛,0,住家用,121.506362,25.040967,萬華區
臺北市萬華區長沙街二段１４６號十三樓之１,111/02/21,2465,78,41.46,住宅大樓(11層含以上有電梯),3,十三層/十八層,房地(土地+建物)+車位,1房2廳1衛,250,住家用,121.5013863,25.0406054,萬華區
臺北市萬華區環河南路二段１１９號三樓之２,111/02/21,1230,41.2,29.86,公寓(5樓含以下無電梯),48,三層/五層,房地(土地+建物),4房0廳4衛,0,住家用,121.4938027,25.0345917,萬華區
臺北市萬華區西園路一段３９巷４號四樓,111/02/20,1388,40.6,34.2,公寓(5樓含以下無電梯),42,四層/五層,房地(土地+建物),1房1廳1衛,0,住家用,121.5001882,25.0405116,萬華區
臺北市萬華區桂林路１４１號八樓,111/02/19,4750,60.9,88.1,住宅大樓(11層含以上有電梯),12,八層/十九層,房地(土地+建物)+車位,4房2廳2衛,300,住家用,121.4981715,25.0386189,萬華區
臺北市萬華區環河南路二段２１號十七樓,111/02/19,1880,68.7,27.37,住宅大樓(11層含以上有電梯),2,十七層/二十四層,房地(土地+建物),2房2廳1衛,0,住家用,121.497709,25.039194,萬華區
臺北市萬華區昆明街１４２號九樓,111/02/19,766,59.8,12.81,華廈(10層含以下有電梯),39,九層/九層,房地(土地+建物),1房1廳1衛,0,住家用,121.5046471,25.0426126,萬華區
臺北市萬華區康定路１０５號二十四樓之７,111/02/19,1580,73,21.64,住宅大樓(11層含以上有電梯),6,二十四層/二十六層,房地(土地+建物),2房1廳1衛,0,住家用,121.502326,25.03923,萬華區
臺北市萬華區環河南路三段３７號三樓,111/02/18,800,30.4,26.28,公寓(5樓含以下無電梯),52,三層/四層,房地(土地+建物),2房1廳1衛,0,住家用,121.4900201,25.0266416,萬華區
臺北市萬華區環河南路三段３５號三樓,111/02/18,788,30,26.28,公寓(5樓含以下無電梯),52,三層/四層,房地(土地+建物),2房1廳1衛,0,住家用,121.4900253,25.0266237,萬華區
臺北市萬華區康定路１０５號七樓之１５,111/02/17,1000,64.5,15.5,住宅大樓(11層含以上有電梯),6,七層/二十六層,房地(土地+建物),1房1廳1衛,0,住家用,121.502326,25.03923,萬華區
臺北市萬華區萬大路６１８巷５７號五樓,111/02/17,1000,42.5,23.51,公寓(5樓含以下無電梯),38,五層/五層,房地(土地+建物),3房1廳2衛,0,住家用,121.4942192,25.0181241,萬華區
臺北市萬華區環河南路二段１４８巷２０號五樓,111/02/16,1200,38.4,31.21,公寓(5樓含以下無電梯),34,五層/五層,房地(土地+建物),3房2廳2衛,0,住家用,121.4943412,25.0362966,萬華區
臺北市萬華區雙和街８０號四樓,111/02/15,700,60.3,11.62,公寓(5樓含以下無電梯),47,四層/五層,房地(土地+建物),2房1廳1衛,0,住家用,121.5014547,25.0278596,萬華區
臺北市萬華區萬大路３２９巷１之１號六樓,111/02/15,2880,58.2,58.15,華廈(10層含以下有電梯),34,六層/六層,房地(土地+建物)+車位,3房2廳2衛,250,住家用,121.5008239,25.0239232,萬華區
臺北市萬華區中華路二段４１６巷８０號十三樓之２,111/02/15,3350,60.6,55.28,住宅大樓(11層含以上有電梯),10,十三層/十四層,房地(土地+建物)+車位,3房2廳2衛,0,住家用,121.503495,25.027004,萬華區
臺北市萬華區莒光路３００巷６弄３之１號,111/02/15,1700,32.5,52.33,公寓(5樓含以下無電梯),33,一層/五層,房地(土地+建物),4房2廳2衛,0,住家用,121.4985157,25.0317285,萬華區
臺北市萬華區西昌街２０７之２號二樓,111/02/14,533,18.9,28.14,公寓(5樓含以下無電梯),42,二層/五層,房地(土地+建物),3房2廳1衛,0,住家用,121.5007217,25.03784,萬華區
臺北市萬華區青年路６８巷２２號,111/02/14,1040,80,13.01,公寓(5樓含以下無電梯),47,"一層,騎樓/五層",房地(土地+建物),1房1廳1衛,0,住家用,121.5020359,25.0235048,萬華區
臺北市萬華區萬大路８５巷２０弄１８號,111/02/14,175,63.4,2.76,公寓(5樓含以下無電梯),55,一層/三層,房地(土地+建物),3房1廳1衛,0,住家用,121.5017572,25.0299808,萬華區
臺北市萬華區開封街二段８１號十二樓之５,111/02/14,1230,51.7,23.79,住宅大樓(11層含以上有電梯),41,十二層/十二層,房地(土地+建物),3房1廳2衛,0,住家用,121.504694,25.047208,萬華區
臺北市萬華區雙園街６０巷７４弄８號,111/02/13,650,36.2,17.98,公寓(5樓含以下無電梯),52,一層/四層,房地(土地+建物),2房2廳1衛,0,住家用,121.4924546,25.0291436,萬華區
臺北市萬華區內江街４９號九樓之１,111/02/13,1404,70.1,20.02,住宅大樓(11層含以上有電梯),8,九層/十三層,房地(土地+建物),1房1廳1衛,0,住家用,121.50537,25.0416829,萬華區
臺北市萬華區富民路１１１之１號五樓,111/02/12,990,35,28.3,公寓(5樓含以下無電梯),38,五層/五層,房地(土地+建物),3房2廳1衛,0,住家用,121.4994361,25.0184085,萬華區
臺北市萬華區西園路一段８０號五樓,111/02/12,1980,60,34,住宅大樓(11層含以上有電梯),14,五層/十五層,房地(土地+建物)+車位,2房2廳1衛,150,住家用,121.4997304,25.0392181,萬華區
臺北市萬華區東園街７３巷５６弄１７號,111/02/12,1090,56.2,19.41,公寓(5樓含以下無電梯),53,一層/四層,房地(土地+建物),2房2廳1衛,0,住家用,121.4980387,25.0261902,萬華區
臺北市萬華區西寧南路１２７號九樓之１,111/02/11,2250,68.3,32.96,住宅大樓(11層含以上有電梯),10,九層/二十七層,房地(土地+建物)+車位,2房1廳1衛,0,住家用,121.5065474,25.0443822,萬華區
臺北市萬華區萬大路９０巷１２號四樓,111/02/11,800,39.9,20.03,公寓(5樓含以下無電梯),45,四層/四層,房地(土地+建物),4房2廳2衛,0,住家用,121.4997401,25.0303881,萬華區
臺北市萬華區環河南路二段２５０巷４２弄１９號五樓,111/02/09,1500,48.4,31,公寓(5樓含以下無電梯),38,五層/五層,房地(土地+建物),5房0廳5衛,0,住家用,121.4912935,25.0344486,萬華區
臺北市萬華區寶興街９３號五樓,111/02/09,1000,33.6,29.81,公寓(5樓含以下無電梯),39,五層/五層,房地(土地+建物),4房2廳2衛,0,住家用,121.4945604,25.0258462,萬華區
臺北市萬華區漢口街二段５１號九樓之５,111/02/08,1768,69.4,25.47,住宅大樓(11層含以上有電梯),10,九層/十五層,房地(土地+建物),2房1廳1衛,0,住家用,121.5064086,25.0458997,萬華區
臺北市萬華區青年路１５２巷２０號二樓之２,111/02/07,3300,51.1,64.57,住宅大樓(11層含以上有電梯),14,二層/十四層,房地(土地+建物),4房2廳2衛,0,住家用,121.5016502,25.0207244,萬華區
臺北市萬華區萬大路１８７巷２３號二樓,111/02/07,555,58.8,9.43,公寓(5樓含以下無電梯),47,二層/五層,房地(土地+建物),2房1廳1衛,0,住家用,121.5014511,25.0282364,萬華區
臺北市萬華區康定路４６巷９號三樓之５,111/02/07,625,54.3,11.52,華廈(10層含以下有電梯),50,三層/七層,房地(土地+建物),1房1廳1衛,0,住家用,121.5020196,25.0432438,萬華區
臺北市萬華區康定路１０５號二十二樓之７,111/02/06,1780,71.6,31.84,住宅大樓(11層含以上有電梯),6,二十二層/二十六層,房地(土地+建物)+車位,2房1廳1衛,230,住家用,121.502326,25.03923,萬華區
臺北市萬華區桂林路７３號十二樓,111/02/05,1460,55.6,26.24,住宅大樓(11層含以上有電梯),28,十二層/十二層,房地(土地+建物),2房2廳2衛,0,住家用,121.5021927,25.0384442,萬華區
臺北市萬華區德昌街１８５巷１２弄１號四樓,111/01/27,1218,45.4,26.81,公寓(5樓含以下無電梯),48,四層/四層,房地(土地+建物),2房2廳1衛,0,住家用,121.4943822,25.0230736,萬華區
臺北市萬華區武昌街二段１２４之２號八樓之７,111/01/26,300,28,10.71,華廈(10層含以下有電梯),47,八層/九層,房地(土地+建物),1房0廳1衛,0,住家用,121.5038373,25.0453457,萬華區
臺北市萬華區中華路二段３３２號三樓之１７,111/01/26,360,42.4,8.49,公寓(5樓含以下無電梯),53,三層/五層,房地(土地+建物),1房1廳1衛,0,住家用,121.504366,25.0294899,萬華區
臺北市萬華區環河南路二段２９號十八樓,111/01/26,1872,69,27.14,住宅大樓(11層含以上有電梯),1,十八層/二十四層,房地(土地+建物),2房2廳1衛,0,住家用,121.4976373,25.0390378,萬華區
臺北市萬華區梧州街４６巷１０弄３號二樓,111/01/26,670,27.9,23.99,華廈(10層含以下有電梯),37,二層/七層,房地(土地+建物),1房1廳1衛,0,住家用,121.4971961,25.0360389,萬華區
臺北市萬華區萬大路２７７巷４８號七樓之１,111/01/26,828,58.4,14.18,住宅大樓(11層含以上有電梯),39,七層/十二層,房地(土地+建物),1房1廳1衛,0,住家用,121.502932,25.0253803,萬華區
臺北市萬華區水源路１９５號十二樓之１,111/01/25,800,57.2,14,住宅大樓(11層含以上有電梯),40,十二層/十二層,房地(土地+建物),0房1廳1衛,0,住家用,121.5092012,25.0232486,萬華區
臺北市萬華區武昌街二段１２４之２號五樓之５,111/01/25,725,60.4,12,華廈(10層含以下有電梯),47,五層/九層,房地(土地+建物),1房1廳1衛,0,住家用,121.5038373,25.0453457,萬華區
臺北市萬華區西園路二段２２５巷８號三樓,111/01/25,1200,41.1,29.18,公寓(5樓含以下無電梯),36,三層/五層,房地(土地+建物),3房2廳2衛,0,住家用,121.4950888,25.0270368,萬華區
臺北市萬華區大埔街２２巷１２弄６之１號,111/01/25,1350,0,11.66,透天厝,104,全/一層,房地(土地+建物),3房1廳4衛,0,住家用,121.5038927,25.0321664,萬華區
臺北市萬華區環河南路二段１７５巷１號六樓,111/01/24,1190,49.8,23.91,住宅大樓(11層含以上有電梯),42,六層/十二層,房地(土地+建物),3房2廳1衛,0,住家用,121.4926436,25.0324729,萬華區
臺北市萬華區中華路二段４１６巷１１０號八樓,111/01/23,2250,51.1,44.01,華廈(10層含以下有電梯),30,八層/十層,房地(土地+建物),3房2廳2衛,0,住家用,121.5020315,25.0268942,萬華區
臺北市萬華區康定路１０３號十樓之６,111/01/23,1066,67.6,15.77,住宅大樓(11層含以上有電梯),6,十層/二十六層,房地(土地+建物),1房1廳1衛,0,住家用,121.5021082,25.0394235,萬華區
臺北市萬華區青年路１５２巷２４號五樓之２,111/01/23,2788,52.2,53.41,住宅大樓(11層含以上有電梯),14,五層/十四層,房地(土地+建物)+車位,3房2廳2衛,0,住家用,121.501396,25.0205194,萬華區
臺北市萬華區青年路６８巷３弄９號十一樓之２,111/01/22,1920,55,34.91,住宅大樓(11層含以上有電梯),39,十一層/十二層,房地(土地+建物),3房2廳2衛,0,住家用,121.5020766,25.0243287,萬華區
臺北市萬華區中華路二段４２２號四樓之３,111/01/22,2480,54,45.89,華廈(10層含以下有電梯),31,四層/十層,房地(土地+建物),3房2廳2衛,0,住家用,121.5060378,25.0276456,萬華區
臺北市萬華區艋舺大道１８２號六樓,111/01/21,1885,65,29,華廈(10層含以下有電梯),33,六層/七層,房地(土地+建物),2房2廳2衛,0,住家用,121.5001902,25.0324044,萬華區
臺北市萬華區柳州街２號三樓之１,111/01/21,2788,54.9,50.78,住宅大樓(11層含以上有電梯),14,三層/十二層,房地(土地+建物)+車位,3房2廳2衛,0,住家用,121.5053738,25.0393453,萬華區
臺北市萬華區西藏路１２５巷１７號三樓之２,111/01/20,945,39.5,23.92,住宅大樓(11層含以上有電梯),42,三層/十二層,房地(土地+建物),3房1廳2衛,0,住家用,121.5025134,25.0281436,萬華區
臺北市萬華區三水街２２巷１號四樓,111/01/20,100,28.1,3.55,公寓(5樓含以下無電梯),48,四層/四層,房地(土地+建物),1房1廳1衛,0,住家用,121.5040437,25.0351834,萬華區
臺北市萬華區漢中街３５號八樓之５,111/01/20,842,57,14.77,華廈(10層含以下有電梯),41,八層/九層,房地(土地+建物),1房1廳1衛,0,住家用,121.5077059,25.0448572,萬華區
臺北市萬華區萬大路４２３巷５２號十二樓之２,111/01/20,3160,55.2,57.26,住宅大樓(11層含以上有電梯),14,十二層/十四層,房地(土地+建物)+車位,3房2廳2衛,0,住家用,121.500486,25.0212016,萬華區
臺北市萬華區長泰街２６０號二樓,111/01/19,974,46.9,20.77,公寓(5樓含以下無電梯),53,二層/四層,房地(土地+建物),3房2廳1衛,0,住家用,121.4944856,25.0215548,萬華區
臺北市萬華區環河南路二段２１號十八樓,111/01/19,1900,69.4,27.37,住宅大樓(11層含以上有電梯),1,十八層/二十四層,房地(土地+建物),2房2廳1衛,0,住家用,121.497709,25.039194,萬華區
臺北市萬華區西藏路１１９號十一樓,111/01/19,3610,62.8,57.52,住宅大樓(11層含以上有電梯),10,十一層/十五層,房地(土地+建物)+車位,3房2廳2衛,0,住家用,121.5026568,25.0295655,萬華區
臺北市萬華區西藏路１１５巷５弄８號三樓,111/01/19,470,60,7.83,公寓(5樓含以下無電梯),49,三層/四層,房地(土地+建物),2房2廳1衛,0,住家用,121.5033289,25.0289042,萬華區
臺北市萬華區成都路１０２號二十一樓之２,111/01/19,1012.1,52.7,19.21,住宅大樓(11層含以上有電梯),5,二十一層/二十二層,房地(土地+建物),1房1廳1衛,0,住家用,121.5022943,25.0434622,萬華區
臺北市萬華區成都路１０２號十七樓之３,111/01/19,3273.9,49.3,66.41,住宅大樓(11層含以上有電梯),5,十七層/二十二層,房地(土地+建物),3房2廳2衛,0,住家用,121.5022943,25.0434622,萬華區
臺北市萬華區康定路１０５號十五樓之１５,111/01/18,1108,71.5,15.5,住宅大樓(11層含以上有電梯),6,十五層/二十六層,房地(土地+建物),1房0廳1衛,0,住家用,121.502326,25.03923,萬華區
臺北市萬華區青年路１６８巷１８號三樓,111/01/17,540,47.1,11.46,公寓(5樓含以下無電梯),47,"三層,陽台/五層",房地(土地+建物),2房1廳1衛,0,住家用,121.5020935,25.0204132,萬華區
臺北市萬華區桂林路２４６巷６０號三樓,111/01/16,1080,36.4,29.66,公寓(5樓含以下無電梯),52,三層/四層,房地(土地+建物),3房2廳1衛,0,住家用,121.4922013,25.0365381,萬華區
臺北市萬華區成都路１３９號十樓之７,111/01/16,3135,74.7,47.38,住宅大樓(11層含以上有電梯),6,十層/十五層,房地(土地+建物)+車位,3房2廳2衛,300,住家用,121.5032058,25.0435409,萬華區
臺北市萬華區青年路３０巷８號九樓之２,111/01/15,1800,58.2,30.92,住宅大樓(11層含以上有電梯),35,九層/十二層,房地(土地+建物),3房2廳2衛,0,住家用,121.503793,25.026352,萬華區
臺北市萬華區西藏路１２５巷１３號四樓,111/01/15,1680,63.3,26.56,住宅大樓(11層含以上有電梯),42,四層/十二層,房地(土地+建物),3房2廳2衛,0,住家用,121.5022545,25.029392,萬華區
臺北市萬華區西藏路１２５巷１３號四樓之１,111/01/15,1420,59.4,23.92,住宅大樓(11層含以上有電梯),42,四層/十二層,房地(土地+建物),3房2廳1衛,0,住家用,121.5024751,25.0284807,萬華區
臺北市萬華區萬大路４９３巷４８弄２１號三樓,111/01/15,1300,48.7,26.69,公寓(5樓含以下無電梯),35,三層/五層,房地(土地+建物),3房2廳1衛,0,住家用,121.4994869,25.0195923,萬華區
臺北市萬華區環河南路一段７１號十一樓之２０,111/01/14,240,43,5.58,住宅大樓(11層含以上有電梯),44,十一層/十二層,房地(土地+建物),1房0廳1衛,0,住家用,121.5019162,25.0450001,萬華區
臺北市萬華區莒光路３３９號十二樓,111/01/13,5600,76.1,83.13,住宅大樓(11層含以上有電梯),4,十二層/十五層,房地(土地+建物)+車位,4房2廳2衛,550,住家用,121.4972294,25.0309226,萬華區
臺北市萬華區艋舺大道４０５巷１４號,111/01/13,825,57.3,14.4,公寓(5樓含以下無電梯),54,一層/三層,房地(土地+建物),2房2廳1衛,0,住家用,121.4927333,25.0305034,萬華區
臺北市萬華區環河南路三段１０９號六樓,111/01/12,1500,40.4,37.08,華廈(10層含以下有電梯),43,六層/七層,房地(土地+建物),3房2廳2衛,0,住家用,121.490862,25.024949,萬華區
臺北市萬華區環河南路二段２９號十七樓,111/01/12,1880,69.3,27.14,住宅大樓(11層含以上有電梯),1,十七層/二十四層,房地(土地+建物),2房2廳1衛,0,住家用,121.4976373,25.0390378,萬華區
臺北市萬華區西藏路１１５巷３弄３號二樓,111/01/11,1300,58,22.4,公寓(5樓含以下無電梯),49,二層/四層,房地(土地+建物),2房2廳1衛,0,住家用,121.5032037,25.0290632,萬華區
臺北市萬華區中華路一段１６０號十四樓,111/01/11,4100,79.3,58.05,住宅大樓(11層含以上有電梯),9,十四層/十五層,房地(土地+建物)+車位,2房2廳2衛,300,住家用,121.5077808,25.0418646,萬華區
臺北市萬華區西園路二段１６２號二樓,111/01/10,1500,44.2,33.96,住宅大樓(11層含以上有電梯),36,二層/十二層,房地(土地+建物),3房2廳2衛,0,住家用,121.4959793,25.0298743,萬華區
臺北市萬華區長沙街二段８９號十二樓之１,111/01/10,1250,58.3,21.45,住宅大樓(11層含以上有電梯),24,十二層/二十二層,房地(土地+建物),2房1廳1衛,0,住家用,121.5048033,25.0406039,萬華區
臺北市萬華區民和街１５９號二樓,111/01/10,540,19.6,27.52,公寓(5樓含以下無電梯),45,二層/四層,房地(土地+建物),3房1廳1衛,0,住家用,121.495478,25.0243322,萬華區
臺北市萬華區青年路６２號四樓之１,111/01/10,1438,48.1,29.87,住宅大樓(11層含以上有電梯),39,四層/十二層,房地(土地+建物),3房2廳2衛,0,住家用,121.502271,25.024645,萬華區
臺北市萬華區萬大路４８６巷３７弄１０號三樓,111/01/09,670,49.7,13.47,公寓(5樓含以下無電梯),53,三層/四層,房地(土地+建物),3房2廳1衛,0,住家用,121.496111,25.019863,萬華區
臺北市萬華區萬大路９０巷２２號四樓之１,111/01/09,2566,61.8,44.12,華廈(10層含以下有電梯),12,四層/九層,房地(土地+建物)+車位,3房2廳2衛,200,住家用,121.4994446,25.0304115,萬華區
臺北市萬華區莒光路１９５號二樓,111/01/09,2372,63.8,37.16,華廈(10層含以下有電梯),36,二層/七層,房地(土地+建物),3房2廳2衛,0,住家用,121.5019189,25.0310473,萬華區
臺北市萬華區康定路１０５號十八樓之１５,111/01/09,1030,66.5,15.5,住宅大樓(11層含以上有電梯),6,十八層/二十六層,房地(土地+建物),1房1廳1衛,0,住家用,121.502326,25.03923,萬華區
臺北市萬華區桂林路２４２巷４號七樓之１,111/01/08,1700,45.1,37.66,華廈(10層含以下有電梯),39,七層/七層,房地(土地+建物),3房1廳3衛,0,住家用,121.4954511,25.0381746,萬華區
臺北市萬華區富民路１１５號四樓之３,111/01/08,1360,46.5,29.26,華廈(10層含以下有電梯),39,四層/七層,房地(土地+建物),3房2廳2衛,0,住家用,121.4995672,25.0183512,萬華區
臺北市萬華區康定路１１６號七樓,111/01/08,1900,44.5,42.74,住宅大樓(11層含以上有電梯),39,七層/十一層,房地(土地+建物),3房2廳2衛,0,住家用,121.5020392,25.0409821,萬華區
臺北市萬華區環河南路二段１２１號二樓,111/01/08,700,35.8,19.57,公寓(5樓含以下無電梯),48,"二層,走廊/五層",房地(土地+建物),2房1廳1衛,0,住家用,121.493802,25.034554,萬華區
臺北市萬華區環河南路二段１５號二十二樓,111/01/08,2176,72.9,32.72,住宅大樓(11層含以上有電梯),1,二十二層/二十四層,房地(土地+建物)+車位,2房2廳1衛,230,住家用,121.497792,25.039317,萬華區
臺北市萬華區中華路二段４１６巷８２號二樓之３,111/01/08,3250,59.1,54.96,住宅大樓(11層含以上有電梯),10,二層/十四層,房地(土地+建物)+車位,3房2廳2衛,0,住家用,121.5034408,25.0270513,萬華區
臺北市萬華區艋舺大道８６巷１２號三樓之１,111/01/07,1000,52,19.24,華廈(10層含以下有電梯),30,三層/七層,房地(土地+建物),2房1廳1衛,0,住家用,121.5030793,25.0330354,萬華區
臺北市萬華區東園街６６巷２４弄８號二樓,111/01/07,2650,48.4,54.7,住宅大樓(11層含以上有電梯),5,二層/十二層,房地(土地+建物)+車位,3房2廳2衛,0,住家用,121.495443,25.0247928,萬華區
臺北市萬華區東園街２８巷５０號五樓之８,111/01/05,418,39.8,10.51,華廈(10層含以下有電梯),29,五層/六層,房地(土地+建物),1房1廳1衛,0,住家用,121.4945799,25.0263352,萬華區
臺北市萬華區武成街３１號,111/01/05,1200,62.9,19.08,公寓(5樓含以下無電梯),52,一層/四層,房地(土地+建物),1房1廳1衛,0,住家用,121.4954235,25.0184293,萬華區
臺北市萬華區中華路二段４１６巷１９之１號,111/01/04,1600,54.1,29.55,住宅大樓(11層含以上有電梯),35,一層/十二層,房地(土地+建物),3房2廳2衛,0,住家用,121.503621,25.02655,萬華區
臺北市萬華區內江街５１號七樓之３,111/01/04,455,59.3,7.67,華廈(10層含以下有電梯),40,七層/八層,房地(土地+建物),1房0廳1衛,0,住家用,121.5053479,25.0416691,萬華區
臺北市萬華區東園街４６巷７之１號三樓,111/01/04,1000,35,28.57,公寓(5樓含以下無電梯),48,三層/四層,房地(土地+建物),3房2廳2衛,0,住家用,121.4957378,25.0267021,萬華區
臺北市萬華區艋舺大道３８８巷７號二樓,111/01/03,900,37.9,23.73,公寓(5樓含以下無電梯),50,"二層,騎樓/四層",房地(土地+建物),3房2廳1衛,0,住家用,121.4944022,25.0308096,萬華區
臺北市萬華區環河南路二段１５８巷３號,111/01/03,1100,46.1,23.86,公寓(5樓含以下無電梯),38,一層/五層,房地(土地+建物),2房2廳1衛,0,住家用,121.4939486,25.0358642,萬華區
臺北市萬華區寶興街８０巷１７弄１號二樓,111/01/03,1170,48.9,23.92,公寓(5樓含以下無電梯),49,二層/四層,房地(土地+建物),3房2廳2衛,0,住家用,121.494163,25.0256509,萬華區
臺北市萬華區萬大路１４７號四樓,111/01/03,525,55.3,9.49,公寓(5樓含以下無電梯),47,四層/五層,房地(土地+建物),1房0廳1衛,0,住家用,121.5007226,25.0287363,萬華區
臺北市萬華區武成街４９號二樓,111/01/03,419.5,28,14.99,公寓(5樓含以下無電梯),56,二層/二層,房地(土地+建物),3房0廳1衛,0,住家用,121.4950823,25.0186384,萬華區
臺北市萬華區水源路２０５之２號四樓,111/01/01,2230,45.7,48.82,住宅大樓(11層含以上有電梯),24,四層/十七層,房地(土地+建物),3房2廳2衛,0,住家用,121.5031048,25.0195381,萬華區
